method,episode,seed_count,episode_reward_mean,episode_reward_std,rolling_capture_rate_mean,rolling_capture_rate_std
Independent Q-Learning,0,5,-7.599999999999999,8.473488065725958,0.0,0.0
Independent Q-Learning,1,5,2.7100000000000053,16.648438365204104,0.1,0.223606797749979
Independent Q-Learning,2,5,-4.199999999999995,5.167204273105527,0.06666666666666667,0.14907119849998599
Independent Q-Learning,3,5,-4.799999999999994,2.48997991959775,0.05,0.1118033988749895
Independent Q-Learning,4,5,1.8500000000000056,14.705016150960185,0.08,0.10954451150103323
Independent Q-Learning,5,5,-9.000000000000004,7.176350047203661,0.06666666666666667,0.09128709291752768
Independent Q-Learning,6,5,-3.5400000000000107,14.995265919616115,0.08571428571428572,0.07824607964359516
Independent Q-Learning,7,5,-2.3999999999999946,3.361547262794326,0.075,0.06846531968814577
Independent Q-Learning,8,5,-1.20000000000001,8.105553651663758,0.06666666666666667,0.06085806194501846
Independent Q-Learning,9,5,1.5000000000000049,15.206906325745546,0.08,0.08366600265340757
Independent Q-Learning,10,5,-0.16000000000001063,15.634193295466199,0.09090909090909091,0.0642824346533225
Independent Q-Learning,11,5,-2.4299999999999997,12.735756750189605,0.1,0.06972166887783963
Independent Q-Learning,12,5,-4.4,8.820430828479987,0.09230769230769231,0.06435846357954428
Independent Q-Learning,13,5,-6.799999999999995,6.016643582596537,0.08571428571428572,0.059761430466719674
Independent Q-Learning,14,5,-1.1999999999999944,4.868264577855234,0.08,0.0557773351022717
Independent Q-Learning,15,5,-10.000000000000005,6.123724356957957,0.075,0.05229125165837972
Independent Q-Learning,16,5,-3.0000000000000027,6.892024376045124,0.07058823529411765,0.04921529567847503
Independent Q-Learning,17,5,-11.00000000000002,3.807886552931969,0.06666666666666667,0.046481112585226414
Independent Q-Learning,18,5,-1.599999999999995,3.2863353450310067,0.06315789473684211,0.04403473823863555
Independent Q-Learning,19,5,-4.800000000000017,4.494441010848861,0.06000000000000001,0.04183300132670378
Independent Q-Learning,20,5,2.8099999999999965,17.71878946203719,0.06666666666666667,0.02608202654786505
Independent Q-Learning,21,5,-6.199999999999993,4.147288270665547,0.06363636363636363,0.02489647988659846
Independent Q-Learning,22,5,-3.760000000000005,15.468936615035956,0.06956521739130435,0.038888138739126776
Independent Q-Learning,23,5,-0.9700000000000027,16.661467522400304,0.075,0.05432668671002207
Independent Q-Learning,24,5,-2.5999999999999988,3.781534080237814,0.072,0.052153619241621194
Independent Q-Learning,25,5,-2.9999999999999933,6.892024376045119,0.06923076923076923,0.05014771080925115
Independent Q-Learning,26,5,-0.14000000000000287,19.14936030263152,0.07407407407407407,0.05237828008789241
Independent Q-Learning,27,5,-7.8,5.403702434442539,0.07142857142857142,0.050507627227610534
Independent Q-Learning,28,5,-7.6,11.545561917897285,0.06896551724137931,0.04876598490941707
Independent Q-Learning,29,5,-1.399999999999997,7.300684899377598,0.06666666666666667,0.04714045207910317
Independent Q-Learning,30,5,-1.2500000000000056,15.047840376612195,0.07096774193548387,0.04205937035614612
Independent Q-Learning,31,5,2.7999999999999994,17.512852423291868,0.075,0.035630482034348064
Independent Q-Learning,32,5,-2.0500000000000043,14.243858325608272,0.07878787878787878,0.0459568208730397
Independent Q-Learning,33,5,10.610000000000003,17.62719489879203,0.08823529411764705,0.046504083237770284
Independent Q-Learning,34,5,-4.000000000000017,7.280109889280534,0.08571428571428572,0.04517539514526256
Independent Q-Learning,35,5,-2.999999999999993,6.403124237432849,0.08333333333333333,0.04392052305789416
Independent Q-Learning,36,5,-2.3999999999999972,7.197221686178635,0.08108108108108109,0.04273348189416729
Independent Q-Learning,37,5,-8.0,5.147815070493506,0.07894736842105263,0.041608916581162884
Independent Q-Learning,38,5,-3.800000000000015,6.978538528947167,0.07692307692307691,0.040542021284209986
Independent Q-Learning,39,5,-1.5999999999999923,4.449719092257403,0.075,0.03952847075210474
Independent Q-Learning,40,5,-0.9999999999999953,8.246211251235316,0.07317073170731707,0.03856436170937048
Independent Q-Learning,41,5,-0.4300000000000015,18.016645081701533,0.07619047619047618,0.045798533480169865
Independent Q-Learning,42,5,1.8999999999999955,18.447222013083714,0.07906976744186046,0.04822428221704121
Independent Q-Learning,43,5,-7.400000000000006,8.173126696681035,0.07727272727272727,0.047128275803017546
Independent Q-Learning,44,5,-3.199999999999993,1.4832396974191357,0.07555555555555556,0.046080980785172705
Independent Q-Learning,45,5,-1.4000000000000066,6.877499545619776,0.07391304347826086,0.04507922033332113
Independent Q-Learning,46,5,-3.1999999999999913,3.962322551231789,0.07234042553191489,0.044120087985803656
Independent Q-Learning,47,5,-7.1999999999999975,4.381780460041335,0.07083333333333333,0.04320091948609942
Independent Q-Learning,48,5,3.689999999999994,16.100636633375718,0.07346938775510203,0.0469831201355973
Independent Q-Learning,49,5,-3.999999999999999,4.795831523312724,0.072,0.046043457732885346
Independent Q-Learning,50,5,-7.200000000000001,3.7013511046643526,0.07058823529411765,0.045140644836162105
Independent Q-Learning,51,5,2.939999999999991,17.42176799294492,0.07307692307692308,0.03941134909984461
Independent Q-Learning,52,5,7.3000000000000025,22.478211672639798,0.07924528301886793,0.04090468563901661
Independent Q-Learning,53,5,7.190000000000002,16.821281164049292,0.08148148148148147,0.04459849843997146
Independent Q-Learning,54,5,-3.8000000000000056,7.628892449104273,0.07999999999999999,0.04378761665015379
Independent Q-Learning,55,5,-1.8000000000000018,4.02492235949963,0.07857142857142857,0.0430056949242582
Independent Q-Learning,56,5,0.8299999999999883,20.912783172021857,0.08070175438596491,0.04038899801130294
Independent Q-Learning,57,5,2.750000000000001,11.960873713905684,0.08275862068965517,0.0446282038122234
Independent Q-Learning,58,5,2.519999999999994,13.425796065783207,0.08474576271186442,0.0494148465664856
Independent Q-Learning,59,5,-2.170000000000009,17.372953116842293,0.08666666666666667,0.044721359549995794
Independent Q-Learning,60,5,-5.599999999999999,3.7815340802378135,0.08524590163934427,0.043988222508192586
Independent Q-Learning,61,5,-0.3600000000000012,19.014415583972077,0.08709677419354839,0.04646729126092882
Independent Q-Learning,62,5,-2.7999999999999914,3.492849839314596,0.08571428571428572,0.04572971520916804
Independent Q-Learning,63,5,11.749999999999991,13.614973374928063,0.090625,0.047392971525322194
Independent Q-Learning,64,5,-4.799999999999994,5.167204273105524,0.08923076923076924,0.04666384888647108
Independent Q-Learning,65,5,6.239999999999997,14.282436766882606,0.09090909090909091,0.050251890762960605
Independent Q-Learning,66,5,4.17,12.5556560959593,0.09253731343283582,0.046484810454917716
Independent Q-Learning,67,5,-6.2,5.35723809439155,0.09117647058823529,0.04580121030116893
Independent Q-Learning,68,5,7.540000000000001,12.353461053486182,0.0927536231884058,0.04175321823445778
Independent Q-Learning,69,5,1.1799999999999926,16.76341254041075,0.09428571428571428,0.04584801867394632
Independent Q-Learning,70,5,-7.000000000000002,5.19615242270664,0.09295774647887324,0.045202271932059744
Independent Q-Learning,71,5,3.7299999999999978,17.529674840110417,0.09444444444444444,0.043256698617770664
Independent Q-Learning,72,5,-4.4,7.436396977031287,0.09315068493150684,0.04266414110245873
Independent Q-Learning,73,5,4.970000000000006,9.7110504066244,0.0945945945945946,0.04481925392372162
Independent Q-Learning,74,5,11.69999999999999,20.4009497327943,0.09866666666666667,0.04482063017059096
Independent Q-Learning,75,5,-2.4,7.12741187248219,0.09736842105263158,0.044230885036767406
Independent Q-Learning,76,5,-7.400000000000015,6.268971207463019,0.09610389610389611,0.04365645795836782
Independent Q-Learning,77,5,2.6800000000000015,11.402280473659646,0.09743589743589744,0.0411456577843108
Independent Q-Learning,78,5,-4.400000000000004,7.924645102463583,0.09620253164556962,0.04062482667311699
Independent Q-Learning,79,5,10.540000000000001,20.056588692995618,0.1,0.03535533905932738
Independent Q-Learning,80,5,-3.600000000000005,10.853570840972099,0.09876543209876543,0.03491885339192827
Independent Q-Learning,81,5,-1.5999999999999996,5.128352561983242,0.0975609756097561,0.034493013716416956
Independent Q-Learning,82,5,-0.2000000000000064,7.791020472312999,0.0963855421686747,0.034077435237905906
Independent Q-Learning,83,5,-4.400000000000004,6.730527468185546,0.09523809523809523,0.033671751485073696
Independent Q-Learning,84,5,2.3899999999999997,10.901169662013341,0.09647058823529411,0.03156801850587939
Independent Q-Learning,85,5,-5.799999999999997,3.2710854467592267,0.09534883720930233,0.03120094852325288
Independent Q-Learning,86,5,15.069999999999997,14.855285254750235,0.10114942528735633,0.03579864713194813
Independent Q-Learning,87,5,7.890000000000001,12.801777220370612,0.10227272727272727,0.03853596581321175
Independent Q-Learning,88,5,-3.1999999999999975,7.791020472312985,0.10112359550561797,0.03810297743328802
Independent Q-Learning,89,5,-2.0000000000000067,7.516648189186428,0.1,0.0376796110173626
Independent Q-Learning,90,5,-1.7999999999999976,4.2661458015403175,0.09890109890109891,0.03726554935783114
Independent Q-Learning,91,5,8.229999999999993,12.292863783512775,0.1,0.033853068483472686
Independent Q-Learning,92,5,10.150000000000004,13.475255099626132,0.1032258064516129,0.03533693919388168
Independent Q-Learning,93,5,-1.9999999999999982,7.5166481891864505,0.10212765957446808,0.034961014308840396
Independent Q-Learning,94,5,-7.20000000000001,7.823042886243168,0.10105263157894737,0.034593003631905234
Independent Q-Learning,95,5,-1.999999999999999,5.916079783099621,0.1,0.03423265984407287
Independent Q-Learning,96,5,6.490000000000007,15.258620514319107,0.10103092783505155,0.031269589460006394
Independent Q-Learning,97,5,-1.1999999999999913,2.1679483388678817,0.1,0.030950512016536945
Independent Q-Learning,98,5,-6.2,6.870225614927078,0.09898989898989899,0.030637880582026475
Independent Q-Learning,99,5,1.519999999999998,18.810954255433188,0.1,0.033166247903554005
Independent Q-Learning,100,5,2.410000000000001,14.418408372632536,0.10200000000000001,0.032710854467592254
Independent Q-Learning,101,5,3.960000000000008,15.646341425393988,0.10200000000000001,0.032710854467592254
Independent Q-Learning,102,5,-4.000000000000004,3.3911649915626367,0.10200000000000001,0.032710854467592254
Independent Q-Learning,103,5,-2.999999999999993,6.44204936336257,0.10200000000000001,0.032710854467592254
Independent Q-Learning,104,5,-1.050000000000005,16.47384290322086,0.10200000000000001,0.03768288736283355
Independent Q-Learning,105,5,2.8800000000000052,13.72486794107688,0.10400000000000001,0.037815340802378083
Independent Q-Learning,106,5,-1.0099999999999973,14.60652251564348,0.10400000000000001,0.03286335345030997
Independent Q-Learning,107,5,-5.800000000000011,4.868264577855255,0.10400000000000001,0.03286335345030997
Independent Q-Learning,108,5,-9.199999999999998,3.271085446759227,0.10400000000000001,0.03286335345030997
Independent Q-Learning,109,5,-3.80000000000003,10.848963084092397,0.10200000000000001,0.03114482300479487
Independent Q-Learning,110,5,1.8600000000000059,12.485912061199212,0.10200000000000001,0.03114482300479487
Independent Q-Learning,111,5,8.099999999999998,11.216059914247964,0.10200000000000001,0.02588435821108957
Independent Q-Learning,112,5,8.310000000000006,12.549123475366713,0.10400000000000001,0.02701851217221259
Independent Q-Learning,113,5,0.9799999999999957,18.760383791383386,0.10600000000000001,0.029664793948382652
Independent Q-Learning,114,5,0.20000000000000337,7.085195833567335,0.10600000000000001,0.029664793948382652
Independent Q-Learning,115,5,-0.9800000000000043,16.93818172059801,0.10800000000000001,0.02683281572999748
Independent Q-Learning,116,5,0.20000000000000231,6.870225614927071,0.10800000000000001,0.02683281572999748
Independent Q-Learning,117,5,2.9400000000000035,12.323473536304606,0.11000000000000001,0.028284271247461905
Independent Q-Learning,118,5,-1.0000000000000027,6.041522986797292,0.11000000000000001,0.028284271247461905
Independent Q-Learning,119,5,4.7900000000000045,16.355289664203443,0.11200000000000002,0.03114482300479487
Independent Q-Learning,120,5,4.440000000000003,10.633343782648991,0.11200000000000002,0.03114482300479487
Independent Q-Learning,121,5,-2.7999999999999963,6.760177512462231,0.11200000000000002,0.03114482300479487
Independent Q-Learning,122,5,5.549999999999999,13.21977685136931,0.11200000000000002,0.03114482300479487
Independent Q-Learning,123,5,4.620000000000002,12.315518665488675,0.11200000000000002,0.03420526275297414
Independent Q-Learning,124,5,2.030000000000001,13.253471243413934,0.11400000000000002,0.03209361307176243
Independent Q-Learning,125,5,7.640000000000003,12.220801937679866,0.11600000000000002,0.030495901363953814
Independent Q-Learning,126,5,2.8199999999999936,24.040840251538643,0.118,0.025884358211089566
Independent Q-Learning,127,5,-1.1999999999999924,3.0331501776206204,0.118,0.025884358211089566
Independent Q-Learning,128,5,0.35000000000000425,14.827761125672348,0.12,0.026457513110645904
Independent Q-Learning,129,5,-2.5999999999999965,4.9295030175465016,0.12,0.026457513110645904
Independent Q-Learning,130,5,0.6000000000000008,5.683308895353119,0.118,0.027748873851023214
Independent Q-Learning,131,5,4.339999999999999,10.880165439918642,0.11800000000000002,0.03271085446759225
Independent Q-Learning,132,5,3.3500000000000063,14.836188863721032,0.11800000000000002,0.03492849839314596
Independent Q-Learning,133,5,9.740000000000006,12.915368751994654,0.11800000000000002,0.03898717737923586
Independent Q-Learning,134,5,5.889999999999997,15.84252189520342,0.122,0.04147288270665544
Independent Q-Learning,135,5,0.9100000000000023,11.403530155175634,0.124,0.03781534080237807
Independent Q-Learning,136,5,4.689999999999999,17.94172511215127,0.126,0.034351128074635334
Independent Q-Learning,137,5,9.809999999999999,12.913384529239416,0.128,0.0363318042491699
Independent Q-Learning,138,5,1.4100000000000033,15.841890669992647,0.13,0.03741657386773942
Independent Q-Learning,139,5,-5.999999999999999,5.7445626465380295,0.13,0.03741657386773942
Independent Q-Learning,140,5,-4.600000000000002,8.648699324175885,0.13,0.03741657386773942
Independent Q-Learning,141,5,1.2899999999999987,12.617269910721578,0.13,0.033166247903554005
Independent Q-Learning,142,5,-3.9999999999999942,2.345207879911716,0.128,0.031144823004794875
Independent Q-Learning,143,5,1.1599999999999984,14.88717568916281,0.13,0.0324037034920393
Independent Q-Learning,144,5,-0.7999999999999975,5.167204273105517,0.13,0.0324037034920393
Independent Q-Learning,145,5,-4.80000000000002,7.949842765740712,0.13,0.0324037034920393
Independent Q-Learning,146,5,4.320000000000001,14.167286260960491,0.132,0.03492849839314596
Independent Q-Learning,147,5,6.290000000000008,12.475796567754704,0.13399999999999998,0.03781534080237807
Independent Q-Learning,148,5,0.8000000000000004,6.723094525588649,0.132,0.037013511046643494
Independent Q-Learning,149,5,13.96999999999999,17.67984728440831,0.136,0.03646916505762094
Independent Q-Learning,150,5,8.210000000000006,11.735437784761162,0.138,0.03346640106136302
Independent Q-Learning,151,5,8.289999999999994,14.24326156468384,0.138,0.031144823004794875
Independent Q-Learning,152,5,2.9200000000000053,13.480801163135666,0.136,0.030495901363953814
Independent Q-Learning,153,5,8.450000000000003,17.013230145977573,0.138,0.02280350850198276
Independent Q-Learning,154,5,-6.000000000000002,8.83176086632786,0.138,0.02280350850198276
Independent Q-Learning,155,5,15.66,22.59575181311743,0.144,0.024083189157584593
Independent Q-Learning,156,5,-3.2000000000000064,8.584870412533906,0.142,0.027748873851023217
Independent Q-Learning,157,5,7.089999999999991,16.33854338672821,0.144,0.026076809620810593
Independent Q-Learning,158,5,-0.7999999999999987,4.764451699828634,0.142,0.025884358211089566
Independent Q-Learning,159,5,-0.5999999999999959,3.5777087639996643,0.13999999999999999,0.027386127875258303
Independent Q-Learning,160,5,-1.4000000000000066,7.5365774725667025,0.13999999999999999,0.027386127875258303
Independent Q-Learning,161,5,-1.9999999999999936,3.9999999999999964,0.138,0.026832815729997475
Independent Q-Learning,162,5,10.809999999999997,15.250180326802699,0.142,0.024899799195977464
Independent Q-Learning,163,5,0.020000000000005257,17.24824628766646,0.14,0.02549509756796392
Independent Q-Learning,164,5,-4.199999999999996,8.843076387773664,0.14,0.02549509756796392
Independent Q-Learning,165,5,8.410000000000005,18.58340657683623,0.14200000000000002,0.02949576240750525
Independent Q-Learning,166,5,26.720000000000006,3.8549643318713076,0.15,0.025495097567963927
Independent Q-Learning,167,5,5.38999999999999,17.49887139217842,0.152,0.022803508501982758
Independent Q-Learning,168,5,14.809999999999992,15.183807164212801,0.156,0.023021728866442673
Independent Q-Learning,169,5,4.369999999999999,19.479656054458463,0.158,0.023874672772626643
Independent Q-Learning,170,5,2.3999999999999906,5.5946402922797285,0.158,0.023874672772626643
Independent Q-Learning,171,5,3.450000000000003,15.52457728893125,0.158,0.029495762407505257
Independent Q-Learning,172,5,5.30000000000001,13.745908482162971,0.16,0.027386127875258306
Independent Q-Learning,173,5,19.429999999999986,12.464980946636064,0.164,0.02966479394838265
Independent Q-Learning,174,5,2.5400000000000027,11.743423691581599,0.162,0.024899799195977467
Independent Q-Learning,175,5,13.790000000000001,15.701329561537142,0.168,0.025884358211089562
Independent Q-Learning,176,5,8.499999999999998,9.233092656309696,0.17,0.025495097567963917
Independent Q-Learning,177,5,16.51,19.208409616623655,0.174,0.025099800796022257
Independent Q-Learning,178,5,-6.999999999999997,5.385164807134506,0.174,0.025099800796022257
Independent Q-Learning,179,5,19.46,20.463485773445335,0.176,0.023021728866442673
Independent Q-Learning,180,5,2.199999999999996,8.40832920383116,0.176,0.023021728866442673
Independent Q-Learning,181,5,8.41,12.54912347536672,0.18,0.023452078799117145
Independent Q-Learning,182,5,8.210000000000004,17.177980090802293,0.184,0.025099800796022264
Independent Q-Learning,183,5,9.469999999999995,17.06251739925853,0.188,0.02774887385102321
Independent Q-Learning,184,5,7.4600000000000035,12.651403084243267,0.188,0.02774887385102321
Independent Q-Learning,185,5,6.130000000000004,13.640362898398264,0.19,0.023452078799117152
Independent Q-Learning,186,5,9.280000000000005,9.352913984422177,0.188,0.021679483388678807
Independent Q-Learning,187,5,14.230000000000004,16.802217115607093,0.19,0.023452078799117152
Independent Q-Learning,188,5,9.269999999999994,11.619574002518336,0.192,0.025884358211089573
Independent Q-Learning,189,5,3.179999999999994,12.221374718091237,0.194,0.027018512172212593
Independent Q-Learning,190,5,6.990000000000005,14.591110307306982,0.196,0.023021728866442673
Independent Q-Learning,191,5,10.87,18.996894483046436,0.198,0.024899799195977464
Independent Q-Learning,192,5,7.169999999999979,14.562606222788576,0.196,0.019493588689617924
Independent Q-Learning,193,5,13.649999999999997,13.636073481761526,0.2,0.015811388300841896
Independent Q-Learning,194,5,13.780000000000006,12.16848388255497,0.20400000000000001,0.016733200530681513
Independent Q-Learning,195,5,14.65,17.976616756219723,0.21000000000000002,0.015811388300841896
Independent Q-Learning,196,5,8.010000000000007,19.525060819367503,0.21200000000000002,0.01483239697419133
Independent Q-Learning,197,5,4.149999999999998,17.877569745354098,0.21600000000000003,0.015165750888103104
Independent Q-Learning,198,5,21.719999999999978,8.603676539712556,0.22200000000000003,0.019235384061671346
Independent Q-Learning,199,5,9.19,14.131277366183136,0.22400000000000003,0.023021728866442673
Independent Q-Learning,200,5,3.750000000000002,14.077908225301087,0.22400000000000003,0.023021728866442673
Independent Q-Learning,201,5,16.68,13.443334779733785,0.22600000000000003,0.025099800796022267
Independent Q-Learning,202,5,4.840000000000002,11.429260693500694,0.22800000000000004,0.0216794833886788
Independent Q-Learning,203,5,10.810000000000006,15.739456788593431,0.23200000000000004,0.017888543819998323
Independent Q-Learning,204,5,11.720000000000002,14.76455214356331,0.23399999999999999,0.018165902124584955
Independent Q-Learning,205,5,19.58,15.245269758190565,0.238,0.01923538406167135
Independent Q-Learning,206,5,10.55,19.264475077198444,0.24,0.023452078799117145
Independent Q-Learning,207,5,7.0799999999999965,12.022146231018818,0.242,0.01923538406167135
Independent Q-Learning,208,5,10.179999999999998,20.86077659148863,0.246,0.020736441353327726
Independent Q-Learning,209,5,5.490000000000007,12.287208796142432,0.248,0.021679483388678807
Independent Q-Learning,210,5,15.220000000000004,16.870151155220864,0.252,0.024899799195977474
Independent Q-Learning,211,5,17.789999999999996,12.589499592914725,0.256,0.027018512172212603
Independent Q-Learning,212,5,21.789999999999992,14.981505264825678,0.26,0.02549509756796392
Independent Q-Learning,213,5,20.740000000000002,14.718075621493455,0.266,0.029664793948382652
Independent Q-Learning,214,5,16.31000000000001,16.2251502304293,0.272,0.032710854467592254
Independent Q-Learning,215,5,13.430000000000001,19.14394812989212,0.276,0.029664793948382645
Independent Q-Learning,216,5,21.8,13.45696845504216,0.284,0.027018512172212593
Independent Q-Learning,217,5,11.790000000000003,14.56504376924422,0.286,0.029664793948382655
Independent Q-Learning,218,5,22.199999999999992,14.024576642451638,0.294,0.03361547262794323
Independent Q-Learning,219,5,18.680000000000003,13.41666873705988,0.298,0.03768288736283355
Independent Q-Learning,220,5,12.889999999999992,21.9786373553958,0.3,0.03807886552931956
Independent Q-Learning,221,5,8.980000000000006,19.154686110714525,0.304,0.0384707681233427
Independent Q-Learning,222,5,7.800000000000004,18.38644201578979,0.306,0.0384707681233427
Independent Q-Learning,223,5,11.029999999999992,16.270510133367054,0.308,0.04207136793592526
Independent Q-Learning,224,5,14.549999999999992,21.157327335937307,0.31,0.04690415759823429
Independent Q-Learning,225,5,3.3400000000000043,12.822948178948554,0.31,0.05244044240850758
Independent Q-Learning,226,5,-4.4,3.911521443121593,0.306,0.055497747702046435
Independent Q-Learning,227,5,20.459999999999994,15.17577839848751,0.312,0.05263078946776307
Independent Q-Learning,228,5,15.100000000000003,15.647803360216404,0.316,0.050299105359837164
Independent Q-Learning,229,5,7.530000000000001,7.658622591563051,0.318,0.051672042731055245
Independent Q-Learning,230,5,9.169999999999995,11.270292808973501,0.32,0.05196152422706631
Independent Q-Learning,231,5,18.49,16.10746721244528,0.324,0.05412947441089743
Independent Q-Learning,232,5,21.599999999999973,9.247905168198914,0.328,0.0521536192416212
Independent Q-Learning,233,5,5.699999999999994,13.6088206689632,0.326,0.05412947441089744
Independent Q-Learning,234,5,21.75,15.413751976725198,0.33,0.05338539126015657
Independent Q-Learning,235,5,25.929999999999996,16.404061996956717,0.336,0.05412947441089744
Independent Q-Learning,236,5,20.03999999999999,9.75278165448197,0.33999999999999997,0.04847679857416329
Independent Q-Learning,237,5,-1.3999999999999895,1.6733200530681511,0.33799999999999997,0.04764451699828638
Independent Q-Learning,238,5,21.500000000000004,13.031740098697483,0.344,0.04722287581247038
Independent Q-Learning,239,5,12.630000000000003,17.818585802470405,0.348,0.04381780460041328
Independent Q-Learning,240,5,13.790000000000003,17.5942604277645,0.352,0.04764451699828636
Independent Q-Learning,241,5,6.449999999999991,15.676814089603786,0.352,0.046043457732885346
Independent Q-Learning,242,5,22.820000000000007,10.066317598804437,0.36,0.04999999999999998
Independent Q-Learning,243,5,5.880000000000004,14.551529129270223,0.362,0.04604345773288536
Independent Q-Learning,244,5,9.460000000000004,12.061426118001137,0.366,0.046151923036857306
Independent Q-Learning,245,5,12.190000000000005,14.173760968776074,0.37,0.044721359549995794
Independent Q-Learning,246,5,9.770000000000003,17.237299672512506,0.372,0.044384682042344296
Independent Q-Learning,247,5,28.979999999999997,3.3020069654681206,0.38,0.04415880433163923
Independent Q-Learning,248,5,9.769999999999994,15.154438293780474,0.384,0.044497190922573975
Independent Q-Learning,249,5,22.29,13.901591635492673,0.388,0.052630789467763076
Independent Q-Learning,250,5,16.0,16.555361669259895,0.392,0.047116875957558986
Independent Q-Learning,251,5,21.06,15.30258965012131,0.396,0.045607017003965515
Independent Q-Learning,252,5,10.779999999999996,19.065466162672223,0.398,0.049699094559156706
Independent Q-Learning,253,5,13.749999999999991,20.03041437414613,0.398,0.0535723809439155
Independent Q-Learning,254,5,21.77999999999998,9.388996218978914,0.406,0.05412947441089743
Independent Q-Learning,255,5,12.030000000000005,18.398491786013324,0.404,0.05856620185738529
Independent Q-Learning,256,5,18.300000000000004,15.057058145600676,0.41,0.06204836822995428
Independent Q-Learning,257,5,23.80999999999999,16.702559684072384,0.414,0.06228964600958974
Independent Q-Learning,258,5,18.909999999999997,17.072067830230743,0.42000000000000004,0.06204836822995428
Independent Q-Learning,259,5,8.980000000000006,17.502914043095792,0.42400000000000004,0.06618156843109718
Independent Q-Learning,260,5,11.740000000000002,10.810087881233898,0.42800000000000005,0.06833739825307955
Independent Q-Learning,261,5,23.56999999999999,12.642270365721494,0.434,0.06618156843109718
Independent Q-Learning,262,5,10.18,21.871488289551756,0.434,0.06580273550544839
Independent Q-Learning,263,5,5.9799999999999915,14.500068965353234,0.434,0.06580273550544839
Independent Q-Learning,264,5,13.880000000000004,16.594675350846725,0.44000000000000006,0.066332495807108
Independent Q-Learning,265,5,18.370000000000005,17.740053551215674,0.442,0.06906518659932802
Independent Q-Learning,266,5,21.539999999999996,13.969180362498006,0.438,0.0712039324756716
Independent Q-Learning,267,5,19.9,16.20740571467254,0.44400000000000006,0.0687749954561976
Independent Q-Learning,268,5,6.890000000000008,16.84452433285072,0.442,0.06610597552415365
Independent Q-Learning,269,5,17.850000000000005,17.88812455233918,0.44399999999999995,0.06913754406977443
Independent Q-Learning,270,5,13.85999999999999,18.72266006741563,0.44800000000000006,0.07014271166700074
Independent Q-Learning,271,5,13.12,15.333403079551523,0.45,0.06964194138592061
Independent Q-Learning,272,5,13.280000000000006,14.173769787886352,0.454,0.06580273550544842
Independent Q-Learning,273,5,25.18,9.938850537159716,0.45600000000000007,0.06228964600958976
Independent Q-Learning,274,5,3.6700000000000053,11.86989890437151,0.45600000000000007,0.059413803110051795
Independent Q-Learning,275,5,7.909999999999999,14.604554084257416,0.454,0.059413803110051795
Independent Q-Learning,276,5,23.43999999999999,8.421802063691612,0.45999999999999996,0.06041522986797287
Independent Q-Learning,277,5,12.479999999999995,15.116820102124656,0.458,0.056302753041037
Independent Q-Learning,278,5,12.740000000000006,14.120127478178091,0.462,0.05540758070878028
Independent Q-Learning,279,5,19.51,13.999660710174366,0.462,0.05540758070878028
Independent Q-Learning,280,5,22.81,13.577205161593445,0.47000000000000003,0.05787918451395115
Independent Q-Learning,281,5,18.770000000000003,16.207313164124393,0.472,0.06058052492344387
Independent Q-Learning,282,5,16.550000000000004,15.574257606704723,0.47400000000000003,0.055497747702046456
Independent Q-Learning,283,5,31.29,2.8227646023003685,0.48,0.05291502622129183
Independent Q-Learning,284,5,11.28,15.626643913521544,0.48200000000000004,0.053103672189407036
Independent Q-Learning,285,5,22.28000000000001,12.074642851861082,0.488,0.055407580708780296
Independent Q-Learning,286,5,11.6,15.01253642793249,0.488,0.05932958789676533
Independent Q-Learning,287,5,17.139999999999986,20.23565541315624,0.49000000000000005,0.05873670062235368
Independent Q-Learning,288,5,16.81000000000001,15.858333771238385,0.49400000000000005,0.05128352561983236
Independent Q-Learning,289,5,23.889999999999993,9.624409072769101,0.5,0.05196152422706635
Independent Q-Learning,290,5,33.37999999999998,7.616971182825874,0.508,0.053572380943915525
Independent Q-Learning,291,5,22.870000000000005,18.72764000081163,0.512,0.056302753041037
Independent Q-Learning,292,5,21.519999999999985,14.755617574334183,0.516,0.058991524815010486
Independent Q-Learning,293,5,28.46,3.7847390927248843,0.522,0.060580524923443825
Independent Q-Learning,294,5,26.860000000000003,3.8963765218469324,0.528,0.061400325732034994
Independent Q-Learning,295,5,9.610000000000001,14.815718004875766,0.526,0.058991524815010486
Independent Q-Learning,296,5,22.469999999999995,9.751192234798783,0.53,0.06363961030678926
Independent Q-Learning,297,5,26.649999999999995,15.483781837781093,0.534,0.06655824516917493
Independent Q-Learning,298,5,17.96999999999999,18.59850800467606,0.534,0.0626897120746299
Independent Q-Learning,299,5,27.26,5.600156247820229,0.54,0.05787918451395111
Independent Q-Learning,300,5,22.28,14.288395641218782,0.546,0.059413803110051774
Independent Q-Learning,301,5,3.279999999999992,16.336829557781396,0.544,0.059413803110051774
Independent Q-Learning,302,5,25.209999999999997,4.952701283138314,0.5519999999999999,0.06058052492344384
Independent Q-Learning,303,5,10.790000000000008,14.43036728569304,0.552,0.06760177512462227
Independent Q-Learning,304,5,20.869999999999994,17.70577589375852,0.554,0.07569676347110225
Independent Q-Learning,305,5,19.27999999999999,13.008391522398162,0.554,0.07503332592921627
Independent Q-Learning,306,5,24.639999999999993,14.683213204200221,0.558,0.07694153624668539
Independent Q-Learning,307,5,29.609999999999996,2.9579131156949074,0.5660000000000001,0.07797435475847171
Independent Q-Learning,308,5,16.749999999999993,17.17840213756798,0.568,0.0739594483484024
Independent Q-Learning,309,5,15.720000000000004,18.767711634613306,0.5700000000000001,0.07071067811865477
Independent Q-Learning,310,5,20.140000000000004,13.760968352554263,0.5720000000000001,0.06760177512462229
Independent Q-Learning,311,5,13.340000000000007,11.382354765161729,0.572,0.06418722614352486
Independent Q-Learning,312,5,25.71,3.901345921601929,0.576,0.06066300355241241
Independent Q-Learning,313,5,25.039999999999985,10.71858199576791,0.576,0.05983310120660637
Independent Q-Learning,314,5,17.460000000000004,17.13721826901904,0.576,0.05856620185738529
Independent Q-Learning,315,5,21.529999999999994,16.935303363093304,0.576,0.05504543577809153
Independent Q-Learning,316,5,28.809999999999995,7.714547945278439,0.5780000000000001,0.05761944116355173
Independent Q-Learning,317,5,16.629999999999992,12.00758093872368,0.5780000000000001,0.05761944116355173
Independent Q-Learning,318,5,22.71,12.179768060188987,0.5780000000000001,0.05761944116355173
Independent Q-Learning,319,5,22.699999999999996,13.849954873572685,0.58,0.0570087712549569
Independent Q-Learning,320,5,22.19,11.625801047669786,0.584,0.052725705305856276
Independent Q-Learning,321,5,17.449999999999996,17.64766273476461,0.586,0.052249401910452534
Independent Q-Learning,322,5,17.04999999999999,14.217682652246824,0.586,0.052249401910452534
Independent Q-Learning,323,5,21.580000000000002,15.762043014787132,0.5900000000000001,0.05477225575051662
Independent Q-Learning,324,5,29.889999999999993,4.569928883472902,0.596,0.05594640292279746
Independent Q-Learning,325,5,20.639999999999993,16.220141799626777,0.6,0.058736700622353664
Independent Q-Learning,326,5,26.409999999999997,15.370320426067888,0.608,0.06260990336999413
Independent Q-Learning,327,5,21.600000000000005,14.459036966547947,0.61,0.06442049363362565
Independent Q-Learning,328,5,35.429999999999986,6.87828103525873,0.6140000000000001,0.06618156843109721
Independent Q-Learning,329,5,20.890000000000004,11.438116103624754,0.62,0.06363961030678929
Independent Q-Learning,330,5,22.78,8.982107213788982,0.626,0.0642650760522385
Independent Q-Learning,331,5,23.38,12.824273858585517,0.628,0.07049822692805827
Independent Q-Learning,332,5,27.860000000000003,3.1763579773067088,0.632,0.07259476565152613
Independent Q-Learning,333,5,18.260000000000005,14.021296302410844,0.636,0.06985699678629191
Independent Q-Learning,334,5,12.889999999999995,14.18451620606075,0.632,0.06572670690061991
Independent Q-Learning,335,5,20.330000000000005,10.04058016252049,0.632,0.06610597552415362
Independent Q-Learning,336,5,17.580000000000005,12.130261744908884,0.632,0.07049822692805827
Independent Q-Learning,337,5,18.800000000000004,18.176117572242966,0.638,0.07293833011524187
Independent Q-Learning,338,5,10.200000000000006,15.901454336003352,0.634,0.07021395872616781
Independent Q-Learning,339,5,11.9,13.192753692842146,0.634,0.07402702209328699
Independent Q-Learning,340,5,24.53,13.763520625188887,0.638,0.06978538528947159
Independent Q-Learning,341,5,26.080000000000002,5.7270847732506915,0.646,0.06655824516917493
Independent Q-Learning,342,5,22.169999999999998,15.65629266461252,0.646,0.06503845016603638
Independent Q-Learning,343,5,30.69999999999999,4.987108380614949,0.652,0.06572670690061991
Independent Q-Learning,344,5,23.010000000000005,15.386901897393114,0.656,0.0702139587261678
Independent Q-Learning,345,5,23.68,15.341349353951882,0.6599999999999999,0.07035623639735145
Independent Q-Learning,346,5,25.520000000000003,12.390197738535083,0.6639999999999999,0.0753657747256671
Independent Q-Learning,347,5,19.449999999999996,17.738658348364435,0.6599999999999999,0.07968688725254612
Independent Q-Learning,348,5,28.169999999999998,5.68898057651808,0.666,0.07765307463326872
Independent Q-Learning,349,5,20.329999999999995,15.011312400986121,0.666,0.07765307463326872
Independent Q-Learning,350,5,16.090000000000003,19.928760623781898,0.666,0.07469939758793241
Independent Q-Learning,351,5,25.199999999999992,12.277520107904524,0.6679999999999999,0.07190271204899021
Independent Q-Learning,352,5,24.879999999999992,11.49546649771117,0.6719999999999999,0.06379655163094632
Independent Q-Learning,353,5,29.830000000000002,5.712114319584291,0.678,0.06379655163094632
Independent Q-Learning,354,5,26.080000000000002,5.685134123307908,0.6799999999999999,0.062048368229954284
Independent Q-Learning,355,5,22.360000000000003,8.793207605873983,0.6839999999999999,0.06188699378706321
Independent Q-Learning,356,5,23.280000000000005,10.123895001431016,0.6859999999999999,0.058566201857385286
Independent Q-Learning,357,5,29.01,6.563573721685463,0.688,0.05890670590009256
Independent Q-Learning,358,5,22.280000000000005,14.774623514661885,0.6900000000000001,0.053851648071345036
Independent Q-Learning,359,5,10.629999999999997,15.218229200534466,0.6900000000000001,0.04847679857416328
Independent Q-Learning,360,5,15.290000000000006,12.727254220765763,0.692,0.04494441010848845
Independent Q-Learning,361,5,27.9,4.899489769353532,0.696,0.04449719092257397
Independent Q-Learning,362,5,24.399999999999995,13.049377379783289,0.7,0.04472135954999579
Independent Q-Learning,363,5,22.95,11.895692497706888,0.706,0.0433589667773576
Independent Q-Learning,364,5,19.779999999999994,11.71028394190337,0.706,0.04037325847637271
Independent Q-Learning,365,5,24.119999999999994,14.01952210312463,0.708,0.0396232255123179
Independent Q-Learning,366,5,16.749999999999993,9.581623035790965,0.708,0.043243496620879306
Independent Q-Learning,367,5,20.349999999999994,12.373661543779198,0.706,0.04722287581247038
Independent Q-Learning,368,5,30.99,2.4262625579273114,0.712,0.04764451699828639
Independent Q-Learning,369,5,20.929999999999996,18.006582129876836,0.714,0.051283525619832356
Independent Q-Learning,370,5,26.79,6.060672404939893,0.72,0.047434164902525694
Independent Q-Learning,371,5,20.490000000000002,12.819097082088112,0.724,0.0433589667773576
Independent Q-Learning,372,5,28.089999999999996,4.290017482481858,0.728,0.0443846820423443
Independent Q-Learning,373,5,22.349999999999987,16.85482126870528,0.728,0.04266145801540312
Independent Q-Learning,374,5,31.049999999999994,6.922878736479488,0.736,0.04393176527297763
Independent Q-Learning,375,5,18.840000000000003,14.662298591967087,0.738,0.047644516998286375
Independent Q-Learning,376,5,24.450000000000003,2.0727397328174133,0.74,0.04582575694955839
Independent Q-Learning,377,5,21.25999999999998,19.531429799172397,0.742,0.04494441010848846
Independent Q-Learning,378,5,18.75,11.566006225140981,0.744,0.037815340802378104
Independent Q-Learning,379,5,11.169999999999998,18.162998100533947,0.742,0.035637059362410954
Independent Q-Learning,380,5,21.07,12.099927685734325,0.742,0.03701351104664353
Independent Q-Learning,381,5,14.600000000000005,17.37915417964867,0.742,0.03420526275297417
Independent Q-Learning,382,5,25.820000000000004,2.0977964629582155,0.746,0.03507135583350039
Independent Q-Learning,383,5,23.009999999999998,11.082553857302033,0.744,0.031304951684997084
Independent Q-Learning,384,5,21.850000000000005,9.139064503547392,0.748,0.03271085446759228
Independent Q-Learning,385,5,31.07,6.969630549749385,0.75,0.030000000000000027
Independent Q-Learning,386,5,25.37,3.4357677453518267,0.756,0.03209361307176246
Independent Q-Learning,387,5,24.009999999999994,11.503771120810764,0.758,0.03346640106136305
Independent Q-Learning,388,5,30.139999999999997,5.613866760086132,0.762,0.03701351104664353
Independent Q-Learning,389,5,27.97,3.7544307158342893,0.764,0.03847076812334272
Independent Q-Learning,390,5,26.779999999999994,14.862604078693602,0.762,0.03701351104664353
Independent Q-Learning,391,5,30.699999999999996,7.065320233365211,0.764,0.03847076812334272
Independent Q-Learning,392,5,23.98,13.447193015644562,0.766,0.040373258476372735
Independent Q-Learning,393,5,27.410000000000004,3.546900054977586,0.766,0.040373258476372735
Independent Q-Learning,394,5,21.970000000000002,12.440990716176904,0.764,0.040373258476372735
Independent Q-Learning,395,5,29.669999999999995,6.46244922610615,0.77,0.04527692569068709
Independent Q-Learning,396,5,28.73999999999999,5.149805821582007,0.772,0.04266145801540309
Independent Q-Learning,397,5,31.85,4.801432078036711,0.774,0.0403732584763727
Independent Q-Learning,398,5,29.109999999999992,5.904807363496273,0.7779999999999999,0.04549725266430929
Independent Q-Learning,399,5,27.270000000000003,2.553820667157348,0.7779999999999999,0.04549725266430929
Independent Q-Learning,400,5,20.449999999999996,16.550339875664182,0.776,0.046151923036857286
Independent Q-Learning,401,5,27.880000000000003,4.609175631281585,0.784,0.047222875812470366
Independent Q-Learning,402,5,25.919999999999998,5.533488953634945,0.784,0.047222875812470366
Independent Q-Learning,403,5,22.81,12.36579961021526,0.788,0.048166378315169164
Independent Q-Learning,404,5,15.459999999999988,15.525720595192986,0.7859999999999999,0.046151923036857286
Independent Q-Learning,405,5,32.20999999999999,1.5072325633424848,0.79,0.0463680924774785
Independent Q-Learning,406,5,27.20999999999999,13.848754456628928,0.79,0.041833001326703756
Independent Q-Learning,407,5,29.7,5.158972765968042,0.79,0.041833001326703756
Independent Q-Learning,408,5,31.25,5.265572143651623,0.7939999999999999,0.03911521443121587
Independent Q-Learning,409,5,30.71,5.906183200680449,0.8,0.03391164991562631
Independent Q-Learning,410,5,23.20999999999999,17.757864454939398,0.8,0.03741657386773939
Independent Q-Learning,411,5,30.339999999999993,4.908971379016172,0.8039999999999999,0.03911521443121587
Independent Q-Learning,412,5,28.570000000000004,3.2792148450505643,0.8039999999999999,0.03911521443121587
Independent Q-Learning,413,5,31.67999999999999,7.539031768072059,0.806,0.03781534080237805
Independent Q-Learning,414,5,29.27,3.8526938627407126,0.8099999999999999,0.03391164991562631
Independent Q-Learning,415,5,28.15,4.786439177509727,0.8140000000000001,0.0320936130717624
Independent Q-Learning,416,5,21.75,12.586798639844838,0.812,0.029495762407505226
Independent Q-Learning,417,5,30.419999999999995,4.120618885555902,0.818,0.027748873851023186
Independent Q-Learning,418,5,30.349999999999987,7.261456465475769,0.82,0.024494897427831747
Independent Q-Learning,419,5,11.799999999999994,13.13873091283934,0.8160000000000001,0.01816590212458491
Independent Q-Learning,420,5,28.27,4.211828581507084,0.818,0.017888543819998277
Independent Q-Learning,421,5,26.419999999999998,4.262569647524825,0.8220000000000001,0.020493901531919156
Independent Q-Learning,422,5,28.72,5.023270846769052,0.828,0.01643167672515494
Independent Q-Learning,423,5,25.59,11.235123497318575,0.828,0.02167948338867876
Independent Q-Learning,424,5,21.759999999999998,13.612925842742253,0.826,0.020736441353327684
Independent Q-Learning,425,5,32.22999999999999,8.00598213837626,0.8300000000000001,0.024494897427831747
Independent Q-Learning,426,5,27.69999999999999,11.688188482395391,0.8300000000000001,0.024494897427831747
Independent Q-Learning,427,5,15.460000000000003,15.415187316409748,0.828,0.026832815729997444
Independent Q-Learning,428,5,33.28999999999999,2.558173176311555,0.828,0.026832815729997444
Independent Q-Learning,429,5,24.380000000000003,11.635538234220187,0.828,0.027748873851023186
Independent Q-Learning,430,5,32.71999999999999,4.79095501961769,0.8300000000000001,0.026457513110645887
Independent Q-Learning,431,5,25.830000000000002,4.220870763243052,0.8320000000000001,0.02949576240750524
Independent Q-Learning,432,5,19.230000000000004,15.292220244294151,0.828,0.030331501776206176
Independent Q-Learning,433,5,19.199999999999996,10.98072174312783,0.828,0.029495762407505243
Independent Q-Learning,434,5,27.68,3.985065871475653,0.834,0.027018512172212582
Independent Q-Learning,435,5,14.720000000000002,11.808715002065213,0.8320000000000001,0.02774887385102321
Independent Q-Learning,436,5,28.589999999999993,13.354933545323233,0.834,0.03130495168499705
Independent Q-Learning,437,5,31.76999999999999,6.066362171845646,0.8379999999999999,0.0363318042491699
Independent Q-Learning,438,5,32.94999999999999,1.356465996625041,0.844,0.03781534080237808
Independent Q-Learning,439,5,22.42,12.192856515189536,0.8480000000000001,0.03834057902536163
Independent Q-Learning,440,5,29.9,5.396874095251798,0.85,0.035355339059327376
Independent Q-Learning,441,5,21.760000000000005,12.288836397316059,0.8480000000000001,0.03193743884534262
Independent Q-Learning,442,5,26.29,4.091210089936709,0.85,0.03391164991562634
Independent Q-Learning,443,5,20.400000000000002,18.25017123207341,0.8480000000000001,0.03193743884534262
Independent Q-Learning,444,5,23.75,15.51515388257557,0.8480000000000001,0.03193743884534262
Independent Q-Learning,445,5,29.319999999999993,5.235169529251168,0.85,0.02915475947422653
Independent Q-Learning,446,5,22.01,13.560991851630904,0.85,0.02915475947422653
Independent Q-Learning,447,5,23.330000000000002,12.317700678292193,0.852,0.030331501776206228
Independent Q-Learning,448,5,22.480000000000004,12.971728874749116,0.85,0.030000000000000027
Independent Q-Learning,449,5,31.319999999999993,4.105423242492769,0.852,0.029495762407505278
Independent Q-Learning,450,5,19.70999999999999,21.23112102551345,0.852,0.029495762407505278
Independent Q-Learning,451,5,32.40999999999999,5.397383625424442,0.8539999999999999,0.028809720581775892
Independent Q-Learning,452,5,27.809999999999995,4.691934569023731,0.8560000000000001,0.026076809620810618
Independent Q-Learning,453,5,29.02,5.180926558058893,0.8560000000000001,0.026076809620810618
Independent Q-Learning,454,5,32.60999999999999,5.598816839297378,0.8560000000000001,0.026076809620810618
Independent Q-Learning,455,5,27.55,1.4658615214269057,0.858,0.025884358211089593
Independent Q-Learning,456,5,27.809999999999995,3.673452054947764,0.86,0.025495097567963948
Independent Q-Learning,457,5,26.660000000000004,2.753497775557482,0.86,0.025495097567963948
Independent Q-Learning,458,5,15.349999999999985,21.02777924555989,0.8560000000000001,0.027018512172212617
Independent Q-Learning,459,5,23.78,11.589035766620096,0.86,0.03082207001484491
Independent Q-Learning,460,5,30.339999999999986,5.996394750181128,0.8640000000000001,0.028809720581775892
Independent Q-Learning,461,5,19.900000000000002,14.47234431597037,0.8619999999999999,0.031937438845342656
Independent Q-Learning,462,5,24.85,16.31096257122797,0.8620000000000001,0.037013511046643494
Independent Q-Learning,463,5,29.900000000000006,4.177170094693291,0.8640000000000001,0.03781534080237807
Independent Q-Learning,464,5,22.88,8.444717283604,0.866,0.04219004621945797
Independent Q-Learning,465,5,28.779999999999994,3.0030401262720297,0.868,0.0432434966208793
Independent Q-Learning,466,5,29.909999999999997,2.8834441211856223,0.8720000000000001,0.04147288270665544
Independent Q-Learning,467,5,27.07,4.6655117618542095,0.876,0.045607017003965515
Independent Q-Learning,468,5,29.24,4.555683263792597,0.876,0.045607017003965515
Independent Q-Learning,469,5,28.519999999999975,11.137807234819618,0.876,0.04827007354458868
Independent Q-Learning,470,5,27.8,5.268182798650776,0.876,0.04827007354458868
Independent Q-Learning,471,5,26.93,3.72115573444595,0.8780000000000001,0.04969909455915672
Independent Q-Learning,472,5,25.959999999999997,15.816462942137214,0.876,0.051768716422179145
Independent Q-Learning,473,5,31.089999999999996,4.3848318097733205,0.8780000000000001,0.04969909455915672
Independent Q-Learning,474,5,24.21999999999999,13.108995003431794,0.876,0.05319774431308155
Independent Q-Learning,475,5,31.21999999999999,3.2529986166612423,0.8800000000000001,0.05700877125495691
Independent Q-Learning,476,5,25.599999999999987,13.268901612416903,0.8780000000000001,0.06058052492344385
Independent Q-Learning,477,5,25.969999999999988,8.812533687878888,0.8800000000000001,0.05916079783099617
Independent Q-Learning,478,5,27.040000000000003,3.560793450903884,0.884,0.0568330889535313
Independent Q-Learning,479,5,24.17,12.547190920680208,0.8880000000000001,0.05263078946776305
Independent Q-Learning,480,5,32.55999999999999,4.863563508375295,0.89,0.05147815070493498
Independent Q-Learning,481,5,17.500000000000004,13.371191046425142,0.89,0.04636809247747853
Independent Q-Learning,482,5,30.589999999999993,7.658361443546502,0.89,0.04636809247747853
Independent Q-Learning,483,5,31.44999999999999,3.373054995104577,0.892,0.04266145801540309
Independent Q-Learning,484,5,29.77,4.3657187266245145,0.8939999999999999,0.03911521443121589
Independent Q-Learning,485,5,31.41999999999997,13.128052026100454,0.892,0.04266145801540309
Independent Q-Learning,486,5,26.890000000000004,2.9132027049280316,0.892,0.04266145801540309
Independent Q-Learning,487,5,30.43,2.0394852291693586,0.8939999999999999,0.041593268686170845
Independent Q-Learning,488,5,28.070000000000004,2.7718676014557344,0.8939999999999999,0.041593268686170845
Independent Q-Learning,489,5,29.01,4.033980664306657,0.8939999999999999,0.041593268686170845
Independent Q-Learning,490,5,26.809999999999995,2.989857856153027,0.8960000000000001,0.04277849927241488
Independent Q-Learning,491,5,27.01,4.339700450491945,0.8960000000000001,0.04277849927241488
Independent Q-Learning,492,5,28.159999999999997,3.3300525521378654,0.898,0.03898717737923586
Independent Q-Learning,493,5,27.869999999999997,5.882452719741989,0.898,0.03898717737923586
Independent Q-Learning,494,5,32.279999999999994,4.515196562720162,0.9,0.04000000000000001
Independent Q-Learning,495,5,28.96999999999999,3.5889761771290662,0.9,0.04000000000000001
Independent Q-Learning,496,5,27.839999999999996,5.907558717439883,0.9,0.04000000000000001
Independent Q-Learning,497,5,25.7,4.343817445519549,0.9,0.04000000000000001
Independent Q-Learning,498,5,27.21999999999998,11.655181251271898,0.898,0.04147288270665545
Independent Q-Learning,499,5,28.18,2.9492795730483046,0.898,0.04147288270665545
Independent Q-Learning,500,5,27.119999999999997,3.868559163306152,0.9019999999999999,0.03962322551231791
Independent Q-Learning,501,5,29.889999999999993,5.124499975607369,0.9019999999999999,0.03962322551231791
Independent Q-Learning,502,5,27.879999999999995,8.114693463095195,0.9019999999999999,0.03962322551231791
Independent Q-Learning,503,5,27.330000000000002,3.92947197470601,0.9039999999999999,0.04159326868617083
Independent Q-Learning,504,5,31.54,5.403864358031197,0.9099999999999999,0.04183300132670377
Independent Q-Learning,505,5,21.34,16.062199413529886,0.908,0.04438468204234429
Independent Q-Learning,506,5,27.160000000000004,4.254174420495704,0.9099999999999999,0.04582575694955838
Independent Q-Learning,507,5,30.949999999999996,5.026678824034805,0.9099999999999999,0.04582575694955838
Independent Q-Learning,508,5,15.910000000000002,16.357200249431436,0.906,0.04722287581247038
Independent Q-Learning,509,5,20.91,8.235472056901175,0.9039999999999999,0.04505552130427524
Independent Q-Learning,510,5,30.449999999999996,5.027176145710423,0.906,0.042778499272414866
Independent Q-Learning,511,5,29.330000000000002,3.867104860228123,0.906,0.042778499272414866
Independent Q-Learning,512,5,24.789999999999992,8.171245315127928,0.9039999999999999,0.0409878030638384
Independent Q-Learning,513,5,26.099999999999984,10.136382490810023,0.9019999999999999,0.03962322551231791
Independent Q-Learning,514,5,26.850000000000005,3.467167431780581,0.9019999999999999,0.03962322551231791
Independent Q-Learning,515,5,23.709999999999994,13.906805887765897,0.9,0.03807886552931954
Independent Q-Learning,516,5,26.5,12.232742946698416,0.9,0.03807886552931954
Independent Q-Learning,517,5,28.669999999999998,8.425897578299887,0.9,0.03807886552931954
Independent Q-Learning,518,5,31.15999999999999,7.188219529201921,0.9,0.03807886552931954
Independent Q-Learning,519,5,25.840000000000003,6.343737068952336,0.906,0.03435112807463534
Independent Q-Learning,520,5,28.93999999999999,6.609406176049392,0.906,0.03435112807463534
Independent Q-Learning,521,5,31.689999999999998,4.9132982811956305,0.906,0.03435112807463534
Independent Q-Learning,522,5,28.79,4.762273616666724,0.906,0.03435112807463534
Independent Q-Learning,523,5,26.829999999999984,10.024195728336519,0.906,0.03209361307176242
Independent Q-Learning,524,5,34.48999999999998,3.944838399731972,0.908,0.034928498393145956
Independent Q-Learning,525,5,30.589999999999993,6.287626738285269,0.908,0.034928498393145956
Independent Q-Learning,526,5,22.090000000000003,10.788211158482204,0.908,0.03834057902536161
Independent Q-Learning,527,5,24.769999999999996,12.049979253094161,0.9099999999999999,0.035355339059327376
Independent Q-Learning,528,5,27.369999999999997,5.382216086334693,0.9099999999999999,0.035355339059327376
Independent Q-Learning,529,5,30.759999999999998,4.369124626283844,0.9120000000000001,0.03420526275297414
Independent Q-Learning,530,5,32.1,6.22173609212091,0.9120000000000001,0.03420526275297414
Independent Q-Learning,531,5,23.83,15.577892989746706,0.9099999999999999,0.03391164991562634
Independent Q-Learning,532,5,25.029999999999998,10.660886454699723,0.9120000000000001,0.03420526275297414
Independent Q-Learning,533,5,27.869999999999997,5.6775434828805915,0.916,0.03361547262794321
Independent Q-Learning,534,5,29.249999999999993,6.6369232329446115,0.916,0.03361547262794321
Independent Q-Learning,535,5,26.65,3.284813541131363,0.9199999999999999,0.033166247903554
Independent Q-Learning,536,5,29.0,3.277766007511818,0.922,0.03420526275297412
Independent Q-Learning,537,5,26.68,3.8192931283157647,0.922,0.03420526275297412
Independent Q-Learning,538,5,30.829999999999995,2.278596058980166,0.922,0.03420526275297412
Independent Q-Learning,539,5,28.82,4.1944308314716485,0.924,0.033615472627943205
Independent Q-Learning,540,5,24.94999999999999,11.415121549944185,0.922,0.03114482300479486
Independent Q-Learning,541,5,31.909999999999986,3.1143618929083847,0.924,0.0320936130717624
Independent Q-Learning,542,5,24.49,8.840065045009569,0.922,0.03114482300479486
Independent Q-Learning,543,5,30.449999999999996,5.888972745734175,0.924,0.033615472627943205
Independent Q-Learning,544,5,28.15,3.0047878460883024,0.9259999999999999,0.03507135583350035
Independent Q-Learning,545,5,30.82,5.96139664843734,0.9259999999999999,0.03507135583350035
Independent Q-Learning,546,5,25.20999999999999,6.597480579736498,0.9259999999999999,0.0320936130717624
Independent Q-Learning,547,5,27.95999999999999,13.804772725401886,0.9259999999999999,0.03847076812334267
Independent Q-Learning,548,5,22.75,9.974843357166069,0.9259999999999999,0.042778499272414866
Independent Q-Learning,549,5,27.15,2.905813139209055,0.9259999999999999,0.042778499272414866
Independent Q-Learning,550,5,34.609999999999985,4.799270777941145,0.93,0.03807886552931953
Independent Q-Learning,551,5,29.07999999999999,6.49014637739395,0.93,0.03807886552931953
Independent Q-Learning,552,5,25.459999999999987,13.94970429794122,0.9279999999999999,0.03834057902536161
Independent Q-Learning,553,5,24.549999999999997,15.68633959851691,0.9259999999999999,0.035071355833500344
Independent Q-Learning,554,5,30.709999999999997,1.9308029417835424,0.9259999999999999,0.035071355833500344
Independent Q-Learning,555,5,28.96999999999999,5.701381411552808,0.9259999999999999,0.035071355833500344
Independent Q-Learning,556,5,21.650000000000002,14.676895107617275,0.924,0.03646916505762092
Independent Q-Learning,557,5,30.71999999999999,3.803057980099695,0.924,0.03646916505762092
Independent Q-Learning,558,5,26.109999999999992,5.839135209943316,0.93,0.03162277660168377
Independent Q-Learning,559,5,27.689999999999998,5.852713046100924,0.932,0.028635642126552677
Independent Q-Learning,560,5,26.220000000000006,2.27392831901096,0.932,0.028635642126552677
Independent Q-Learning,561,5,32.67999999999999,5.356608068544864,0.9339999999999999,0.026076809620810562
Independent Q-Learning,562,5,30.299999999999994,4.065249069860289,0.9359999999999999,0.024083189157584558
Independent Q-Learning,563,5,27.65,2.9366222092737755,0.9359999999999999,0.024083189157584558
Independent Q-Learning,564,5,29.75,2.1430118991736826,0.9380000000000001,0.022803508501982726
Independent Q-Learning,565,5,25.74,15.200592093731075,0.9359999999999999,0.024083189157584558
Independent Q-Learning,566,5,26.810000000000002,4.34790179281915,0.9359999999999999,0.024083189157584558
Independent Q-Learning,567,5,32.169999999999995,2.1787611158637747,0.9359999999999999,0.024083189157584558
Independent Q-Learning,568,5,27.27,3.2316017700205544,0.9359999999999999,0.024083189157584558
Independent Q-Learning,569,5,21.07999999999999,14.609269317799573,0.9339999999999999,0.020736441353327684
Independent Q-Learning,570,5,22.770000000000003,11.911160732690995,0.932,0.017888543819998277
Independent Q-Learning,571,5,28.9,2.4650050709886955,0.932,0.017888543819998277
Independent Q-Learning,572,5,22.67,12.841563378342991,0.932,0.014832396974191291
Independent Q-Learning,573,5,30.479999999999997,2.4014578905323294,0.932,0.014832396974191291
Independent Q-Learning,574,5,29.179999999999996,3.841972149820969,0.9339999999999999,0.015165750888103064
Independent Q-Learning,575,5,31.189999999999987,4.7059005514353816,0.9339999999999999,0.015165750888103064
Independent Q-Learning,576,5,29.73,1.6619265928433749,0.9359999999999999,0.016733200530681475
Independent Q-Learning,577,5,32.129999999999995,4.875269223335257,0.938,0.013038404810405255
Independent Q-Learning,578,5,26.85,3.946200704475125,0.938,0.013038404810405255
Independent Q-Learning,579,5,27.52,6.5367805531469365,0.9400000000000001,0.009999999999999953
Independent Q-Learning,580,5,17.71,15.141350666304506,0.9359999999999999,0.008944271909999111
Independent Q-Learning,581,5,26.4,2.943637205907001,0.9400000000000001,0.007071067811865442
Independent Q-Learning,582,5,28.630000000000003,3.945978965985501,0.9400000000000001,0.007071067811865442
Independent Q-Learning,583,5,24.439999999999998,12.702627680917047,0.938,0.004472135954999534
Independent Q-Learning,584,5,26.059999999999985,7.971778346140857,0.9359999999999999,0.008944271909999118
Independent Q-Learning,585,5,27.23,1.7880156598866817,0.938,0.010954451150103286
Independent Q-Learning,586,5,31.589999999999996,4.568150610476847,0.938,0.010954451150103286
Independent Q-Learning,587,5,31.059999999999995,6.613093073592715,0.938,0.010954451150103286
Independent Q-Learning,588,5,25.139999999999993,13.241667191105497,0.9359999999999999,0.008944271909999118
Independent Q-Learning,589,5,28.409999999999997,3.444089139380682,0.9359999999999999,0.008944271909999118
Independent Q-Learning,590,5,30.359999999999996,6.155627506599139,0.9359999999999999,0.008944271909999118
Independent Q-Learning,591,5,31.339999999999996,3.518238195460898,0.9359999999999999,0.008944271909999118
Independent Q-Learning,592,5,25.509999999999998,17.330046162662107,0.9339999999999999,0.008944271909999111
Independent Q-Learning,593,5,23.36,14.963513958960297,0.932,0.00836660026534071
Independent Q-Learning,594,5,31.279999999999994,4.353102342008506,0.932,0.00836660026534071
Independent Q-Learning,595,5,28.53,3.187789202566564,0.932,0.00836660026534071
Independent Q-Learning,596,5,26.51,4.444153462696803,0.932,0.00836660026534071
Independent Q-Learning,597,5,28.380000000000003,2.655560204551948,0.932,0.00836660026534071
Independent Q-Learning,598,5,29.319999999999993,4.621498674672528,0.9339999999999999,0.011401754250991337
Independent Q-Learning,599,5,30.599999999999987,5.814099242359028,0.9339999999999999,0.011401754250991337
Independent Q-Learning,600,5,27.410000000000004,4.007867263271078,0.9339999999999999,0.011401754250991337
Independent Q-Learning,601,5,24.990000000000002,13.743289271495374,0.932,0.00836660026534071
Independent Q-Learning,602,5,21.90999999999999,13.592525519564067,0.93,0.012247448713915856
Independent Q-Learning,603,5,31.299999999999994,4.4250706209053785,0.93,0.012247448713915856
Independent Q-Learning,604,5,30.610000000000003,6.884983660111328,0.93,0.012247448713915856
Independent Q-Learning,605,5,28.809999999999995,7.141550951999135,0.932,0.014832396974191291
Independent Q-Learning,606,5,26.7,5.577858011817796,0.932,0.014832396974191291
Independent Q-Learning,607,5,29.330000000000002,5.4167102562348655,0.932,0.014832396974191291
Independent Q-Learning,608,5,29.729999999999997,5.402036652967091,0.9359999999999999,0.013416407864998692
Independent Q-Learning,609,5,23.369999999999994,7.6142629321557,0.9359999999999999,0.011401754250991337
Independent Q-Learning,610,5,29.4,4.495414330181366,0.9359999999999999,0.011401754250991337
Independent Q-Learning,611,5,28.429999999999996,4.302993144312452,0.9359999999999999,0.011401754250991337
Independent Q-Learning,612,5,29.540000000000003,2.6046592867398197,0.938,0.013038404810405255
Independent Q-Learning,613,5,25.869999999999994,4.4718005322241146,0.9400000000000001,0.009999999999999953
Independent Q-Learning,614,5,29.549999999999994,4.720699100768861,0.9400000000000001,0.009999999999999953
Independent Q-Learning,615,5,29.19999999999998,10.645597681671038,0.9400000000000001,0.015811388300841858
Independent Q-Learning,616,5,31.769999999999992,5.07747476606235,0.942,0.01788854381999828
Independent Q-Learning,617,5,32.01,5.538546740797621,0.942,0.01788854381999828
Independent Q-Learning,618,5,28.47999999999999,6.028121597977259,0.942,0.01788854381999828
Independent Q-Learning,619,5,33.96999999999999,4.689962686418728,0.942,0.01788854381999828
Independent Q-Learning,620,5,30.439999999999998,3.818278407869178,0.942,0.01788854381999828
Independent Q-Learning,621,5,30.529999999999994,2.5842310268240265,0.942,0.01788854381999828
Independent Q-Learning,622,5,29.929999999999996,5.403193500144143,0.942,0.01788854381999828
Independent Q-Learning,623,5,25.54,1.8726318378154319,0.944,0.020736441353327688
Independent Q-Learning,624,5,32.04,5.1986055822691455,0.944,0.020736441353327688
Independent Q-Learning,625,5,31.089999999999996,3.179701243827782,0.944,0.020736441353327688
Independent Q-Learning,626,5,21.999999999999993,16.28265948793378,0.942,0.01923538406167131
Independent Q-Learning,627,5,29.55,5.328109420798336,0.944,0.01816590212458493
Independent Q-Learning,628,5,28.21,3.519126312026889,0.944,0.01816590212458493
Independent Q-Learning,629,5,32.519999999999996,1.4855975228843057,0.944,0.01816590212458493
Independent Q-Learning,630,5,29.049999999999994,4.581075201303719,0.944,0.01816590212458493
Independent Q-Learning,631,5,29.949999999999996,1.740330428395706,0.946,0.02190890230020663
Independent Q-Learning,632,5,28.709999999999997,3.0596976974858086,0.9480000000000001,0.022803508501982747
Independent Q-Learning,633,5,30.689999999999998,4.806167912172849,0.9480000000000001,0.022803508501982747
Independent Q-Learning,634,5,22.29,12.328746894960569,0.946,0.019493588689617907
Independent Q-Learning,635,5,25.29999999999999,9.345520317242928,0.944,0.020736441353327688
Independent Q-Learning,636,5,26.069999999999986,14.246429377215879,0.942,0.023874672772626615
Independent Q-Learning,637,5,29.24,4.66146436219348,0.942,0.023874672772626615
Independent Q-Learning,638,5,28.910000000000004,3.7246476343407267,0.942,0.023874672772626615
Independent Q-Learning,639,5,27.089999999999986,9.964587297023396,0.9400000000000001,0.021213203435596392
Independent Q-Learning,640,5,27.55,2.875760768909675,0.942,0.01788854381999828
Independent Q-Learning,641,5,33.64999999999999,3.8572982772920126,0.942,0.01788854381999828
Independent Q-Learning,642,5,27.189999999999998,4.508519712721673,0.944,0.01816590212458491
Independent Q-Learning,643,5,29.05,5.49021857488388,0.944,0.01816590212458491
Independent Q-Learning,644,5,32.08,2.29826021155133,0.944,0.01816590212458491
Independent Q-Learning,645,5,27.189999999999998,2.3591311960126324,0.944,0.01816590212458491
Independent Q-Learning,646,5,28.609999999999992,6.2943824160913415,0.946,0.01673320053068148
Independent Q-Learning,647,5,30.209999999999997,3.893809188956225,0.9480000000000001,0.019235384061671322
Independent Q-Learning,648,5,31.309999999999985,2.478003228407896,0.95,0.01870828693386968
Independent Q-Learning,649,5,29.259999999999998,1.952690451658941,0.95,0.01870828693386968
Independent Q-Learning,650,5,25.429999999999993,8.92115463379042,0.9480000000000001,0.022803508501982733
Independent Q-Learning,651,5,27.270000000000003,2.149011400621225,0.9480000000000001,0.022803508501982733
Independent Q-Learning,652,5,29.790000000000003,3.590682386399551,0.95,0.02345207879911712
Independent Q-Learning,653,5,31.919999999999995,4.975766272645844,0.952,0.019235384061671315
Independent Q-Learning,654,5,27.909999999999997,6.765297480525147,0.952,0.019235384061671315
Independent Q-Learning,655,5,28.1,3.9769649231543367,0.952,0.019235384061671315
Independent Q-Learning,656,5,30.539999999999992,8.665333230753435,0.954,0.019493588689617897
Independent Q-Learning,657,5,24.05,14.876911641869755,0.952,0.019235384061671315
Independent Q-Learning,658,5,20.71,15.13680943924445,0.95,0.01870828693386968
Independent Q-Learning,659,5,33.959999999999994,2.4055664613558294,0.95,0.01870828693386968
Independent Q-Learning,660,5,28.039999999999985,15.086765723640026,0.9480000000000001,0.017888543819998288
Independent Q-Learning,661,5,32.04,7.439539636294702,0.9480000000000001,0.017888543819998288
Independent Q-Learning,662,5,24.720000000000002,12.745420746291583,0.946,0.021908902300206617
Independent Q-Learning,663,5,31.660000000000004,3.9999062489013357,0.946,0.021908902300206617
Independent Q-Learning,664,5,32.18999999999998,3.534013299352445,0.946,0.021908902300206617
Independent Q-Learning,665,5,30.30999999999999,5.918023318642798,0.9480000000000001,0.022803508501982733
Independent Q-Learning,666,5,29.0,4.313641153364515,0.9480000000000001,0.022803508501982733
Independent Q-Learning,667,5,27.939999999999998,3.4708428371218387,0.9480000000000001,0.022803508501982733
Independent Q-Learning,668,5,30.299999999999994,3.996873778342263,0.9480000000000001,0.022803508501982733
Independent Q-Learning,669,5,35.389999999999986,4.727102706732734,0.952,0.020493901531919174
Independent Q-Learning,670,5,27.97,2.9642874354556072,0.954,0.016733200530681485
Independent Q-Learning,671,5,28.919999999999998,7.552201665739595,0.954,0.016733200530681485
Independent Q-Learning,672,5,29.93,3.88468145412207,0.9559999999999998,0.01341640786499875
Independent Q-Learning,673,5,26.02,3.27482823977075,0.9559999999999998,0.01341640786499875
Independent Q-Learning,674,5,27.889999999999997,3.714061119583247,0.9559999999999998,0.01341640786499875
Independent Q-Learning,675,5,29.660000000000004,1.9433862199779017,0.9559999999999998,0.01341640786499875
Independent Q-Learning,676,5,22.05,13.238957662897784,0.954,0.015165750888103114
Independent Q-Learning,677,5,29.779999999999994,4.781291666485106,0.954,0.015165750888103114
Independent Q-Learning,678,5,23.279999999999998,10.009845153647484,0.952,0.016431676725154998
Independent Q-Learning,679,5,28.409999999999997,5.296154265124833,0.952,0.016431676725154998
Independent Q-Learning,680,5,28.21999999999998,11.408691861909487,0.954,0.02073644135332771
Independent Q-Learning,681,5,28.619999999999997,2.782894176931634,0.954,0.02073644135332771
Independent Q-Learning,682,5,32.91,4.7919724540109705,0.954,0.02073644135332771
Independent Q-Learning,683,5,23.81,16.80090771357309,0.954,0.016733200530681485
Independent Q-Learning,684,5,30.529999999999994,3.3265222079523182,0.9560000000000001,0.01949358868961791
Independent Q-Learning,685,5,25.410000000000004,1.8324846520503253,0.9560000000000001,0.01949358868961791
Independent Q-Learning,686,5,30.269999999999992,4.656796108914354,0.9560000000000001,0.01949358868961791
Independent Q-Learning,687,5,33.23,3.6177686493196264,0.9560000000000001,0.01949358868961791
Independent Q-Learning,688,5,32.959999999999994,6.345116232189913,0.958,0.021679483388678783
Independent Q-Learning,689,5,27.779999999999994,4.4118590185997535,0.958,0.021679483388678783
Independent Q-Learning,690,5,30.37999999999999,4.384147579632771,0.958,0.021679483388678783
Independent Q-Learning,691,5,31.379999999999985,6.651559967406123,0.958,0.021679483388678783
Independent Q-Learning,692,5,30.380000000000003,4.666181522401371,0.96,0.021213203435596406
Independent Q-Learning,693,5,29.55999999999999,5.17075913188769,0.962,0.020493901531919174
Independent Q-Learning,694,5,27.509999999999998,4.324262942976519,0.962,0.020493901531919174
Independent Q-Learning,695,5,24.25,14.227262561715795,0.96,0.021213203435596406
Independent Q-Learning,696,5,26.15,2.442334948363964,0.96,0.021213203435596406
Independent Q-Learning,697,5,32.769999999999996,3.123819777131828,0.96,0.021213203435596406
Independent Q-Learning,698,5,33.52999999999999,4.670198068604786,0.96,0.021213203435596406
Independent Q-Learning,699,5,28.919999999999998,6.717756321868178,0.96,0.021213203435596406
Independent Q-Learning,700,5,26.170000000000005,2.9634439424426438,0.96,0.021213203435596406
Independent Q-Learning,701,5,30.639999999999986,5.428558740586665,0.962,0.017888543819998333
Independent Q-Learning,702,5,33.36999999999999,4.747841614881435,0.9640000000000001,0.02073644135332774
Independent Q-Learning,703,5,28.490000000000002,3.2970441307328584,0.9640000000000001,0.02073644135332774
Independent Q-Learning,704,5,27.71,4.749394698274716,0.9640000000000001,0.02073644135332774
Independent Q-Learning,705,5,28.669999999999998,3.7157771730823668,0.9640000000000001,0.02073644135332774
Independent Q-Learning,706,5,20.52,8.32876041197008,0.962,0.021679483388678818
Independent Q-Learning,707,5,28.3,2.6055229801327706,0.962,0.021679483388678818
Independent Q-Learning,708,5,32.469999999999985,7.941079901373605,0.962,0.021679483388678818
Independent Q-Learning,709,5,30.659999999999986,3.665617274075388,0.9640000000000001,0.019493588689617945
Independent Q-Learning,710,5,28.2,4.5739752950797605,0.9640000000000001,0.019493588689617945
Independent Q-Learning,711,5,30.629999999999995,2.5943689020646166,0.9640000000000001,0.019493588689617945
Independent Q-Learning,712,5,27.05,4.261748467472006,0.9640000000000001,0.019493588689617945
Independent Q-Learning,713,5,29.3,3.3909806841089476,0.9640000000000001,0.019493588689617945
Independent Q-Learning,714,5,28.93,2.662141994710272,0.9640000000000001,0.019493588689617945
Independent Q-Learning,715,5,24.110000000000003,3.2160534821423568,0.966,0.018165902124584965
Independent Q-Learning,716,5,30.389999999999997,7.669370899884805,0.966,0.018165902124584965
Independent Q-Learning,717,5,29.03,3.727029648392937,0.966,0.018165902124584965
Independent Q-Learning,718,5,31.94999999999999,4.9301369149345025,0.966,0.018165902124584965
Independent Q-Learning,719,5,28.45,6.683468410937539,0.966,0.018165902124584965
Independent Q-Learning,720,5,30.279999999999994,3.8923964340750246,0.966,0.018165902124584965
Independent Q-Learning,721,5,27.630000000000003,3.0128060010561537,0.966,0.018165902124584965
Independent Q-Learning,722,5,22.01,13.335263401972977,0.9640000000000001,0.02073644135332774
Independent Q-Learning,723,5,34.71999999999999,3.0184018950431333,0.9640000000000001,0.02073644135332774
Independent Q-Learning,724,5,29.04,6.476727568764953,0.9640000000000001,0.02073644135332774
Independent Q-Learning,725,5,26.130000000000006,2.39415956026327,0.9640000000000001,0.02073644135332774
Independent Q-Learning,726,5,25.39,1.5155032167567308,0.968,0.020493901531919215
Independent Q-Learning,727,5,27.25,6.202116574202709,0.968,0.020493901531919215
Independent Q-Learning,728,5,32.11999999999999,4.838465665890367,0.968,0.020493901531919215
Independent Q-Learning,729,5,28.899999999999988,4.840325402284426,0.968,0.020493901531919215
Independent Q-Learning,730,5,30.53,7.37017638866262,0.968,0.020493901531919215
Independent Q-Learning,731,5,27.78,3.6288083443466657,0.968,0.020493901531919215
Independent Q-Learning,732,5,30.29,1.342758355028927,0.968,0.020493901531919215
Independent Q-Learning,733,5,31.43999999999999,4.750447347355822,0.968,0.020493901531919215
Independent Q-Learning,734,5,27.77,3.8999358969090743,0.97,0.018708286933869726
Independent Q-Learning,735,5,29.669999999999998,4.760593450400901,0.9719999999999999,0.016431676725154998
Independent Q-Learning,736,5,25.660000000000004,4.000218744018877,0.974,0.015165750888103114
Independent Q-Learning,737,5,26.3,2.6837473800639304,0.974,0.015165750888103114
Independent Q-Learning,738,5,23.98999999999999,14.751627028907695,0.9719999999999999,0.017888543819998333
Independent Q-Learning,739,5,32.349999999999994,4.866081585834738,0.974,0.015165750888103114
Independent Q-Learning,740,5,27.360000000000003,5.723788081332147,0.974,0.015165750888103114
Independent Q-Learning,741,5,33.64999999999999,2.234390297150431,0.974,0.015165750888103114
Independent Q-Learning,742,5,29.209999999999997,5.334486854421888,0.974,0.015165750888103114
Independent Q-Learning,743,5,20.82,10.656781878221958,0.9719999999999999,0.013038404810405309
Independent Q-Learning,744,5,25.880000000000003,2.4669312921117212,0.9719999999999999,0.013038404810405309
Independent Q-Learning,745,5,28.389999999999997,2.424974226667161,0.9719999999999999,0.013038404810405309
Independent Q-Learning,746,5,31.27999999999999,4.882058991859881,0.9719999999999999,0.013038404810405309
Independent Q-Learning,747,5,29.74999999999999,5.53455056892606,0.9719999999999999,0.013038404810405309
Independent Q-Learning,748,5,33.51,6.048904859559283,0.9719999999999999,0.013038404810405309
Independent Q-Learning,749,5,22.26,15.536304258091754,0.97,0.012247448713915901
Independent Q-Learning,750,5,32.92999999999999,6.084159761215992,0.9719999999999999,0.013038404810405309
Independent Q-Learning,751,5,28.15,3.213642792844282,0.9719999999999999,0.013038404810405309
Independent Q-Learning,752,5,27.610000000000003,3.655543735205473,0.9719999999999999,0.013038404810405309
Independent Q-Learning,753,5,29.52,3.7667293505108628,0.9719999999999999,0.013038404810405309
Independent Q-Learning,754,5,27.7,2.4811791551598996,0.9719999999999999,0.013038404810405309
Independent Q-Learning,755,5,31.99,1.8772985910611015,0.9719999999999999,0.013038404810405309
Independent Q-Learning,756,5,26.53,1.0311401456640121,0.9719999999999999,0.013038404810405309
Independent Q-Learning,757,5,28.54,4.832623511096219,0.974,0.016733200530681527
Independent Q-Learning,758,5,37.24999999999998,4.694810965310525,0.976,0.015165750888103114
Independent Q-Learning,759,5,31.359999999999996,3.573058913592104,0.976,0.015165750888103114
Independent Q-Learning,760,5,32.739999999999995,2.039423938272767,0.978,0.013038404810405309
Independent Q-Learning,761,5,27.71,4.8894529346338915,0.978,0.013038404810405309
Independent Q-Learning,762,5,28.879999999999995,5.465871385241324,0.9800000000000001,0.014142135623730963
Independent Q-Learning,763,5,30.169999999999998,4.579929038751577,0.9800000000000001,0.014142135623730963
Independent Q-Learning,764,5,29.889999999999997,5.488556276471976,0.9800000000000001,0.014142135623730963
Independent Q-Learning,765,5,28.709999999999997,6.648815684014697,0.9800000000000001,0.014142135623730963
Independent Q-Learning,766,5,28.5,3.375833230478063,0.9800000000000001,0.014142135623730963
Independent Q-Learning,767,5,25.490000000000002,2.5257177197778864,0.9800000000000001,0.014142135623730963
Independent Q-Learning,768,5,28.589999999999996,2.658335945662245,0.9800000000000001,0.014142135623730963
Independent Q-Learning,769,5,31.909999999999997,7.313463611723238,0.9800000000000001,0.014142135623730963
Independent Q-Learning,770,5,29.43,3.4374045441291874,0.9800000000000001,0.014142135623730963
Independent Q-Learning,771,5,29.18,7.033011446030777,0.9800000000000001,0.014142135623730963
Independent Q-Learning,772,5,23.069999999999993,11.701100375605723,0.978,0.010954451150103331
Independent Q-Learning,773,5,28.75,4.538446870901982,0.978,0.010954451150103331
Independent Q-Learning,774,5,27.21,3.815167099879112,0.978,0.010954451150103331
Independent Q-Learning,775,5,28.310000000000002,6.2886206754740686,0.978,0.010954451150103331
Independent Q-Learning,776,5,32.09999999999999,4.415597354832065,0.9800000000000001,0.010000000000000009
Independent Q-Learning,777,5,33.009999999999984,6.274392400862411,0.9800000000000001,0.010000000000000009
Independent Q-Learning,778,5,30.499999999999993,6.365139432879685,0.982,0.008366600265340763
Independent Q-Learning,779,5,34.03999999999999,6.235122292305086,0.982,0.008366600265340763
Independent Q-Learning,780,5,30.189999999999998,2.1643128239697678,0.984,0.008944271909999166
Independent Q-Learning,781,5,28.529999999999994,4.644163003168594,0.984,0.008944271909999166
Independent Q-Learning,782,5,29.35,4.87198624792804,0.984,0.008944271909999166
Independent Q-Learning,783,5,30.169999999999995,4.384147579632771,0.986,0.005477225575051666
Independent Q-Learning,784,5,30.059999999999995,3.565178817394712,0.986,0.005477225575051666
Independent Q-Learning,785,5,27.759999999999998,5.7814790495166495,0.986,0.005477225575051666
Independent Q-Learning,786,5,34.41999999999998,5.949747893818679,0.986,0.005477225575051666
Independent Q-Learning,787,5,28.949999999999996,4.597009897748747,0.986,0.005477225575051666
Independent Q-Learning,788,5,25.05,11.779378166949215,0.984,0.005477225575051666
Independent Q-Learning,789,5,32.49999999999999,3.803452379089285,0.984,0.005477225575051666
Independent Q-Learning,790,5,32.41999999999999,4.696621125873351,0.984,0.005477225575051666
Independent Q-Learning,791,5,23.53,20.35379571480464,0.9800000000000001,0.007071067811865481
Independent Q-Learning,792,5,27.859999999999996,5.360900110988816,0.9800000000000001,0.007071067811865481
Independent Q-Learning,793,5,27.990000000000002,4.4600168161117955,0.9800000000000001,0.007071067811865481
Independent Q-Learning,794,5,26.95,3.769117933946875,0.9800000000000001,0.007071067811865481
Independent Q-Learning,795,5,31.130000000000003,3.249730758078272,0.982,0.008366600265340763
Independent Q-Learning,796,5,31.43999999999999,3.2753625753494804,0.982,0.008366600265340763
Independent Q-Learning,797,5,21.1,9.664884893261787,0.9800000000000001,0.007071067811865481
Independent Q-Learning,798,5,24.319999999999986,12.284471905621357,0.978,0.004472135954999584
Independent Q-Learning,799,5,34.68999999999999,5.654909371510733,0.978,0.004472135954999584
Independent Q-Learning,800,5,29.639999999999997,4.013633017603872,0.978,0.004472135954999584
Independent Q-Learning,801,5,23.5,8.22716536846076,0.976,0.005477225575051666
Independent Q-Learning,802,5,32.42,6.03485708198628,0.976,0.005477225575051666
Independent Q-Learning,803,5,34.709999999999994,7.022944539151648,0.976,0.005477225575051666
Independent Q-Learning,804,5,27.959999999999997,5.385559395271763,0.976,0.005477225575051666
Independent Q-Learning,805,5,27.919999999999998,5.231825685169561,0.976,0.005477225575051666
Independent Q-Learning,806,5,31.69999999999999,8.372574275573776,0.978,0.008366600265340763
Independent Q-Learning,807,5,26.339999999999986,7.270952482309292,0.978,0.008366600265340763
Independent Q-Learning,808,5,29.839999999999996,6.733442655878192,0.978,0.008366600265340763
Independent Q-Learning,809,5,26.72,4.3064776790319,0.978,0.008366600265340763
Independent Q-Learning,810,5,28.21,1.3441540090331863,0.978,0.008366600265340763
Independent Q-Learning,811,5,30.479999999999997,3.0687130853176794,0.978,0.008366600265340763
Independent Q-Learning,812,5,28.089999999999996,2.646318197042827,0.978,0.008366600265340763
Independent Q-Learning,813,5,29.559999999999995,6.200342732462454,0.978,0.008366600265340763
Independent Q-Learning,814,5,24.68,9.016138308610852,0.976,0.005477225575051666
Independent Q-Learning,815,5,25.779999999999994,6.417807257934745,0.976,0.005477225575051666
Independent Q-Learning,816,5,30.5,7.377584292978286,0.976,0.005477225575051666
Independent Q-Learning,817,5,28.110000000000003,1.3520355024924393,0.976,0.005477225575051666
Independent Q-Learning,818,5,30.80999999999999,5.471905518190155,0.976,0.005477225575051666
Independent Q-Learning,819,5,34.97999999999999,5.704888254821462,0.976,0.005477225575051666
Independent Q-Learning,820,5,28.619999999999997,3.385742163839412,0.976,0.005477225575051666
Independent Q-Learning,821,5,30.459999999999997,5.229651039983444,0.976,0.005477225575051666
Independent Q-Learning,822,5,29.70999999999999,2.8393221021926878,0.978,0.004472135954999584
Independent Q-Learning,823,5,33.30999999999999,6.17063610983502,0.978,0.004472135954999584
Independent Q-Learning,824,5,28.32,3.7452636756308584,0.978,0.004472135954999584
Independent Q-Learning,825,5,32.589999999999996,7.277396512489885,0.978,0.004472135954999584
Independent Q-Learning,826,5,30.939999999999998,2.141961717678442,0.978,0.004472135954999584
Independent Q-Learning,827,5,33.099999999999994,6.001041576259902,0.978,0.004472135954999584
Independent Q-Learning,828,5,27.97,5.589230716297184,0.978,0.004472135954999584
Independent Q-Learning,829,5,31.869999999999997,4.901096816019856,0.978,0.004472135954999584
Independent Q-Learning,830,5,32.27999999999999,7.13053293940922,0.978,0.004472135954999584
Independent Q-Learning,831,5,27.709999999999997,3.8197513008048,0.978,0.004472135954999584
Independent Q-Learning,832,5,27.119999999999997,3.423558090641953,0.978,0.004472135954999584
Independent Q-Learning,833,5,28.99,3.7844088045558624,0.978,0.004472135954999584
Independent Q-Learning,834,5,32.609999999999985,2.9543188724306573,0.978,0.004472135954999584
Independent Q-Learning,835,5,31.02,5.6943612460046795,0.978,0.004472135954999584
Independent Q-Learning,836,5,32.67999999999998,4.891267729331508,0.978,0.004472135954999584
Independent Q-Learning,837,5,32.08999999999999,4.401619020315128,0.978,0.004472135954999584
Independent Q-Learning,838,5,30.539999999999992,2.8234287665885875,0.9800000000000001,0.007071067811865481
Independent Q-Learning,839,5,28.839999999999996,5.0569753806005355,0.9800000000000001,0.007071067811865481
Independent Q-Learning,840,5,29.479999999999997,5.074519681703869,0.9800000000000001,0.007071067811865481
Independent Q-Learning,841,5,28.829999999999995,5.759622383455351,0.9800000000000001,0.007071067811865481
Independent Q-Learning,842,5,33.419999999999995,4.016932909571674,0.9800000000000001,0.007071067811865481
Independent Q-Learning,843,5,26.609999999999996,4.140410607657166,0.982,0.008366600265340763
Independent Q-Learning,844,5,28.67999999999999,5.000074999437487,0.982,0.008366600265340763
Independent Q-Learning,845,5,25.12,10.89343839198625,0.9800000000000001,0.010000000000000009
Independent Q-Learning,846,5,32.839999999999996,5.821769490455625,0.9800000000000001,0.010000000000000009
Independent Q-Learning,847,5,32.31999999999999,6.430552075832979,0.9800000000000001,0.010000000000000009
Independent Q-Learning,848,5,32.359999999999985,5.500727224649472,0.9800000000000001,0.010000000000000009
Independent Q-Learning,849,5,23.219999999999995,15.238544878038706,0.9800000000000001,0.010000000000000009
Independent Q-Learning,850,5,31.459999999999987,6.333975844601856,0.9800000000000001,0.010000000000000009
Independent Q-Learning,851,5,32.789999999999985,8.10797446961939,0.9800000000000001,0.010000000000000009
Independent Q-Learning,852,5,27.35,4.138538389335055,0.9800000000000001,0.010000000000000009
Independent Q-Learning,853,5,28.669999999999998,3.075426799649112,0.9800000000000001,0.010000000000000009
Independent Q-Learning,854,5,29.04,5.376034784113648,0.9800000000000001,0.010000000000000009
Independent Q-Learning,855,5,28.660000000000004,2.811449803926793,0.9800000000000001,0.010000000000000009
Independent Q-Learning,856,5,28.810000000000002,3.5847594061526626,0.9800000000000001,0.010000000000000009
Independent Q-Learning,857,5,28.02,3.349552208878075,0.9800000000000001,0.010000000000000009
Independent Q-Learning,858,5,33.17999999999999,3.301439080158827,0.9800000000000001,0.010000000000000009
Independent Q-Learning,859,5,32.349999999999994,3.908804164958884,0.9800000000000001,0.010000000000000009
Independent Q-Learning,860,5,33.44,4.471632811401215,0.9800000000000001,0.010000000000000009
Independent Q-Learning,861,5,26.610000000000003,3.655885665608267,0.9800000000000001,0.010000000000000009
Independent Q-Learning,862,5,31.119999999999997,2.9541496238342395,0.9800000000000001,0.010000000000000009
Independent Q-Learning,863,5,28.97999999999999,4.6752807402336645,0.9800000000000001,0.010000000000000009
Independent Q-Learning,864,5,29.429999999999986,4.300959195342341,0.9800000000000001,0.010000000000000009
Independent Q-Learning,865,5,29.379999999999995,3.5914133708054248,0.9800000000000001,0.010000000000000009
Independent Q-Learning,866,5,29.029999999999994,4.491185812232656,0.9800000000000001,0.010000000000000009
Independent Q-Learning,867,5,32.269999999999996,8.074156302673359,0.9800000000000001,0.010000000000000009
Independent Q-Learning,868,5,28.6,3.01226658846789,0.9800000000000001,0.010000000000000009
Independent Q-Learning,869,5,29.069999999999986,4.437989409631328,0.9800000000000001,0.010000000000000009
Independent Q-Learning,870,5,34.379999999999995,7.348180046787092,0.9800000000000001,0.010000000000000009
Independent Q-Learning,871,5,29.23,4.165723226523813,0.9800000000000001,0.010000000000000009
Independent Q-Learning,872,5,30.919999999999995,4.648870830642635,0.982,0.008366600265340763
Independent Q-Learning,873,5,29.149999999999995,3.2111135140321574,0.982,0.008366600265340763
Independent Q-Learning,874,5,28.159999999999997,5.732734949393696,0.982,0.008366600265340763
Independent Q-Learning,875,5,30.059999999999995,4.190077564914518,0.982,0.008366600265340763
Independent Q-Learning,876,5,28.549999999999994,5.333971316008357,0.982,0.008366600265340763
Independent Q-Learning,877,5,31.099999999999994,3.5256205127608355,0.982,0.008366600265340763
Independent Q-Learning,878,5,27.95,4.052622607645569,0.982,0.008366600265340763
Independent Q-Learning,879,5,29.839999999999993,3.9122244311900047,0.982,0.008366600265340763
Independent Q-Learning,880,5,28.49,5.388111914205193,0.982,0.008366600265340763
Independent Q-Learning,881,5,29.53,3.108174705514474,0.982,0.008366600265340763
Independent Q-Learning,882,5,29.089999999999993,4.861506968008985,0.982,0.008366600265340763
Independent Q-Learning,883,5,29.55,2.6504716561397137,0.982,0.008366600265340763
Independent Q-Learning,884,5,29.179999999999996,6.237447394567744,0.982,0.008366600265340763
Independent Q-Learning,885,5,32.379999999999995,6.961016448766656,0.982,0.008366600265340763
Independent Q-Learning,886,5,31.309999999999995,4.252851984257147,0.982,0.008366600265340763
Independent Q-Learning,887,5,25.259999999999987,11.086669923831966,0.9800000000000001,0.007071067811865481
Independent Q-Learning,888,5,31.049999999999994,2.4561148181630186,0.982,0.008366600265340763
Independent Q-Learning,889,5,31.229999999999997,7.448204481618363,0.982,0.008366600265340763
Independent Q-Learning,890,5,30.369999999999997,1.4016062214473768,0.982,0.008366600265340763
Independent Q-Learning,891,5,25.53,4.663903944122348,0.986,0.008944271909999166
Independent Q-Learning,892,5,27.389999999999997,3.1609729514818654,0.986,0.008944271909999166
Independent Q-Learning,893,5,26.369999999999997,4.603341177883733,0.986,0.008944271909999166
Independent Q-Learning,894,5,33.199999999999996,5.933590818383079,0.986,0.008944271909999166
Independent Q-Learning,895,5,24.930000000000003,2.680158577397986,0.986,0.008944271909999166
Independent Q-Learning,896,5,30.129999999999995,5.091978986602357,0.986,0.008944271909999166
Independent Q-Learning,897,5,31.649999999999995,2.633438816452731,0.9879999999999999,0.008366600265340763
Independent Q-Learning,898,5,31.860000000000003,5.005921493591363,0.99,0.007071067811865481
Independent Q-Learning,899,5,34.86999999999999,4.038966451952768,0.99,0.007071067811865481
Independent Q-Learning,900,5,28.54,6.877626770914508,0.99,0.007071067811865481
Independent Q-Learning,901,5,27.609999999999996,2.4970983160460447,0.992,0.004472135954999584
Independent Q-Learning,902,5,31.98,3.2917700405708747,0.992,0.004472135954999584
Independent Q-Learning,903,5,31.659999999999997,5.050915758553084,0.992,0.004472135954999584
Independent Q-Learning,904,5,26.46999999999999,12.935542122385119,0.99,0.0
Independent Q-Learning,905,5,29.27,3.929949109085256,0.99,0.0
Independent Q-Learning,906,5,25.810000000000002,2.621640707648552,0.99,0.0
Independent Q-Learning,907,5,26.660000000000004,4.4172106583227375,0.99,0.0
Independent Q-Learning,908,5,26.240000000000002,2.7958451316194175,0.99,0.0
Independent Q-Learning,909,5,29.71999999999999,4.63109058430085,0.99,0.0
Independent Q-Learning,910,5,32.61999999999999,4.006494727314632,0.99,0.0
Independent Q-Learning,911,5,28.919999999999998,2.071412561514485,0.99,0.0
Independent Q-Learning,912,5,30.169999999999998,3.1862203313644186,0.99,0.0
Independent Q-Learning,913,5,29.65999999999999,1.8022208521709957,0.99,0.0
Independent Q-Learning,914,5,31.119999999999997,6.975815364529077,0.992,0.004472135954999584
Independent Q-Learning,915,5,24.609999999999992,6.492341642273629,0.99,0.007071067811865481
Independent Q-Learning,916,5,29.549999999999994,5.21500239693137,0.99,0.007071067811865481
Independent Q-Learning,917,5,29.80999999999999,5.869348345429832,0.99,0.007071067811865481
Independent Q-Learning,918,5,28.359999999999992,4.653278414193576,0.99,0.007071067811865481
Independent Q-Learning,919,5,27.18,3.61396596552873,0.99,0.007071067811865481
Independent Q-Learning,920,5,28.529999999999994,3.6967215204827055,0.99,0.007071067811865481
Independent Q-Learning,921,5,27.85,1.465435088975284,0.99,0.007071067811865481
Independent Q-Learning,922,5,32.33999999999999,5.1910259101645675,0.99,0.007071067811865481
Independent Q-Learning,923,5,23.250000000000004,3.7807076057267395,0.99,0.007071067811865481
Independent Q-Learning,924,5,29.610000000000003,2.9812748950742516,0.99,0.007071067811865481
Independent Q-Learning,925,5,31.249999999999993,7.627417649506279,0.99,0.007071067811865481
Independent Q-Learning,926,5,27.330000000000002,4.525428156539439,0.99,0.007071067811865481
Independent Q-Learning,927,5,29.919999999999995,5.507109041956584,0.99,0.007071067811865481
Independent Q-Learning,928,5,28.57,5.186352282674203,0.99,0.007071067811865481
Independent Q-Learning,929,5,27.809999999999995,2.779703221568805,0.99,0.007071067811865481
Independent Q-Learning,930,5,32.7,6.16634008144215,0.99,0.007071067811865481
Independent Q-Learning,931,5,30.96999999999999,3.833829678011263,0.99,0.007071067811865481
Independent Q-Learning,932,5,35.47999999999998,5.577701139358396,0.99,0.007071067811865481
Independent Q-Learning,933,5,32.63999999999999,5.523970492317996,0.99,0.007071067811865481
Independent Q-Learning,934,5,29.799999999999994,2.9398129192178115,0.99,0.007071067811865481
Independent Q-Learning,935,5,29.669999999999995,2.5667586563601885,0.99,0.007071067811865481
Independent Q-Learning,936,5,29.329999999999995,5.067124431075269,0.99,0.007071067811865481
Independent Q-Learning,937,5,31.259999999999998,5.906183200680447,0.99,0.007071067811865481
Independent Q-Learning,938,5,29.759999999999998,3.0790420588228353,0.99,0.007071067811865481
Independent Q-Learning,939,5,31.009999999999998,2.2675427228610197,0.99,0.007071067811865481
Independent Q-Learning,940,5,30.599999999999994,2.9734239522812618,0.99,0.007071067811865481
Independent Q-Learning,941,5,29.679999999999996,4.324002775207246,0.99,0.007071067811865481
Independent Q-Learning,942,5,32.11999999999999,3.4468463847406907,0.99,0.007071067811865481
Independent Q-Learning,943,5,29.169999999999998,2.832092865709029,0.99,0.007071067811865481
Independent Q-Learning,944,5,29.669999999999995,6.006517293740181,0.99,0.007071067811865481
Independent Q-Learning,945,5,27.589999999999996,3.724647634340731,0.992,0.004472135954999584
Independent Q-Learning,946,5,30.46999999999999,4.715479827122573,0.992,0.004472135954999584
Independent Q-Learning,947,5,30.079999999999995,3.9213518077316074,0.992,0.004472135954999584
Independent Q-Learning,948,5,29.059999999999995,4.65327841419358,0.992,0.004472135954999584
Independent Q-Learning,949,5,29.060000000000002,2.638512838702887,0.994,0.005477225575051666
Independent Q-Learning,950,5,23.019999999999996,13.553855540029918,0.992,0.004472135954999584
Independent Q-Learning,951,5,34.52999999999999,9.308437033143631,0.992,0.004472135954999584
Independent Q-Learning,952,5,29.830000000000002,3.519517012318586,0.992,0.004472135954999584
Independent Q-Learning,953,5,29.979999999999997,3.320128009580348,0.992,0.004472135954999584
Independent Q-Learning,954,5,29.029999999999994,5.475810442299833,0.992,0.004472135954999584
Independent Q-Learning,955,5,31.139999999999997,5.485480835806458,0.992,0.004472135954999584
Independent Q-Learning,956,5,28.669999999999995,6.3077927993871015,0.992,0.004472135954999584
Independent Q-Learning,957,5,28.089999999999996,4.53243863720183,0.992,0.004472135954999584
Independent Q-Learning,958,5,28.45,5.43530127959803,0.992,0.004472135954999584
Independent Q-Learning,959,5,26.03,3.9388450083749156,0.992,0.004472135954999584
Independent Q-Learning,960,5,28.27,5.948907462719517,0.992,0.004472135954999584
Independent Q-Learning,961,5,33.68999999999999,4.879728476052734,0.992,0.004472135954999584
Independent Q-Learning,962,5,26.959999999999997,3.5878963195722333,0.992,0.004472135954999584
Independent Q-Learning,963,5,27.089999999999996,8.136445784247558,0.992,0.004472135954999584
Independent Q-Learning,964,5,32.17,6.334587595100399,0.992,0.004472135954999584
Independent Q-Learning,965,5,28.589999999999996,2.461554386967715,0.992,0.004472135954999584
Independent Q-Learning,966,5,30.27999999999999,3.5232442435913893,0.992,0.004472135954999584
Independent Q-Learning,967,5,28.51,3.5380785745938406,0.992,0.004472135954999584
Independent Q-Learning,968,5,30.29999999999999,6.675140447960611,0.992,0.004472135954999584
Independent Q-Learning,969,5,28.770000000000003,2.6562661764213304,0.992,0.004472135954999584
Independent Q-Learning,970,5,29.080000000000002,4.2069288085252845,0.992,0.004472135954999584
Independent Q-Learning,971,5,28.279999999999994,5.7394032790874645,0.992,0.004472135954999584
Independent Q-Learning,972,5,29.429999999999996,3.6106786065779923,0.992,0.004472135954999584
Independent Q-Learning,973,5,28.73,3.4177112224411212,0.992,0.004472135954999584
Independent Q-Learning,974,5,27.43,5.061941327198487,0.992,0.004472135954999584
Independent Q-Learning,975,5,27.880000000000003,3.126619580313535,0.992,0.004472135954999584
Independent Q-Learning,976,5,28.29,5.491857609224766,0.992,0.004472135954999584
Independent Q-Learning,977,5,31.080000000000002,3.8178200586198403,0.992,0.004472135954999584
Independent Q-Learning,978,5,29.72,3.4757373318477294,0.992,0.004472135954999584
Independent Q-Learning,979,5,28.589999999999996,4.210463157421042,0.992,0.004472135954999584
Independent Q-Learning,980,5,27.2,3.5019637348207926,0.992,0.004472135954999584
Independent Q-Learning,981,5,30.359999999999996,3.96664215678702,0.992,0.004472135954999584
Independent Q-Learning,982,5,29.529999999999994,6.103441652051725,0.992,0.004472135954999584
Independent Q-Learning,983,5,32.47,2.6463654320595995,0.992,0.004472135954999584
Independent Q-Learning,984,5,31.079999999999995,5.089891943843205,0.992,0.004472135954999584
Independent Q-Learning,985,5,29.99,4.964801103770415,0.992,0.004472135954999584
Independent Q-Learning,986,5,31.169999999999998,3.213953951132466,0.992,0.004472135954999584
Independent Q-Learning,987,5,26.77,2.4946442632167014,0.994,0.005477225575051666
Independent Q-Learning,988,5,32.59999999999999,4.612618562161843,0.994,0.005477225575051666
Independent Q-Learning,989,5,30.159999999999997,6.462816723379982,0.994,0.005477225575051666
Independent Q-Learning,990,5,30.759999999999998,6.195098869267538,0.994,0.005477225575051666
Independent Q-Learning,991,5,26.919999999999995,11.574465430420544,0.992,0.004472135954999584
Independent Q-Learning,992,5,33.09999999999999,3.882170784496731,0.992,0.004472135954999584
Independent Q-Learning,993,5,29.149999999999995,4.914900812834366,0.992,0.004472135954999584
Independent Q-Learning,994,5,31.629999999999995,5.228121077404377,0.992,0.004472135954999584
Independent Q-Learning,995,5,31.21999999999999,4.8589607942439645,0.992,0.004472135954999584
Independent Q-Learning,996,5,29.01,5.204373161102107,0.992,0.004472135954999584
Independent Q-Learning,997,5,26.019999999999992,5.3091430570290585,0.992,0.004472135954999584
Independent Q-Learning,998,5,28.009999999999998,4.9458821255666745,0.992,0.004472135954999584
Independent Q-Learning,999,5,29.49,7.0311272211502445,0.992,0.004472135954999584
Independent Q-Learning,1000,5,31.199999999999996,3.230131576267439,0.992,0.004472135954999584
Independent Q-Learning,1001,5,30.859999999999996,2.3810186895528522,0.992,0.004472135954999584
Independent Q-Learning,1002,5,27.21,2.981484529559057,0.992,0.004472135954999584
Independent Q-Learning,1003,5,29.069999999999993,4.958906129379735,0.992,0.004472135954999584
Independent Q-Learning,1004,5,29.759999999999998,1.7928329537355068,0.994,0.005477225575051666
Independent Q-Learning,1005,5,31.779999999999994,3.234501507187769,0.994,0.005477225575051666
Independent Q-Learning,1006,5,28.73,2.1155968425009513,0.994,0.005477225575051666
Independent Q-Learning,1007,5,29.559999999999995,6.030692331731063,0.994,0.005477225575051666
Independent Q-Learning,1008,5,30.389999999999997,2.975189069622293,0.994,0.005477225575051666
Independent Q-Learning,1009,5,27.139999999999997,3.9880132898474607,0.994,0.005477225575051666
Independent Q-Learning,1010,5,32.37,2.4717402776181765,0.994,0.005477225575051666
Independent Q-Learning,1011,5,27.899999999999995,4.479815844429316,0.994,0.005477225575051666
Independent Q-Learning,1012,5,29.28,3.4177112224411235,0.994,0.005477225575051666
Independent Q-Learning,1013,5,32.09999999999999,5.439554209675627,0.994,0.005477225575051666
Independent Q-Learning,1014,5,28.72,3.8370887401778906,0.994,0.005477225575051666
Independent Q-Learning,1015,5,22.639999999999993,7.616462433439832,0.994,0.005477225575051666
Independent Q-Learning,1016,5,27.440000000000005,3.1520628166329443,0.994,0.005477225575051666
Independent Q-Learning,1017,5,29.43,5.4093206597501675,0.994,0.005477225575051666
Independent Q-Learning,1018,5,29.269999999999992,6.501884342250322,0.994,0.005477225575051666
Independent Q-Learning,1019,5,28.140000000000004,3.629462770163099,0.994,0.005477225575051666
Independent Q-Learning,1020,5,26.75,3.2124756808418007,0.994,0.005477225575051666
Independent Q-Learning,1021,5,22.169999999999995,10.389995187679348,0.992,0.008366600265340763
Independent Q-Learning,1022,5,29.619999999999997,6.533528908637346,0.992,0.008366600265340763
Independent Q-Learning,1023,5,29.409999999999997,3.303293810728904,0.992,0.008366600265340763
Independent Q-Learning,1024,5,29.15,2.5288337232803477,0.992,0.008366600265340763
Independent Q-Learning,1025,5,26.479999999999997,3.759088985379289,0.992,0.008366600265340763
Independent Q-Learning,1026,5,25.349999999999998,9.034655499796333,0.99,0.010000000000000009
Independent Q-Learning,1027,5,27.770000000000003,3.6212221693787274,0.99,0.010000000000000009
Independent Q-Learning,1028,5,28.389999999999997,5.289305247383626,0.99,0.010000000000000009
Independent Q-Learning,1029,5,23.93,12.53872003036993,0.9879999999999999,0.008366600265340763
Independent Q-Learning,1030,5,27.329999999999995,2.772318524268084,0.9879999999999999,0.008366600265340763
Independent Q-Learning,1031,5,28.979999999999997,4.308218889518028,0.9879999999999999,0.008366600265340763
Independent Q-Learning,1032,5,30.249999999999993,5.682429058070138,0.9879999999999999,0.008366600265340763
Independent Q-Learning,1033,5,28.679999999999996,3.701114696952792,0.9879999999999999,0.008366600265340763
Independent Q-Learning,1034,5,30.419999999999998,3.8065075857010955,0.9879999999999999,0.008366600265340763
Independent Q-Learning,1035,5,34.01,5.117421225578362,0.9879999999999999,0.008366600265340763
Independent Q-Learning,1036,5,30.939999999999998,4.179174559646914,0.9879999999999999,0.008366600265340763
Independent Q-Learning,1037,5,28.9,4.583530298798077,0.9879999999999999,0.008366600265340763
Independent Q-Learning,1038,5,27.97,2.1554001948594133,0.9879999999999999,0.008366600265340763
Independent Q-Learning,1039,5,30.819999999999993,3.0709526209305054,0.9879999999999999,0.008366600265340763
Independent Q-Learning,1040,5,28.910000000000004,5.250761849484317,0.9879999999999999,0.008366600265340763
Independent Q-Learning,1041,5,29.429999999999996,5.785607141865055,0.9879999999999999,0.008366600265340763
Independent Q-Learning,1042,5,30.77,3.010938391930327,0.9879999999999999,0.008366600265340763
Independent Q-Learning,1043,5,28.149999999999995,5.455272678794332,0.9879999999999999,0.008366600265340763
Independent Q-Learning,1044,5,35.94999999999999,4.238366430595629,0.9879999999999999,0.008366600265340763
Independent Q-Learning,1045,5,30.809999999999995,4.590397586266356,0.9879999999999999,0.008366600265340763
Independent Q-Learning,1046,5,29.04,4.93702845849606,0.9879999999999999,0.008366600265340763
Independent Q-Learning,1047,5,29.97,3.281501180862196,0.9879999999999999,0.008366600265340763
Independent Q-Learning,1048,5,27.389999999999997,5.328390939110978,0.9879999999999999,0.008366600265340763
Independent Q-Learning,1049,5,31.109999999999996,4.319490710720413,0.9879999999999999,0.008366600265340763
Independent Q-Learning,1050,5,25.369999999999997,12.177109673481624,0.9879999999999999,0.010954451150103333
Independent Q-Learning,1051,5,31.9,2.5717212135066227,0.9879999999999999,0.010954451150103333
Independent Q-Learning,1052,5,26.630000000000003,3.658995763867456,0.9879999999999999,0.010954451150103333
Independent Q-Learning,1053,5,32.88999999999999,3.8018745376458716,0.9879999999999999,0.010954451150103333
Independent Q-Learning,1054,5,30.889999999999997,4.513922905854725,0.9879999999999999,0.010954451150103333
Independent Q-Learning,1055,5,30.419999999999987,6.02978026133622,0.9879999999999999,0.010954451150103333
Independent Q-Learning,1056,5,29.889999999999997,2.595524995063617,0.9879999999999999,0.010954451150103333
Independent Q-Learning,1057,5,32.959999999999994,4.413813543864303,0.9879999999999999,0.010954451150103333
Independent Q-Learning,1058,5,31.729999999999997,5.147766505971296,0.9879999999999999,0.010954451150103333
Independent Q-Learning,1059,5,32.019999999999996,4.047005065477424,0.9879999999999999,0.010954451150103333
Independent Q-Learning,1060,5,33.889999999999986,5.0054220601263895,0.9879999999999999,0.010954451150103333
Independent Q-Learning,1061,5,29.97,2.994703658127122,0.9879999999999999,0.010954451150103333
Independent Q-Learning,1062,5,29.00999999999999,6.081776056383518,0.9879999999999999,0.010954451150103333
Independent Q-Learning,1063,5,26.6,3.487836005319057,0.9879999999999999,0.010954451150103333
Independent Q-Learning,1064,5,27.5,2.967743250350336,0.9879999999999999,0.010954451150103333
Independent Q-Learning,1065,5,33.67999999999999,8.627832868107719,0.9879999999999999,0.010954451150103333
Independent Q-Learning,1066,5,29.189999999999998,2.136995554511047,0.9879999999999999,0.010954451150103333
Independent Q-Learning,1067,5,28.929999999999996,2.4004166305039587,0.9879999999999999,0.010954451150103333
Independent Q-Learning,1068,5,30.809999999999995,4.454548237475937,0.9879999999999999,0.010954451150103333
Independent Q-Learning,1069,5,28.99,6.979469893910277,0.9879999999999999,0.010954451150103333
Independent Q-Learning,1070,5,32.269999999999996,1.8427560880376959,0.9879999999999999,0.010954451150103333
Independent Q-Learning,1071,5,27.22,1.8092125358840514,0.9879999999999999,0.010954451150103333
Independent Q-Learning,1072,5,30.169999999999998,5.519125836579556,0.9879999999999999,0.010954451150103333
Independent Q-Learning,1073,5,30.559999999999995,4.488373870345467,0.9879999999999999,0.010954451150103333
Independent Q-Learning,1074,5,30.07,2.86282203428714,0.9879999999999999,0.010954451150103333
Independent Q-Learning,1075,5,31.43,4.191449629901327,0.9879999999999999,0.010954451150103333
Independent Q-Learning,1076,5,29.57,2.4306892026748264,0.9879999999999999,0.010954451150103333
Independent Q-Learning,1077,5,31.599999999999994,7.0520387123157455,0.9879999999999999,0.010954451150103333
Independent Q-Learning,1078,5,29.140000000000004,7.7368759845301875,0.9879999999999999,0.010954451150103333
Independent Q-Learning,1079,5,28.93,3.425018248126565,0.9879999999999999,0.010954451150103333
Independent Q-Learning,1080,5,29.669999999999998,6.965594016306145,0.9879999999999999,0.010954451150103333
Independent Q-Learning,1081,5,32.249999999999986,6.671394157145858,0.9879999999999999,0.010954451150103333
Independent Q-Learning,1082,5,31.359999999999996,1.8341891941672697,0.9879999999999999,0.010954451150103333
Independent Q-Learning,1083,5,33.6,5.11346262331113,0.9879999999999999,0.010954451150103333
Independent Q-Learning,1084,5,31.049999999999994,2.781186797034673,0.9879999999999999,0.010954451150103333
Independent Q-Learning,1085,5,33.11999999999999,3.679096356444064,0.9879999999999999,0.010954451150103333
Independent Q-Learning,1086,5,29.609999999999996,4.685536255328729,0.9879999999999999,0.010954451150103333
Independent Q-Learning,1087,5,30.179999999999996,2.8845710252999424,0.9879999999999999,0.010954451150103333
Independent Q-Learning,1088,5,29.860000000000003,3.1657147692108953,0.9879999999999999,0.010954451150103333
Independent Q-Learning,1089,5,30.259999999999998,3.678892496390722,0.9879999999999999,0.010954451150103333
Independent Q-Learning,1090,5,31.15999999999999,7.905014231486229,0.9879999999999999,0.010954451150103333
Independent Q-Learning,1091,5,25.99,3.393817909081157,0.99,0.010000000000000009
Independent Q-Learning,1092,5,28.72,5.879583318569434,0.99,0.010000000000000009
Independent Q-Learning,1093,5,29.79999999999999,4.84045452411237,0.99,0.010000000000000009
Independent Q-Learning,1094,5,33.519999999999996,6.165894095749613,0.99,0.010000000000000009
Independent Q-Learning,1095,5,29.949999999999996,5.631385264746136,0.99,0.010000000000000009
Independent Q-Learning,1096,5,24.93,12.377025086829219,0.9879999999999999,0.013038404810405309
Independent Q-Learning,1097,5,22.050000000000004,10.117929630117017,0.986,0.01140175425099139
Independent Q-Learning,1098,5,26.97,4.569545929301946,0.986,0.01140175425099139
Independent Q-Learning,1099,5,27.4,5.046161907826579,0.986,0.01140175425099139
Independent Q-Learning,1100,5,30.999999999999993,4.091301748832509,0.986,0.01140175425099139
Independent Q-Learning,1101,5,29.959999999999997,5.6164268000215225,0.986,0.01140175425099139
Independent Q-Learning,1102,5,28.869999999999997,4.287423468704715,0.986,0.01140175425099139
Independent Q-Learning,1103,5,25.410000000000004,2.4391084436736317,0.986,0.01140175425099139
Independent Q-Learning,1104,5,38.87999999999998,2.5183327818221284,0.986,0.01140175425099139
Independent Q-Learning,1105,5,29.15,4.5749316934791455,0.986,0.01140175425099139
Independent Q-Learning,1106,5,30.119999999999994,4.8462098592611405,0.986,0.01140175425099139
Independent Q-Learning,1107,5,28.77,6.447732159449545,0.986,0.01140175425099139
Independent Q-Learning,1108,5,29.889999999999997,5.778559509081823,0.986,0.01140175425099139
Independent Q-Learning,1109,5,32.12999999999999,1.6265761586842507,0.986,0.01140175425099139
Independent Q-Learning,1110,5,27.01,4.225872690936156,0.986,0.01140175425099139
Independent Q-Learning,1111,5,28.959999999999997,5.770225298894306,0.986,0.01140175425099139
Independent Q-Learning,1112,5,30.90999999999999,4.026071286005741,0.986,0.01140175425099139
Independent Q-Learning,1113,5,30.529999999999994,2.966605804619137,0.986,0.01140175425099139
Independent Q-Learning,1114,5,31.379999999999995,8.288893170984887,0.986,0.01140175425099139
Independent Q-Learning,1115,5,27.619999999999997,5.263268946196836,0.9879999999999999,0.010954451150103333
Independent Q-Learning,1116,5,33.249999999999986,7.475543458505195,0.9879999999999999,0.010954451150103333
Independent Q-Learning,1117,5,28.55,6.088205811238639,0.9879999999999999,0.010954451150103333
Independent Q-Learning,1118,5,28.01,4.5570549700437,0.9879999999999999,0.010954451150103333
Independent Q-Learning,1119,5,31.429999999999996,2.450663175550646,0.9879999999999999,0.010954451150103333
Independent Q-Learning,1120,5,30.499999999999993,4.724801583135523,0.9879999999999999,0.010954451150103333
Independent Q-Learning,1121,5,29.9,5.884619783809316,0.99,0.012247448713915901
Independent Q-Learning,1122,5,25.080000000000002,5.156985553596209,0.99,0.012247448713915901
Independent Q-Learning,1123,5,27.75,4.263361349920974,0.99,0.012247448713915901
Independent Q-Learning,1124,5,26.619999999999997,3.6134471076798658,0.99,0.012247448713915901
Independent Q-Learning,1125,5,29.49,2.2117300920320253,0.99,0.012247448713915901
Independent Q-Learning,1126,5,31.709999999999997,3.0907927785602154,0.992,0.013038404810405309
Independent Q-Learning,1127,5,33.47,4.984676519093288,0.992,0.013038404810405309
Independent Q-Learning,1128,5,31.019999999999992,3.6403296554020996,0.992,0.013038404810405309
Independent Q-Learning,1129,5,30.559999999999995,4.326141467867176,0.994,0.008944271909999166
Independent Q-Learning,1130,5,27.860000000000003,4.493801286216381,0.994,0.008944271909999166
Independent Q-Learning,1131,5,27.630000000000003,2.4971483736454254,0.994,0.008944271909999166
Independent Q-Learning,1132,5,29.299999999999994,7.168071567723072,0.994,0.008944271909999166
Independent Q-Learning,1133,5,32.589999999999996,5.069812619811502,0.994,0.008944271909999166
Independent Q-Learning,1134,5,27.99,5.640190599616289,0.994,0.008944271909999166
Independent Q-Learning,1135,5,27.479999999999983,7.768413608968071,0.992,0.010954451150103331
Independent Q-Learning,1136,5,31.32,3.330465432938761,0.992,0.010954451150103331
Independent Q-Learning,1137,5,27.339999999999996,3.030140260780017,0.992,0.010954451150103331
Independent Q-Learning,1138,5,32.08,4.2386023639874475,0.992,0.010954451150103331
Independent Q-Learning,1139,5,28.639999999999997,4.9182568050072355,0.992,0.010954451150103331
Independent Q-Learning,1140,5,30.49,1.9249675321937219,0.992,0.010954451150103331
Independent Q-Learning,1141,5,31.729999999999997,5.006695517005198,0.992,0.010954451150103331
Independent Q-Learning,1142,5,25.860000000000003,3.925143309485652,0.992,0.010954451150103331
Independent Q-Learning,1143,5,28.199999999999996,3.6309434035798387,0.992,0.010954451150103331
Independent Q-Learning,1144,5,30.2,5.444951790420181,0.992,0.010954451150103331
Independent Q-Learning,1145,5,26.57,4.894971910031762,0.992,0.010954451150103331
Independent Q-Learning,1146,5,22.969999999999995,10.184890770155578,0.99,0.010000000000000009
Independent Q-Learning,1147,5,31.619999999999997,6.575579822342661,0.99,0.010000000000000009
Independent Q-Learning,1148,5,30.979999999999997,5.909060839084321,0.99,0.010000000000000009
Independent Q-Learning,1149,5,28.329999999999995,6.754683560315751,0.99,0.010000000000000009
Independent Q-Learning,1150,5,26.589999999999996,1.7917868176767007,0.992,0.008366600265340763
Independent Q-Learning,1151,5,31.729999999999997,4.45710107581149,0.992,0.008366600265340763
Independent Q-Learning,1152,5,32.20999999999999,2.868231162232211,0.992,0.008366600265340763
Independent Q-Learning,1153,5,29.099999999999987,8.542833253669398,0.992,0.008366600265340763
Independent Q-Learning,1154,5,30.02999999999999,5.671595895336686,0.992,0.008366600265340763
Independent Q-Learning,1155,5,27.560000000000002,2.911915177336043,0.992,0.008366600265340763
Independent Q-Learning,1156,5,30.380000000000003,1.6173280434098694,0.992,0.008366600265340763
Independent Q-Learning,1157,5,30.709999999999997,2.254550953072471,0.992,0.008366600265340763
Independent Q-Learning,1158,5,29.149999999999995,2.755675960631068,0.992,0.008366600265340763
Independent Q-Learning,1159,5,27.52,3.3439497603881527,0.992,0.008366600265340763
Independent Q-Learning,1160,5,29.82,3.1324112118302754,0.992,0.008366600265340763
Independent Q-Learning,1161,5,27.43,4.512288776219889,0.992,0.008366600265340763
Independent Q-Learning,1162,5,28.899999999999995,5.321536432272159,0.992,0.008366600265340763
Independent Q-Learning,1163,5,29.059999999999995,3.1802908672006702,0.992,0.008366600265340763
Independent Q-Learning,1164,5,32.0,4.383491758860732,0.992,0.008366600265340763
Independent Q-Learning,1165,5,28.279999999999994,3.3886944388657945,0.992,0.008366600265340763
Independent Q-Learning,1166,5,30.389999999999997,3.412733508494321,0.992,0.008366600265340763
Independent Q-Learning,1167,5,31.419999999999995,8.018774844076862,0.992,0.008366600265340763
Independent Q-Learning,1168,5,27.810000000000002,2.563054817985756,0.992,0.008366600265340763
Independent Q-Learning,1169,5,32.58,8.439831159448621,0.992,0.008366600265340763
Independent Q-Learning,1170,5,28.079999999999995,5.1478879164177505,0.992,0.008366600265340763
Independent Q-Learning,1171,5,30.659999999999997,5.1275481470191915,0.992,0.008366600265340763
Independent Q-Learning,1172,5,31.21999999999999,5.6155587433486875,0.992,0.008366600265340763
Independent Q-Learning,1173,5,29.419999999999998,3.6807947511373103,0.992,0.008366600265340763
Independent Q-Learning,1174,5,27.919999999999998,13.87536486006764,0.99,0.007071067811865481
Independent Q-Learning,1175,5,30.929999999999996,6.3311333898441875,0.99,0.007071067811865481
Independent Q-Learning,1176,5,29.539999999999992,3.7867202167574896,0.99,0.007071067811865481
Independent Q-Learning,1177,5,28.559999999999995,4.4986664690772455,0.99,0.007071067811865481
Independent Q-Learning,1178,5,27.73999999999999,6.117434102628314,0.99,0.007071067811865481
Independent Q-Learning,1179,5,33.789999999999985,1.6659831931925284,0.99,0.007071067811865481
Independent Q-Learning,1180,5,27.089999999999996,5.261582461579404,0.99,0.007071067811865481
Independent Q-Learning,1181,5,33.15999999999999,4.511706994032297,0.99,0.007071067811865481
Independent Q-Learning,1182,5,29.349999999999994,3.957113847237646,0.99,0.007071067811865481
Independent Q-Learning,1183,5,28.429999999999996,3.7333965768452693,0.99,0.007071067811865481
Independent Q-Learning,1184,5,27.110000000000003,3.2421829066232535,0.99,0.007071067811865481
Independent Q-Learning,1185,5,28.269999999999992,6.573868723970679,0.99,0.007071067811865481
Independent Q-Learning,1186,5,28.609999999999992,6.109459877927008,0.99,0.007071067811865481
Independent Q-Learning,1187,5,31.419999999999995,3.3664892692536514,0.99,0.007071067811865481
Independent Q-Learning,1188,5,32.14,4.5792193657871385,0.99,0.007071067811865481
Independent Q-Learning,1189,5,31.209999999999997,2.285114876762215,0.99,0.007071067811865481
Independent Q-Learning,1190,5,28.849999999999994,5.336314271105099,0.99,0.007071067811865481
Independent Q-Learning,1191,5,31.27,5.324894365149405,0.99,0.007071067811865481
Independent Q-Learning,1192,5,29.139999999999986,2.8557836052474124,0.99,0.007071067811865481
Independent Q-Learning,1193,5,28.040000000000003,4.910244393103057,0.99,0.007071067811865481
Independent Q-Learning,1194,5,30.44999999999999,3.529164207004245,0.99,0.007071067811865481
Independent Q-Learning,1195,5,30.32,4.965581536940048,0.99,0.007071067811865481
Independent Q-Learning,1196,5,29.630000000000003,3.70820037214819,0.992,0.008366600265340763
Independent Q-Learning,1197,5,29.139999999999997,3.2410260720950603,0.994,0.005477225575051666
Independent Q-Learning,1198,5,27.810000000000002,6.377832703983381,0.994,0.005477225575051666
Independent Q-Learning,1199,5,29.869999999999994,2.9697643004117285,0.994,0.005477225575051666
Independent Q-Learning,1200,5,30.179999999999996,3.28435686246181,0.994,0.005477225575051666
Independent Q-Learning,1201,5,31.97999999999999,4.846209859261146,0.994,0.005477225575051666
Independent Q-Learning,1202,5,30.40999999999999,2.7222233560088265,0.994,0.005477225575051666
Independent Q-Learning,1203,5,29.3,2.8264376872664285,0.994,0.005477225575051666
Independent Q-Learning,1204,5,30.639999999999993,8.465695482357008,0.994,0.005477225575051666
Independent Q-Learning,1205,5,29.27,4.10374828662772,0.994,0.005477225575051666
Independent Q-Learning,1206,5,25.96,2.1134687128036687,0.994,0.005477225575051666
Independent Q-Learning,1207,5,32.76,8.563979799135438,0.994,0.005477225575051666
Independent Q-Learning,1208,5,28.380000000000003,5.011436919686806,0.994,0.005477225575051666
Independent Q-Learning,1209,5,31.889999999999997,3.7169207685932695,0.994,0.005477225575051666
Independent Q-Learning,1210,5,27.65,4.5416131495317815,0.994,0.005477225575051666
Independent Q-Learning,1211,5,30.75,5.387833516358868,0.994,0.005477225575051666
Independent Q-Learning,1212,5,28.140000000000004,1.1669404440673066,0.994,0.005477225575051666
Independent Q-Learning,1213,5,34.86999999999999,3.3287760513437994,0.994,0.005477225575051666
Independent Q-Learning,1214,5,31.979999999999997,2.0114049815986834,0.994,0.005477225575051666
Independent Q-Learning,1215,5,29.609999999999996,3.350634268313984,0.994,0.005477225575051666
Independent Q-Learning,1216,5,29.93,3.9221486458317685,0.994,0.005477225575051666
Independent Q-Learning,1217,5,29.919999999999998,5.721516407387113,0.994,0.005477225575051666
Independent Q-Learning,1218,5,28.299999999999994,5.807000086102971,0.994,0.005477225575051666
Independent Q-Learning,1219,5,28.18,1.6980135452934408,0.994,0.005477225575051666
Independent Q-Learning,1220,5,34.3,5.056555151484054,0.994,0.005477225575051666
Independent Q-Learning,1221,5,31.95999999999999,4.1408634365310775,0.994,0.005477225575051666
Independent Q-Learning,1222,5,30.259999999999998,4.078817230521608,0.994,0.005477225575051666
Independent Q-Learning,1223,5,30.339999999999993,3.6130665645680984,0.994,0.005477225575051666
Independent Q-Learning,1224,5,28.01,2.618778341135423,0.994,0.005477225575051666
Independent Q-Learning,1225,5,29.22999999999999,4.855872733093398,0.994,0.005477225575051666
Independent Q-Learning,1226,5,31.57,7.245912640930743,0.994,0.005477225575051666
Independent Q-Learning,1227,5,32.3,3.1028212968200353,0.994,0.005477225575051666
Independent Q-Learning,1228,5,30.679999999999996,4.3070581607403415,0.994,0.005477225575051666
Independent Q-Learning,1229,5,30.779999999999994,4.65545379098536,0.994,0.005477225575051666
Independent Q-Learning,1230,5,32.64999999999999,2.8138052526782964,0.994,0.005477225575051666
Independent Q-Learning,1231,5,30.939999999999998,5.076957750464345,0.994,0.005477225575051666
Independent Q-Learning,1232,5,30.639999999999997,3.044339008717652,0.994,0.005477225575051666
Independent Q-Learning,1233,5,28.99,4.685536255328724,0.994,0.005477225575051666
Independent Q-Learning,1234,5,31.57,9.276084842216566,0.994,0.005477225575051666
Independent Q-Learning,1235,5,27.389999999999997,6.677986223405972,0.9960000000000001,0.005477225575051666
Independent Q-Learning,1236,5,30.389999999999993,4.975489925625407,0.9960000000000001,0.005477225575051666
Independent Q-Learning,1237,5,32.499999999999986,4.638156961552714,0.9960000000000001,0.005477225575051666
Independent Q-Learning,1238,5,33.179999999999986,3.0599428099230788,0.9960000000000001,0.005477225575051666
Independent Q-Learning,1239,5,28.209999999999997,4.061311364571789,0.9960000000000001,0.005477225575051666
Independent Q-Learning,1240,5,31.689999999999998,5.199326879510455,0.9960000000000001,0.005477225575051666
Independent Q-Learning,1241,5,29.759999999999998,3.6382344619334206,0.9960000000000001,0.005477225575051666
Independent Q-Learning,1242,5,28.75,4.389048871908352,0.9960000000000001,0.005477225575051666
Independent Q-Learning,1243,5,30.599999999999987,6.858662406038057,0.9960000000000001,0.005477225575051666
Independent Q-Learning,1244,5,31.15999999999999,3.7721678117496222,0.9960000000000001,0.005477225575051666
Independent Q-Learning,1245,5,30.309999999999995,7.777724602992825,0.9960000000000001,0.005477225575051666
Independent Q-Learning,1246,5,28.79,5.086182261775518,0.998,0.004472135954999584
Independent Q-Learning,1247,5,26.380000000000003,4.419502234415093,0.998,0.004472135954999584
Independent Q-Learning,1248,5,28.079999999999995,5.557270013234911,0.998,0.004472135954999584
Independent Q-Learning,1249,5,30.999999999999993,6.304561840445371,0.998,0.004472135954999584
Independent Q-Learning,1250,5,28.9,4.217226576791905,0.998,0.004472135954999584
Independent Q-Learning,1251,5,34.14,7.641531260159833,0.998,0.004472135954999584
Independent Q-Learning,1252,5,29.9,5.04888601574644,0.998,0.004472135954999584
Independent Q-Learning,1253,5,24.990000000000002,3.7557289572065775,0.998,0.004472135954999584
Independent Q-Learning,1254,5,29.259999999999998,4.10478379454996,0.998,0.004472135954999584
Independent Q-Learning,1255,5,29.669999999999995,5.942390091537232,0.998,0.004472135954999584
Independent Q-Learning,1256,5,24.630000000000003,3.33459142924587,0.998,0.004472135954999584
Independent Q-Learning,1257,5,31.05999999999999,2.536828728944853,0.998,0.004472135954999584
Independent Q-Learning,1258,5,28.389999999999997,4.638345610236477,0.998,0.004472135954999584
Independent Q-Learning,1259,5,27.49,1.4855133792733062,0.998,0.004472135954999584
Independent Q-Learning,1260,5,31.51999999999999,3.265654605128957,0.998,0.004472135954999584
Independent Q-Learning,1261,5,30.619999999999997,4.907850853479553,0.998,0.004472135954999584
Independent Q-Learning,1262,5,29.74,4.322817368337458,0.998,0.004472135954999584
Independent Q-Learning,1263,5,31.46999999999999,6.512161699466615,0.998,0.004472135954999584
Independent Q-Learning,1264,5,28.860000000000003,5.799073201814234,0.998,0.004472135954999584
Independent Q-Learning,1265,5,28.47,5.405506451758237,0.998,0.004472135954999584
Independent Q-Learning,1266,5,27.839999999999996,3.287742386501711,0.998,0.004472135954999584
Independent Q-Learning,1267,5,29.119999999999994,6.533624568338761,0.998,0.004472135954999584
Independent Q-Learning,1268,5,30.599999999999994,4.302760741663423,0.998,0.004472135954999584
Independent Q-Learning,1269,5,28.859999999999996,6.161716481630744,0.998,0.004472135954999584
Independent Q-Learning,1270,5,28.869999999999997,6.552728439360201,0.998,0.004472135954999584
Independent Q-Learning,1271,5,28.819999999999993,5.884152445339936,0.998,0.004472135954999584
Independent Q-Learning,1272,5,26.71,4.810717202247494,0.998,0.004472135954999584
Independent Q-Learning,1273,5,30.349999999999994,5.114806936727907,0.998,0.004472135954999584
Independent Q-Learning,1274,5,31.05,4.071547617307202,1.0,0.0
Independent Q-Learning,1275,5,27.459999999999997,5.78828558383222,1.0,0.0
Independent Q-Learning,1276,5,29.889999999999997,5.712967705142393,1.0,0.0
Independent Q-Learning,1277,5,28.829999999999995,4.433339598993064,1.0,0.0
Independent Q-Learning,1278,5,25.35,5.097180593229944,1.0,0.0
Independent Q-Learning,1279,5,25.50999999999999,7.82946358315819,0.998,0.004472135954999584
Independent Q-Learning,1280,5,28.2,5.191098149717455,0.998,0.004472135954999584
Independent Q-Learning,1281,5,28.359999999999996,3.9426196874666934,0.998,0.004472135954999584
Independent Q-Learning,1282,5,25.560000000000002,15.131482082069816,0.9960000000000001,0.005477225575051666
Independent Q-Learning,1283,5,27.439999999999998,3.4468101195163046,0.9960000000000001,0.005477225575051666
Independent Q-Learning,1284,5,27.670000000000005,4.0598029508832045,0.9960000000000001,0.005477225575051666
Independent Q-Learning,1285,5,30.97,7.277413688941965,0.9960000000000001,0.005477225575051666
Independent Q-Learning,1286,5,32.40999999999999,7.877610678371956,0.9960000000000001,0.005477225575051666
Independent Q-Learning,1287,5,33.06999999999999,3.593153211317323,0.9960000000000001,0.005477225575051666
Independent Q-Learning,1288,5,30.179999999999996,3.957366548602742,0.9960000000000001,0.005477225575051666
Independent Q-Learning,1289,5,30.389999999999993,7.012435382946487,0.9960000000000001,0.005477225575051666
Independent Q-Learning,1290,5,33.94999999999998,1.7128193132960463,0.9960000000000001,0.005477225575051666
Independent Q-Learning,1291,5,30.27,4.950075756996048,0.9960000000000001,0.005477225575051666
Independent Q-Learning,1292,5,29.729999999999997,5.572544302201635,0.9960000000000001,0.005477225575051666
Independent Q-Learning,1293,5,28.639999999999997,4.600461933327995,0.9960000000000001,0.005477225575051666
Independent Q-Learning,1294,5,32.04,5.0376581861019485,0.9960000000000001,0.005477225575051666
Independent Q-Learning,1295,5,27.7,5.42828241711869,0.9960000000000001,0.005477225575051666
Independent Q-Learning,1296,5,32.58999999999999,4.034445438966786,0.9960000000000001,0.005477225575051666
Independent Q-Learning,1297,5,29.559999999999995,4.459596394293992,0.9960000000000001,0.005477225575051666
Independent Q-Learning,1298,5,30.109999999999992,4.581811868682515,0.9960000000000001,0.005477225575051666
Independent Q-Learning,1299,5,28.959999999999997,4.366835238476486,0.9960000000000001,0.005477225575051666
Independent Q-Learning,1300,5,31.639999999999986,4.654889902027753,0.9960000000000001,0.005477225575051666
Independent Q-Learning,1301,5,28.130000000000003,3.9894548499763696,0.9960000000000001,0.005477225575051666
Independent Q-Learning,1302,5,33.03999999999999,4.62836364172047,0.9960000000000001,0.005477225575051666
Independent Q-Learning,1303,5,25.940000000000005,2.6479709212904914,0.9960000000000001,0.005477225575051666
Independent Q-Learning,1304,5,29.169999999999998,2.4427443582986736,0.9960000000000001,0.005477225575051666
Independent Q-Learning,1305,5,29.54,5.147863634557539,0.9960000000000001,0.005477225575051666
Independent Q-Learning,1306,5,32.64999999999999,1.3946325680981315,0.9960000000000001,0.005477225575051666
Independent Q-Learning,1307,5,28.660000000000004,3.515750275545748,0.9960000000000001,0.005477225575051666
Independent Q-Learning,1308,5,32.14999999999999,4.430575583375138,0.9960000000000001,0.005477225575051666
Independent Q-Learning,1309,5,30.089999999999993,2.478759770530397,0.9960000000000001,0.005477225575051666
Independent Q-Learning,1310,5,26.810000000000002,3.574982517439768,0.9960000000000001,0.005477225575051666
Independent Q-Learning,1311,5,29.080000000000002,3.075223569108431,0.9960000000000001,0.005477225575051666
Independent Q-Learning,1312,5,29.04,2.522250978788588,0.9960000000000001,0.005477225575051666
Independent Q-Learning,1313,5,31.049999999999994,6.5148867987095445,0.9960000000000001,0.005477225575051666
Independent Q-Learning,1314,5,29.629999999999995,4.516442183843382,0.9960000000000001,0.005477225575051666
Independent Q-Learning,1315,5,28.57,5.477522250068909,0.9960000000000001,0.005477225575051666
Independent Q-Learning,1316,5,29.55,2.548774215186586,0.9960000000000001,0.005477225575051666
Independent Q-Learning,1317,5,25.27,5.07242545534185,0.9960000000000001,0.005477225575051666
Independent Q-Learning,1318,5,31.729999999999997,5.536537726774735,0.9960000000000001,0.005477225575051666
Independent Q-Learning,1319,5,31.369999999999994,2.4419766583651006,0.9960000000000001,0.005477225575051666
Independent Q-Learning,1320,5,29.979999999999997,3.766729350510859,0.9960000000000001,0.005477225575051666
Independent Q-Learning,1321,5,26.02,3.0419155149346264,0.9960000000000001,0.005477225575051666
Independent Q-Learning,1322,5,27.46999999999999,3.431216985269208,0.9960000000000001,0.005477225575051666
Independent Q-Learning,1323,5,29.529999999999994,1.3548985201851784,0.9960000000000001,0.005477225575051666
Independent Q-Learning,1324,5,28.18,2.5289820086350936,0.9960000000000001,0.005477225575051666
Independent Q-Learning,1325,5,30.759999999999998,4.815521778582248,0.9960000000000001,0.005477225575051666
Independent Q-Learning,1326,5,27.65,2.2022715545545215,0.9960000000000001,0.005477225575051666
Independent Q-Learning,1327,5,29.68,3.61690475406804,0.9960000000000001,0.005477225575051666
Independent Q-Learning,1328,5,29.910000000000004,5.3550676933162995,0.9960000000000001,0.005477225575051666
Independent Q-Learning,1329,5,30.799999999999994,5.42782184674478,0.9960000000000001,0.005477225575051666
Independent Q-Learning,1330,5,28.059999999999995,3.812217202626305,0.9960000000000001,0.005477225575051666
Independent Q-Learning,1331,5,31.82,4.93680058337381,0.9960000000000001,0.005477225575051666
Independent Q-Learning,1332,5,30.669999999999998,7.495298526409735,0.9960000000000001,0.005477225575051666
Independent Q-Learning,1333,5,26.059999999999995,2.1428369046663347,0.9960000000000001,0.005477225575051666
Independent Q-Learning,1334,5,30.859999999999996,3.5814452390061735,0.9960000000000001,0.005477225575051666
Independent Q-Learning,1335,5,28.380000000000003,1.6645569981229222,0.9960000000000001,0.005477225575051666
Independent Q-Learning,1336,5,33.14,1.5155032167567295,0.9960000000000001,0.005477225575051666
Independent Q-Learning,1337,5,27.32,3.7740230523938245,0.9960000000000001,0.005477225575051666
Independent Q-Learning,1338,5,29.249999999999993,6.107679592120059,0.9960000000000001,0.005477225575051666
Independent Q-Learning,1339,5,26.46,4.274546759599194,0.9960000000000001,0.005477225575051666
Independent Q-Learning,1340,5,32.91,6.981171105194303,0.9960000000000001,0.005477225575051666
Independent Q-Learning,1341,5,34.61999999999999,6.565496934733876,0.9960000000000001,0.005477225575051666
Independent Q-Learning,1342,5,35.33999999999999,6.021046420681369,0.9960000000000001,0.005477225575051666
Independent Q-Learning,1343,5,32.459999999999994,5.558596945273138,0.9960000000000001,0.005477225575051666
Independent Q-Learning,1344,5,28.609999999999996,6.239531232392378,0.9960000000000001,0.005477225575051666
Independent Q-Learning,1345,5,26.810000000000002,3.603193028412436,0.9960000000000001,0.005477225575051666
Independent Q-Learning,1346,5,25.380000000000003,4.212867194678701,0.9960000000000001,0.005477225575051666
Independent Q-Learning,1347,5,28.840000000000003,2.5542611456153024,0.9960000000000001,0.005477225575051666
Independent Q-Learning,1348,5,24.81,14.492127173055025,0.994,0.008944271909999166
Independent Q-Learning,1349,5,33.22999999999999,3.8677512846614093,0.994,0.008944271909999166
Independent Q-Learning,1350,5,33.04999999999999,3.2040989372989013,0.994,0.008944271909999166
Independent Q-Learning,1351,5,29.649999999999995,5.390848727241371,0.994,0.008944271909999166
Independent Q-Learning,1352,5,29.979999999999997,6.228222057698325,0.994,0.008944271909999166
Independent Q-Learning,1353,5,30.359999999999996,5.682473053169713,0.994,0.008944271909999166
Independent Q-Learning,1354,5,30.75,2.894391127681258,0.994,0.008944271909999166
Independent Q-Learning,1355,5,27.509999999999998,5.724334022399456,0.994,0.008944271909999166
Independent Q-Learning,1356,5,29.759999999999998,2.9994582844240374,0.994,0.008944271909999166
Independent Q-Learning,1357,5,29.55,4.0761501444377615,0.994,0.008944271909999166
Independent Q-Learning,1358,5,31.439999999999998,3.525336863336606,0.994,0.008944271909999166
Independent Q-Learning,1359,5,28.380000000000003,2.7238759149417904,0.994,0.008944271909999166
Independent Q-Learning,1360,5,29.089999999999996,5.613532755760842,0.994,0.008944271909999166
Independent Q-Learning,1361,5,23.21999999999999,10.629710720428859,0.992,0.008366600265340763
Independent Q-Learning,1362,5,31.159999999999997,5.2258252936737115,0.992,0.008366600265340763
Independent Q-Learning,1363,5,30.54999999999999,3.899519201132345,0.992,0.008366600265340763
Independent Q-Learning,1364,5,30.179999999999996,4.286840328260423,0.992,0.008366600265340763
Independent Q-Learning,1365,5,26.27,4.678488003618259,0.992,0.008366600265340763
Independent Q-Learning,1366,5,31.139999999999993,2.2768948153131636,0.992,0.008366600265340763
Independent Q-Learning,1367,5,30.609999999999996,2.0794831088518078,0.992,0.008366600265340763
Independent Q-Learning,1368,5,31.880000000000003,5.219506681670213,0.992,0.008366600265340763
Independent Q-Learning,1369,5,26.93,6.764022471872781,0.992,0.008366600265340763
Independent Q-Learning,1370,5,31.23999999999999,4.588763449993901,0.992,0.008366600265340763
Independent Q-Learning,1371,5,29.729999999999997,5.548603427890656,0.992,0.008366600265340763
Independent Q-Learning,1372,5,31.319999999999993,1.6720496404114276,0.992,0.008366600265340763
Independent Q-Learning,1373,5,27.639999999999997,2.4643457549621464,0.992,0.008366600265340763
Independent Q-Learning,1374,5,30.479999999999997,3.1973817413627637,0.992,0.008366600265340763
Independent Q-Learning,1375,5,31.49,4.920289625621642,0.992,0.008366600265340763
Independent Q-Learning,1376,5,29.559999999999995,5.375569737246457,0.992,0.008366600265340763
Independent Q-Learning,1377,5,25.75,2.669503699192043,0.992,0.008366600265340763
Independent Q-Learning,1378,5,31.859999999999996,5.3458395037636475,0.992,0.008366600265340763
Independent Q-Learning,1379,5,26.149999999999988,9.047098982546856,0.992,0.008366600265340763
Independent Q-Learning,1380,5,28.990000000000002,2.1752586053156975,0.992,0.008366600265340763
Independent Q-Learning,1381,5,30.80999999999999,4.7118733005037345,0.992,0.008366600265340763
Independent Q-Learning,1382,5,27.619999999999997,1.475889562264059,0.994,0.005477225575051666
Independent Q-Learning,1383,5,27.27,2.207826985975122,0.994,0.005477225575051666
Independent Q-Learning,1384,5,28.999999999999993,4.3816378216370095,0.994,0.005477225575051666
Independent Q-Learning,1385,5,31.74,4.408854726570152,0.994,0.005477225575051666
Independent Q-Learning,1386,5,25.03,1.4519814048396074,0.994,0.005477225575051666
Independent Q-Learning,1387,5,32.54999999999999,4.36749356038448,0.994,0.005477225575051666
Independent Q-Learning,1388,5,28.77,1.5678807352601791,0.994,0.005477225575051666
Independent Q-Learning,1389,5,29.410000000000004,2.6665520808714738,0.994,0.005477225575051666
Independent Q-Learning,1390,5,28.21999999999999,3.991960671148946,0.994,0.005477225575051666
Independent Q-Learning,1391,5,31.709999999999997,3.481450846988933,0.994,0.005477225575051666
Independent Q-Learning,1392,5,29.110000000000003,3.562723677188562,0.994,0.005477225575051666
Independent Q-Learning,1393,5,29.659999999999997,2.996748237673622,0.994,0.005477225575051666
Independent Q-Learning,1394,5,30.73999999999999,4.091973851333845,0.994,0.005477225575051666
Independent Q-Learning,1395,5,31.679999999999996,6.279988057313472,0.994,0.005477225575051666
Independent Q-Learning,1396,5,34.589999999999996,7.406449891817264,0.994,0.005477225575051666
Independent Q-Learning,1397,5,30.979999999999997,5.167155890816524,0.994,0.005477225575051666
Independent Q-Learning,1398,5,27.809999999999995,5.027971758075015,0.994,0.005477225575051666
Independent Q-Learning,1399,5,29.28,3.3886944388658002,0.994,0.005477225575051666
Independent Q-Learning,1400,5,24.56,3.899423034244937,0.994,0.005477225575051666
Independent Q-Learning,1401,5,28.190000000000005,2.612087287974886,0.994,0.005477225575051666
Independent Q-Learning,1402,5,29.96,3.8128729325798405,0.994,0.005477225575051666
Independent Q-Learning,1403,5,27.660000000000004,3.4404578183724333,0.994,0.005477225575051666
Independent Q-Learning,1404,5,32.00999999999999,6.12478571053714,0.994,0.005477225575051666
Independent Q-Learning,1405,5,29.02,4.39112741787345,0.994,0.005477225575051666
Independent Q-Learning,1406,5,29.880000000000003,1.8965758619153592,0.994,0.005477225575051666
Independent Q-Learning,1407,5,31.829999999999995,4.155057159654954,0.994,0.005477225575051666
Independent Q-Learning,1408,5,27.27,4.822810383998104,0.994,0.005477225575051666
Independent Q-Learning,1409,5,26.869999999999997,2.850131575910136,0.994,0.005477225575051666
Independent Q-Learning,1410,5,32.92999999999999,4.234914402912998,0.994,0.005477225575051666
Independent Q-Learning,1411,5,29.029999999999994,3.856423213289739,0.994,0.005477225575051666
Independent Q-Learning,1412,5,28.24999999999999,4.0339186903059785,0.994,0.005477225575051666
Independent Q-Learning,1413,5,29.979999999999997,4.522388749322636,0.994,0.005477225575051666
Independent Q-Learning,1414,5,27.55,4.287627549123173,0.994,0.005477225575051666
Independent Q-Learning,1415,5,26.080000000000002,3.1997265508164907,0.994,0.005477225575051666
Independent Q-Learning,1416,5,32.97,4.155959576319284,0.994,0.005477225575051666
Independent Q-Learning,1417,5,30.409999999999997,2.351967261676911,0.994,0.005477225575051666
Independent Q-Learning,1418,5,27.26,5.0059214935913605,0.994,0.005477225575051666
Independent Q-Learning,1419,5,28.380000000000003,2.855170747958867,0.994,0.005477225575051666
Independent Q-Learning,1420,5,30.709999999999997,5.70804257167025,0.994,0.005477225575051666
Independent Q-Learning,1421,5,32.89,2.457488555415874,0.994,0.005477225575051666
Independent Q-Learning,1422,5,22.75,9.44550157482386,0.992,0.004472135954999584
Independent Q-Learning,1423,5,32.86999999999999,5.288856209049347,0.992,0.004472135954999584
Independent Q-Learning,1424,5,33.17999999999999,4.20826567602379,0.992,0.004472135954999584
Independent Q-Learning,1425,5,30.459999999999997,4.9678214541184875,0.992,0.004472135954999584
Independent Q-Learning,1426,5,28.5,1.679657703224082,0.992,0.004472135954999584
Independent Q-Learning,1427,5,28.51,2.4640921249011734,0.992,0.004472135954999584
Independent Q-Learning,1428,5,30.29,3.2238176127070197,0.992,0.004472135954999584
Independent Q-Learning,1429,5,32.669999999999995,7.674275210076841,0.992,0.004472135954999584
Independent Q-Learning,1430,5,28.29,3.017739220012227,0.992,0.004472135954999584
Independent Q-Learning,1431,5,24.079999999999995,13.170212602687918,0.99,0.007071067811865481
Independent Q-Learning,1432,5,32.43999999999999,4.39380245345645,0.99,0.007071067811865481
Independent Q-Learning,1433,5,33.22,5.68403465858539,0.99,0.007071067811865481
Independent Q-Learning,1434,5,29.139999999999997,6.753091884462993,0.99,0.007071067811865481
Independent Q-Learning,1435,5,26.810000000000002,4.774986910976823,0.99,0.007071067811865481
Independent Q-Learning,1436,5,30.65999999999999,7.95419700535508,0.99,0.007071067811865481
Independent Q-Learning,1437,5,30.329999999999995,4.95524974143583,0.99,0.007071067811865481
Independent Q-Learning,1438,5,31.90999999999999,7.496282411969271,0.99,0.007071067811865481
Independent Q-Learning,1439,5,29.709999999999997,2.2625759655755164,0.99,0.007071067811865481
Independent Q-Learning,1440,5,31.569999999999993,4.159567285187238,0.99,0.007071067811865481
Independent Q-Learning,1441,5,32.90999999999999,3.8965369239877594,0.99,0.007071067811865481
Independent Q-Learning,1442,5,27.979999999999997,3.39716793815083,0.99,0.007071067811865481
Independent Q-Learning,1443,5,22.71,9.652357225051297,0.9879999999999999,0.008366600265340763
Independent Q-Learning,1444,5,30.509999999999998,2.3047234107371746,0.9879999999999999,0.008366600265340763
Independent Q-Learning,1445,5,30.4,4.507216435894771,0.9879999999999999,0.008366600265340763
Independent Q-Learning,1446,5,28.129999999999995,6.385197725990945,0.9879999999999999,0.008366600265340763
Independent Q-Learning,1447,5,30.360000000000003,5.724443204364939,0.9879999999999999,0.008366600265340763
Independent Q-Learning,1448,5,28.919999999999998,4.16647332884779,0.99,0.007071067811865481
Independent Q-Learning,1449,5,26.85,5.619719743901818,0.99,0.007071067811865481
Independent Q-Learning,1450,5,29.87999999999999,5.4336451853244725,0.99,0.007071067811865481
Independent Q-Learning,1451,5,28.21,3.7804430957230384,0.99,0.007071067811865481
Independent Q-Learning,1452,5,31.889999999999997,2.076174366473104,0.99,0.007071067811865481
Independent Q-Learning,1453,5,27.669999999999998,3.800756503645031,0.99,0.007071067811865481
Independent Q-Learning,1454,5,30.29,3.3076426651015325,0.99,0.007071067811865481
Independent Q-Learning,1455,5,31.419999999999998,2.1924871721403507,0.99,0.007071067811865481
Independent Q-Learning,1456,5,29.189999999999998,4.294531406335267,0.99,0.007071067811865481
Independent Q-Learning,1457,5,32.44,5.517064436817822,0.99,0.007071067811865481
Independent Q-Learning,1458,5,28.43,2.949703374917553,0.99,0.007071067811865481
Independent Q-Learning,1459,5,32.669999999999995,6.6117887141075515,0.99,0.007071067811865481
Independent Q-Learning,1460,5,28.939999999999998,2.7951744131627976,0.99,0.007071067811865481
Independent Q-Learning,1461,5,31.979999999999997,4.064111218950582,0.992,0.008366600265340763
Independent Q-Learning,1462,5,31.29,3.311797095233943,0.992,0.008366600265340763
Independent Q-Learning,1463,5,32.36,6.544883497817202,0.992,0.008366600265340763
Independent Q-Learning,1464,5,27.47,3.723170691762592,0.992,0.008366600265340763
Independent Q-Learning,1465,5,30.529999999999994,5.949957983044913,0.992,0.008366600265340763
Independent Q-Learning,1466,5,28.98,2.4988997578934593,0.992,0.008366600265340763
Independent Q-Learning,1467,5,28.47,1.6150077399195308,0.992,0.008366600265340763
Independent Q-Learning,1468,5,29.139999999999997,5.971850634434849,0.992,0.008366600265340763
Independent Q-Learning,1469,5,29.109999999999996,2.435261792908515,0.992,0.008366600265340763
Independent Q-Learning,1470,5,34.419999999999995,3.6716140864747735,0.992,0.008366600265340763
Independent Q-Learning,1471,5,31.319999999999993,7.255739107768408,0.992,0.008366600265340763
Independent Q-Learning,1472,5,29.160000000000004,5.327452486883387,0.992,0.008366600265340763
Independent Q-Learning,1473,5,27.95,4.050154318047645,0.992,0.008366600265340763
Independent Q-Learning,1474,5,31.579999999999995,5.250785655499558,0.992,0.008366600265340763
Independent Q-Learning,1475,5,31.27,5.923533573805412,0.992,0.008366600265340763
Independent Q-Learning,1476,5,27.3,2.7280945731407433,0.992,0.008366600265340763
Independent Q-Learning,1477,5,30.92999999999999,2.5358923478728266,0.992,0.008366600265340763
Independent Q-Learning,1478,5,28.35,4.401278223425551,0.992,0.008366600265340763
Independent Q-Learning,1479,5,30.369999999999997,3.951835016799153,0.994,0.008944271909999166
Independent Q-Learning,1480,5,31.409999999999997,2.014137532543393,0.994,0.008944271909999166
Independent Q-Learning,1481,5,26.060000000000002,4.504081482389056,0.994,0.008944271909999166
Independent Q-Learning,1482,5,30.32,4.076395466585639,0.994,0.008944271909999166
Independent Q-Learning,1483,5,33.06999999999999,6.140602576294927,0.994,0.008944271909999166
Independent Q-Learning,1484,5,30.829999999999995,6.609519649717364,0.994,0.008944271909999166
Independent Q-Learning,1485,5,27.359999999999996,4.023897364496265,0.994,0.008944271909999166
Independent Q-Learning,1486,5,24.77,12.017570469941079,0.992,0.008366600265340763
Independent Q-Learning,1487,5,28.619999999999997,2.567489045740991,0.992,0.008366600265340763
Independent Q-Learning,1488,5,26.990000000000002,4.39294889567361,0.992,0.008366600265340763
Independent Q-Learning,1489,5,32.1,3.7109634867511163,0.992,0.008366600265340763
Independent Q-Learning,1490,5,29.73,5.924377604440822,0.992,0.008366600265340763
Independent Q-Learning,1491,5,28.21,2.387833746306471,0.992,0.008366600265340763
Independent Q-Learning,1492,5,28.23,3.887254815419229,0.992,0.008366600265340763
Independent Q-Learning,1493,5,27.849999999999994,4.431280853207113,0.992,0.008366600265340763
Independent Q-Learning,1494,5,26.75,4.412907205006696,0.992,0.008366600265340763
Independent Q-Learning,1495,5,28.169999999999998,2.706612273673492,0.992,0.008366600265340763
Independent Q-Learning,1496,5,28.829999999999995,4.641874621314102,0.992,0.008366600265340763
Independent Q-Learning,1497,5,30.76,1.0567639282261694,0.992,0.008366600265340763
Independent Q-Learning,1498,5,26.23,4.512842784764388,0.992,0.008366600265340763
Independent Q-Learning,1499,5,32.36,4.1703417126178,0.992,0.008366600265340763
Independent Q-Learning,1500,5,31.369999999999994,2.667770604830922,0.992,0.008366600265340763
Independent Q-Learning,1501,5,33.63999999999999,2.4272927305951355,0.992,0.008366600265340763
Independent Q-Learning,1502,5,29.229999999999997,3.1373954165836273,0.992,0.008366600265340763
Independent Q-Learning,1503,5,33.62999999999999,3.6666742424164123,0.992,0.008366600265340763
Independent Q-Learning,1504,5,29.420000000000005,6.6191578014125,0.992,0.008366600265340763
Independent Q-Learning,1505,5,32.96999999999999,5.388251107734303,0.992,0.008366600265340763
Independent Q-Learning,1506,5,28.23,3.1115912327939226,0.992,0.008366600265340763
Independent Q-Learning,1507,5,29.229999999999997,7.264089757154705,0.992,0.008366600265340763
Independent Q-Learning,1508,5,32.51,4.952953664229051,0.992,0.008366600265340763
Independent Q-Learning,1509,5,27.619999999999997,4.7923898005066325,0.992,0.008366600265340763
Independent Q-Learning,1510,5,27.059999999999995,3.78639010140265,0.992,0.008366600265340763
Independent Q-Learning,1511,5,27.630000000000003,3.1836692667423847,0.992,0.008366600265340763
Independent Q-Learning,1512,5,31.50999999999999,4.456091336586353,0.992,0.008366600265340763
Independent Q-Learning,1513,5,32.209999999999994,5.574876680250414,0.992,0.008366600265340763
Independent Q-Learning,1514,5,30.639999999999997,7.438279370929804,0.992,0.008366600265340763
Independent Q-Learning,1515,5,29.02,2.829222508039969,0.992,0.008366600265340763
Independent Q-Learning,1516,5,29.549999999999994,3.4734708865916737,0.992,0.008366600265340763
Independent Q-Learning,1517,5,27.85,0.8631338250816051,0.992,0.008366600265340763
Independent Q-Learning,1518,5,23.2,2.950635524764116,0.992,0.008366600265340763
Independent Q-Learning,1519,5,30.72,5.977729502076848,0.992,0.008366600265340763
Independent Q-Learning,1520,5,30.589999999999993,2.9046084073416782,0.992,0.008366600265340763
Independent Q-Learning,1521,5,29.309999999999995,4.925875556690399,0.992,0.008366600265340763
Independent Q-Learning,1522,5,28.669999999999998,3.9288357053967,0.994,0.005477225575051666
Independent Q-Learning,1523,5,29.42999999999999,4.0872668129203245,0.994,0.005477225575051666
Independent Q-Learning,1524,5,31.309999999999995,4.582357471869691,0.994,0.005477225575051666
Independent Q-Learning,1525,5,33.569999999999986,2.273653447647635,0.994,0.005477225575051666
Independent Q-Learning,1526,5,30.749999999999993,6.849452532867124,0.994,0.005477225575051666
Independent Q-Learning,1527,5,31.189999999999998,3.721793922290694,0.994,0.005477225575051666
Independent Q-Learning,1528,5,30.6,4.99987499843746,0.994,0.005477225575051666
Independent Q-Learning,1529,5,28.559999999999995,4.439791661778733,0.994,0.005477225575051666
Independent Q-Learning,1530,5,32.139999999999986,6.218158891504774,0.994,0.005477225575051666
Independent Q-Learning,1531,5,29.75,3.7111319028026957,0.9960000000000001,0.005477225575051666
Independent Q-Learning,1532,5,32.84999999999999,3.600694377477759,0.9960000000000001,0.005477225575051666
Independent Q-Learning,1533,5,31.70999999999999,7.098538581989944,0.9960000000000001,0.005477225575051666
Independent Q-Learning,1534,5,31.939999999999998,2.6392233706149235,0.9960000000000001,0.005477225575051666
Independent Q-Learning,1535,5,24.72,6.0428263254870975,0.9960000000000001,0.005477225575051666
Independent Q-Learning,1536,5,32.31999999999999,6.404744335256478,0.9960000000000001,0.005477225575051666
Independent Q-Learning,1537,5,27.03,1.6441563186023413,0.9960000000000001,0.005477225575051666
Independent Q-Learning,1538,5,28.809999999999995,6.564335457607254,0.9960000000000001,0.005477225575051666
Independent Q-Learning,1539,5,28.98999999999999,6.611108076563252,0.9960000000000001,0.005477225575051666
Independent Q-Learning,1540,5,27.439999999999998,3.7975979250047,0.9960000000000001,0.005477225575051666
Independent Q-Learning,1541,5,31.589999999999996,4.384261625405121,0.9960000000000001,0.005477225575051666
Independent Q-Learning,1542,5,28.439999999999998,4.618630749475425,0.9960000000000001,0.005477225575051666
Independent Q-Learning,1543,5,28.509999999999998,3.748733119335113,0.998,0.004472135954999584
Independent Q-Learning,1544,5,31.599999999999994,5.3680769368555,0.998,0.004472135954999584
Independent Q-Learning,1545,5,28.05,4.415738896266395,0.998,0.004472135954999584
Independent Q-Learning,1546,5,28.410000000000004,2.3152753615930877,0.998,0.004472135954999584
Independent Q-Learning,1547,5,29.099999999999994,4.861455543353238,0.998,0.004472135954999584
Independent Q-Learning,1548,5,25.580000000000002,4.44291570930622,0.998,0.004472135954999584
Independent Q-Learning,1549,5,28.939999999999998,2.591186986691618,0.998,0.004472135954999584
Independent Q-Learning,1550,5,27.939999999999998,3.5430213095605243,0.998,0.004472135954999584
Independent Q-Learning,1551,5,31.019999999999992,3.6775671305905417,0.998,0.004472135954999584
Independent Q-Learning,1552,5,30.43,4.534947629245566,0.998,0.004472135954999584
Independent Q-Learning,1553,5,29.360000000000003,3.7746523018683433,0.998,0.004472135954999584
Independent Q-Learning,1554,5,33.59999999999999,4.67626988100558,0.998,0.004472135954999584
Independent Q-Learning,1555,5,32.419999999999995,6.32155044273159,0.998,0.004472135954999584
Independent Q-Learning,1556,5,28.55,2.1737065119284145,0.998,0.004472135954999584
Independent Q-Learning,1557,5,29.95,3.62025551584415,0.998,0.004472135954999584
Independent Q-Learning,1558,5,29.48,7.117812163860462,0.998,0.004472135954999584
Independent Q-Learning,1559,5,30.759999999999984,2.4752272622932816,0.998,0.004472135954999584
Independent Q-Learning,1560,5,29.5,3.8844240242280446,0.998,0.004472135954999584
Independent Q-Learning,1561,5,29.1,3.620428151476009,0.998,0.004472135954999584
Independent Q-Learning,1562,5,28.449999999999996,7.1947897815015995,0.998,0.004472135954999584
Independent Q-Learning,1563,5,28.169999999999998,2.611417239737838,0.998,0.004472135954999584
Independent Q-Learning,1564,5,30.1,4.231430018327131,0.998,0.004472135954999584
Independent Q-Learning,1565,5,30.95,3.988420740092498,0.998,0.004472135954999584
Independent Q-Learning,1566,5,29.559999999999995,3.99928118541319,0.998,0.004472135954999584
Independent Q-Learning,1567,5,29.879999999999995,6.231031214815081,0.998,0.004472135954999584
Independent Q-Learning,1568,5,30.03,5.249833330687743,0.998,0.004472135954999584
Independent Q-Learning,1569,5,30.899999999999995,5.3635342825416865,0.998,0.004472135954999584
Independent Q-Learning,1570,5,31.009999999999998,4.150210838017742,0.998,0.004472135954999584
Independent Q-Learning,1571,5,29.690000000000005,3.5583352849331047,0.998,0.004472135954999584
Independent Q-Learning,1572,5,27.560000000000002,1.8659448008984603,0.998,0.004472135954999584
Independent Q-Learning,1573,5,31.649999999999995,3.328287848128522,0.998,0.004472135954999584
Independent Q-Learning,1574,5,30.939999999999998,3.688732844758479,0.998,0.004472135954999584
Independent Q-Learning,1575,5,28.999999999999993,5.492722457943781,0.998,0.004472135954999584
Independent Q-Learning,1576,5,24.88,11.252977383786034,0.9960000000000001,0.005477225575051666
Independent Q-Learning,1577,5,28.609999999999996,4.131797429690857,0.9960000000000001,0.005477225575051666
Independent Q-Learning,1578,5,29.32,3.405987375196793,0.9960000000000001,0.005477225575051666
Independent Q-Learning,1579,5,29.369999999999997,3.265080397172477,0.9960000000000001,0.005477225575051666
Independent Q-Learning,1580,5,32.459999999999994,4.494913792276768,0.9960000000000001,0.005477225575051666
Independent Q-Learning,1581,5,29.359999999999996,5.174021646649723,0.9960000000000001,0.005477225575051666
Independent Q-Learning,1582,5,31.849999999999994,4.293745451234844,0.9960000000000001,0.005477225575051666
Independent Q-Learning,1583,5,29.290000000000003,4.601005324926279,0.9960000000000001,0.005477225575051666
Independent Q-Learning,1584,5,26.32,4.166023283660327,0.9960000000000001,0.005477225575051666
Independent Q-Learning,1585,5,31.179999999999996,5.599285668725954,0.9960000000000001,0.005477225575051666
Independent Q-Learning,1586,5,30.51,2.7752026952999276,0.998,0.004472135954999584
Independent Q-Learning,1587,5,28.85,4.2921439864012,0.998,0.004472135954999584
Independent Q-Learning,1588,5,24.9,1.5811388300841915,0.998,0.004472135954999584
Independent Q-Learning,1589,5,30.090000000000003,5.108620165954793,0.998,0.004472135954999584
Independent Q-Learning,1590,5,31.869999999999994,4.487009026066242,0.998,0.004472135954999584
Independent Q-Learning,1591,5,33.39999999999999,2.645987528315274,0.998,0.004472135954999584
Independent Q-Learning,1592,5,25.18,4.1980054787958485,0.998,0.004472135954999584
Independent Q-Learning,1593,5,29.279999999999994,5.879264409770995,0.998,0.004472135954999584
Independent Q-Learning,1594,5,29.699999999999996,6.967065379340134,0.998,0.004472135954999584
Independent Q-Learning,1595,5,31.0,5.290912019680535,0.998,0.004472135954999584
Independent Q-Learning,1596,5,30.679999999999996,3.1969907725859863,0.998,0.004472135954999584
Independent Q-Learning,1597,5,27.890000000000004,1.2705313848937347,0.998,0.004472135954999584
Independent Q-Learning,1598,5,28.27,2.471234509309057,0.998,0.004472135954999584
Independent Q-Learning,1599,5,31.289999999999992,3.57655560560715,0.998,0.004472135954999584
Independent Q-Learning,1600,5,30.110000000000003,3.2724990450724336,0.998,0.004472135954999584
Independent Q-Learning,1601,5,29.769999999999992,3.550809766799673,0.998,0.004472135954999584
Independent Q-Learning,1602,5,36.87999999999999,7.033366903553375,0.998,0.004472135954999584
Independent Q-Learning,1603,5,28.19999999999998,9.215543934028009,0.9960000000000001,0.005477225575051666
Independent Q-Learning,1604,5,27.07,4.241255710282038,0.9960000000000001,0.005477225575051666
Independent Q-Learning,1605,5,26.32,4.507992901502839,0.9960000000000001,0.005477225575051666
Independent Q-Learning,1606,5,29.519999999999992,5.4775222500689065,0.9960000000000001,0.005477225575051666
Independent Q-Learning,1607,5,25.6,4.193000119246361,0.9960000000000001,0.005477225575051666
Independent Q-Learning,1608,5,31.95999999999999,6.735948337094036,0.9960000000000001,0.005477225575051666
Independent Q-Learning,1609,5,29.52,2.1568495543268655,0.9960000000000001,0.005477225575051666
Independent Q-Learning,1610,5,29.109999999999996,10.092286658631922,0.9960000000000001,0.005477225575051666
Independent Q-Learning,1611,5,29.770000000000003,1.9756644451930578,0.9960000000000001,0.005477225575051666
Independent Q-Learning,1612,5,30.159999999999997,3.9106265482656335,0.9960000000000001,0.005477225575051666
Independent Q-Learning,1613,5,27.93,3.2985981871091825,0.9960000000000001,0.005477225575051666
Independent Q-Learning,1614,5,33.319999999999986,6.051301512897853,0.9960000000000001,0.005477225575051666
Independent Q-Learning,1615,5,31.959999999999997,5.183314576600569,0.9960000000000001,0.005477225575051666
Independent Q-Learning,1616,5,30.679999999999996,4.36185167102229,0.9960000000000001,0.005477225575051666
Independent Q-Learning,1617,5,31.57,5.755280184317699,0.9960000000000001,0.005477225575051666
Independent Q-Learning,1618,5,30.929999999999996,4.5796561006258925,0.9960000000000001,0.005477225575051666
Independent Q-Learning,1619,5,30.7,5.804524097632807,0.9960000000000001,0.005477225575051666
Independent Q-Learning,1620,5,26.309999999999995,13.684681216601275,0.994,0.005477225575051666
Independent Q-Learning,1621,5,29.159999999999997,6.293389388874646,0.994,0.005477225575051666
Independent Q-Learning,1622,5,24.8,3.2931747600150194,0.994,0.005477225575051666
Independent Q-Learning,1623,5,30.289999999999985,7.927594212622122,0.994,0.005477225575051666
Independent Q-Learning,1624,5,27.21,3.499892855502862,0.994,0.005477225575051666
Independent Q-Learning,1625,5,32.63999999999999,5.9094627505383155,0.994,0.005477225575051666
Independent Q-Learning,1626,5,29.869999999999997,3.136996971627481,0.994,0.005477225575051666
Independent Q-Learning,1627,5,30.659999999999997,7.475493294759879,0.994,0.005477225575051666
Independent Q-Learning,1628,5,29.4,4.755917366817883,0.994,0.005477225575051666
Independent Q-Learning,1629,5,31.080000000000002,1.64681510801911,0.994,0.005477225575051666
Independent Q-Learning,1630,5,30.429999999999996,4.613648231063992,0.994,0.005477225575051666
Independent Q-Learning,1631,5,30.379999999999995,5.905675236583868,0.994,0.005477225575051666
Independent Q-Learning,1632,5,30.93999999999999,5.847264317610409,0.994,0.005477225575051666
Independent Q-Learning,1633,5,28.889999999999997,5.827778307382665,0.994,0.005477225575051666
Independent Q-Learning,1634,5,27.77,3.2337284981890453,0.994,0.005477225575051666
Independent Q-Learning,1635,5,29.709999999999997,6.071799568496962,0.994,0.005477225575051666
Independent Q-Learning,1636,5,28.53,5.228599238801913,0.994,0.005477225575051666
Independent Q-Learning,1637,5,30.749999999999993,2.715004604047657,0.994,0.005477225575051666
Independent Q-Learning,1638,5,33.68999999999999,6.603162121287033,0.994,0.005477225575051666
Independent Q-Learning,1639,5,31.310000000000002,3.900544833737968,0.994,0.005477225575051666
Independent Q-Learning,1640,5,31.649999999999988,5.286894173330869,0.994,0.005477225575051666
Independent Q-Learning,1641,5,28.02,5.627232890151246,0.994,0.005477225575051666
Independent Q-Learning,1642,5,26.829999999999995,3.591239340394891,0.994,0.005477225575051666
Independent Q-Learning,1643,5,31.459999999999997,2.131138193548221,0.994,0.005477225575051666
Independent Q-Learning,1644,5,34.08,6.0721289511998995,0.994,0.005477225575051666
Independent Q-Learning,1645,5,26.630000000000003,3.0155016166468873,0.994,0.005477225575051666
Independent Q-Learning,1646,5,29.369999999999994,2.330128751807499,0.994,0.005477225575051666
Independent Q-Learning,1647,5,31.859999999999996,6.375480374058095,0.994,0.005477225575051666
Independent Q-Learning,1648,5,28.82,2.457793726088498,0.994,0.005477225575051666
Independent Q-Learning,1649,5,31.95999999999999,2.2727736358907316,0.994,0.005477225575051666
Independent Q-Learning,1650,5,31.29999999999999,2.794637722496409,0.994,0.005477225575051666
Independent Q-Learning,1651,5,30.859999999999996,5.765240671472434,0.994,0.005477225575051666
Independent Q-Learning,1652,5,27.790000000000003,1.6364595931461312,0.994,0.005477225575051666
Independent Q-Learning,1653,5,29.499999999999993,3.2981055168080893,0.994,0.005477225575051666
Independent Q-Learning,1654,5,30.23,6.174605250540306,0.994,0.005477225575051666
Independent Q-Learning,1655,5,29.2,3.7150033647360243,0.994,0.005477225575051666
Independent Q-Learning,1656,5,29.0,4.5820301177534795,0.994,0.005477225575051666
Independent Q-Learning,1657,5,30.069999999999993,4.382436536905009,0.994,0.005477225575051666
Independent Q-Learning,1658,5,30.449999999999996,6.2435967198402444,0.994,0.005477225575051666
Independent Q-Learning,1659,5,28.560000000000002,3.7222976775104892,0.994,0.005477225575051666
Independent Q-Learning,1660,5,29.910000000000004,4.637941353661121,0.994,0.005477225575051666
Independent Q-Learning,1661,5,30.95999999999999,4.907698034720542,0.994,0.005477225575051666
Independent Q-Learning,1662,5,28.35,3.9774363602702643,0.994,0.005477225575051666
Independent Q-Learning,1663,5,29.29,5.827992793406661,0.994,0.005477225575051666
Independent Q-Learning,1664,5,29.839999999999996,5.012409600182319,0.994,0.005477225575051666
Independent Q-Learning,1665,5,28.15,6.117393235684622,0.994,0.005477225575051666
Independent Q-Learning,1666,5,34.65999999999999,3.489878221371047,0.994,0.005477225575051666
Independent Q-Learning,1667,5,34.90999999999999,5.323814422009845,0.994,0.005477225575051666
Independent Q-Learning,1668,5,27.080000000000002,3.1639769278551944,0.994,0.005477225575051666
Independent Q-Learning,1669,5,30.52999999999999,3.4816662677516783,0.994,0.005477225575051666
Independent Q-Learning,1670,5,33.099999999999994,6.452615748671222,0.994,0.005477225575051666
Independent Q-Learning,1671,5,30.379999999999995,4.317493485808631,0.994,0.005477225575051666
Independent Q-Learning,1672,5,31.199999999999996,6.072684743999143,0.994,0.005477225575051666
Independent Q-Learning,1673,5,32.13,7.782560632593874,0.994,0.005477225575051666
Independent Q-Learning,1674,5,32.22,4.445025309264278,0.994,0.005477225575051666
Independent Q-Learning,1675,5,30.74,3.552006475219319,0.994,0.005477225575051666
Independent Q-Learning,1676,5,28.669999999999998,3.775844276449963,0.9960000000000001,0.005477225575051666
Independent Q-Learning,1677,5,28.779999999999994,2.6300190113381294,0.9960000000000001,0.005477225575051666
Independent Q-Learning,1678,5,32.40999999999999,5.5477923537205225,0.9960000000000001,0.005477225575051666
Independent Q-Learning,1679,5,28.85,3.6920522748195186,0.9960000000000001,0.005477225575051666
Independent Q-Learning,1680,5,30.189999999999998,5.224629173443794,0.9960000000000001,0.005477225575051666
Independent Q-Learning,1681,5,36.19999999999999,3.778723329379911,0.9960000000000001,0.005477225575051666
Independent Q-Learning,1682,5,31.32,3.959734839607317,0.9960000000000001,0.005477225575051666
Independent Q-Learning,1683,5,29.169999999999998,6.094833877965829,0.9960000000000001,0.005477225575051666
Independent Q-Learning,1684,5,33.94999999999999,3.491239035070496,0.9960000000000001,0.005477225575051666
Independent Q-Learning,1685,5,27.440000000000005,3.0486472409906646,0.9960000000000001,0.005477225575051666
Independent Q-Learning,1686,5,31.999999999999993,7.422263805605399,0.9960000000000001,0.005477225575051666
Independent Q-Learning,1687,5,27.5,3.121698255757594,0.9960000000000001,0.005477225575051666
Independent Q-Learning,1688,5,32.55,5.626388717463447,0.9960000000000001,0.005477225575051666
Independent Q-Learning,1689,5,30.62999999999999,6.056876257610017,0.9960000000000001,0.005477225575051666
Independent Q-Learning,1690,5,31.159999999999997,2.831386586109352,0.9960000000000001,0.005477225575051666
Independent Q-Learning,1691,5,32.749999999999986,3.638681079732042,0.9960000000000001,0.005477225575051666
Independent Q-Learning,1692,5,30.159999999999997,3.2955272719247826,0.9960000000000001,0.005477225575051666
Independent Q-Learning,1693,5,29.29,3.495604382649722,0.9960000000000001,0.005477225575051666
Independent Q-Learning,1694,5,30.019999999999992,3.842785448083196,0.9960000000000001,0.005477225575051666
Independent Q-Learning,1695,5,25.95,3.9651607785813665,0.9960000000000001,0.005477225575051666
Independent Q-Learning,1696,5,31.129999999999995,2.7849147204178433,0.9960000000000001,0.005477225575051666
Independent Q-Learning,1697,5,29.209999999999997,2.04034310840113,0.9960000000000001,0.005477225575051666
Independent Q-Learning,1698,5,29.15,4.177918141850071,0.9960000000000001,0.005477225575051666
Independent Q-Learning,1699,5,28.910000000000004,5.71001313483603,0.9960000000000001,0.005477225575051666
Independent Q-Learning,1700,5,30.099999999999987,7.68854667671334,0.9960000000000001,0.005477225575051666
Independent Q-Learning,1701,5,29.809999999999995,3.5953789786335424,0.9960000000000001,0.005477225575051666
Independent Q-Learning,1702,5,27.95,3.0387086072869796,0.9960000000000001,0.005477225575051666
Independent Q-Learning,1703,5,30.6,6.315853069855247,0.998,0.004472135954999584
Independent Q-Learning,1704,5,32.80999999999999,2.399322821130993,0.998,0.004472135954999584
Independent Q-Learning,1705,5,29.560000000000002,4.028709470785896,0.998,0.004472135954999584
Independent Q-Learning,1706,5,32.19,5.239322475282464,0.998,0.004472135954999584
Independent Q-Learning,1707,5,29.15,2.717535648340234,0.998,0.004472135954999584
Independent Q-Learning,1708,5,31.759999999999998,3.83770764910512,0.998,0.004472135954999584
Independent Q-Learning,1709,5,30.71,2.5967287112827155,0.998,0.004472135954999584
Independent Q-Learning,1710,5,31.389999999999997,6.260930442034949,0.998,0.004472135954999584
Independent Q-Learning,1711,5,29.609999999999996,5.763614317422701,0.998,0.004472135954999584
Independent Q-Learning,1712,5,34.39999999999999,6.064754735354097,0.998,0.004472135954999584
Independent Q-Learning,1713,5,32.999999999999986,2.961840643923967,0.998,0.004472135954999584
Independent Q-Learning,1714,5,32.38999999999999,4.410697223795799,0.998,0.004472135954999584
Independent Q-Learning,1715,5,29.8,4.876858620054507,0.998,0.004472135954999584
Independent Q-Learning,1716,5,30.549999999999994,5.314720124333918,0.998,0.004472135954999584
Independent Q-Learning,1717,5,26.419999999999998,1.8836799091140717,0.998,0.004472135954999584
Independent Q-Learning,1718,5,29.179999999999996,4.502027321107671,0.998,0.004472135954999584
Independent Q-Learning,1719,5,30.379999999999995,4.1437603695194465,0.998,0.004472135954999584
Independent Q-Learning,1720,5,29.97,5.722717885760222,1.0,0.0
Independent Q-Learning,1721,5,29.369999999999997,1.857955865998973,1.0,0.0
Independent Q-Learning,1722,5,30.179999999999996,4.272674806254271,1.0,0.0
Independent Q-Learning,1723,5,29.359999999999996,4.566645377079319,1.0,0.0
Independent Q-Learning,1724,5,33.65999999999999,2.7268113246060803,1.0,0.0
Independent Q-Learning,1725,5,29.729999999999997,4.307493470685697,1.0,0.0
Independent Q-Learning,1726,5,26.689999999999998,4.914442999974663,1.0,0.0
Independent Q-Learning,1727,5,29.459999999999997,1.3450836405220294,1.0,0.0
Independent Q-Learning,1728,5,28.159999999999997,4.24814665471897,1.0,0.0
Independent Q-Learning,1729,5,26.28,4.561195018851967,1.0,0.0
Independent Q-Learning,1730,5,28.629999999999995,4.651961951693063,1.0,0.0
Independent Q-Learning,1731,5,27.459999999999997,7.1610404272005,1.0,0.0
Independent Q-Learning,1732,5,28.259999999999998,6.316189515839432,1.0,0.0
Independent Q-Learning,1733,5,32.48,6.097601987666951,1.0,0.0
Independent Q-Learning,1734,5,29.699999999999996,15.877066794594013,0.998,0.004472135954999584
Independent Q-Learning,1735,5,29.839999999999996,2.3540921817125167,0.998,0.004472135954999584
Independent Q-Learning,1736,5,27.72,2.3679104712805317,0.998,0.004472135954999584
Independent Q-Learning,1737,5,29.759999999999998,4.137088348101835,0.998,0.004472135954999584
Independent Q-Learning,1738,5,27.439999999999998,3.150079364079571,0.998,0.004472135954999584
Independent Q-Learning,1739,5,31.27,2.8420063335608474,0.998,0.004472135954999584
Independent Q-Learning,1740,5,32.989999999999995,7.620892336203146,0.998,0.004472135954999584
Independent Q-Learning,1741,5,24.96,1.8799601059596998,0.998,0.004472135954999584
Independent Q-Learning,1742,5,28.869999999999997,2.4409526828678993,0.998,0.004472135954999584
Independent Q-Learning,1743,5,31.79,4.567740141470387,0.998,0.004472135954999584
Independent Q-Learning,1744,5,30.479999999999997,5.71298958514716,0.998,0.004472135954999584
Independent Q-Learning,1745,5,29.699999999999996,6.020070597592682,0.998,0.004472135954999584
Independent Q-Learning,1746,5,35.429999999999986,6.254458409806543,0.998,0.004472135954999584
Independent Q-Learning,1747,5,25.48,1.8800265955565645,0.998,0.004472135954999584
Independent Q-Learning,1748,5,28.949999999999996,4.188973621306291,0.998,0.004472135954999584
Independent Q-Learning,1749,5,29.57,3.283024520164292,0.998,0.004472135954999584
Independent Q-Learning,1750,5,27.189999999999998,6.366847728664472,0.998,0.004472135954999584
Independent Q-Learning,1751,5,30.160000000000004,3.490057306119765,0.998,0.004472135954999584
Independent Q-Learning,1752,5,27.160000000000004,1.052615789355262,0.998,0.004472135954999584
Independent Q-Learning,1753,5,30.95,5.061743770678243,0.998,0.004472135954999584
Independent Q-Learning,1754,5,28.96,2.655983810191618,0.998,0.004472135954999584
Independent Q-Learning,1755,5,32.709999999999994,5.5488061779089,0.998,0.004472135954999584
Independent Q-Learning,1756,5,28.429999999999996,4.1115082390772315,0.998,0.004472135954999584
Independent Q-Learning,1757,5,27.74,5.617205711027505,0.998,0.004472135954999584
Independent Q-Learning,1758,5,26.7,3.0665534399387187,0.998,0.004472135954999584
Independent Q-Learning,1759,5,32.489999999999995,7.362183779287225,0.998,0.004472135954999584
Independent Q-Learning,1760,5,31.349999999999994,3.139864646764244,0.998,0.004472135954999584
Independent Q-Learning,1761,5,28.669999999999998,5.470329057744149,0.998,0.004472135954999584
Independent Q-Learning,1762,5,30.519999999999992,5.0762436899739125,0.998,0.004472135954999584
Independent Q-Learning,1763,5,29.70999999999999,5.211933422445062,0.998,0.004472135954999584
Independent Q-Learning,1764,5,28.609999999999992,5.377197225321004,0.998,0.004472135954999584
Independent Q-Learning,1765,5,34.03999999999999,7.554253768573035,0.998,0.004472135954999584
Independent Q-Learning,1766,5,27.610000000000003,2.332755880927108,0.998,0.004472135954999584
Independent Q-Learning,1767,5,32.55,5.163453301812649,0.998,0.004472135954999584
Independent Q-Learning,1768,5,28.24,3.8715952784349765,0.998,0.004472135954999584
Independent Q-Learning,1769,5,29.209999999999997,7.794902180271409,0.998,0.004472135954999584
Independent Q-Learning,1770,5,30.74,5.134247754053161,0.998,0.004472135954999584
Independent Q-Learning,1771,5,29.439999999999998,1.9197656106931358,0.998,0.004472135954999584
Independent Q-Learning,1772,5,27.7,3.7223984203736165,0.998,0.004472135954999584
Independent Q-Learning,1773,5,31.759999999999998,2.753497775557477,0.998,0.004472135954999584
Independent Q-Learning,1774,5,31.74,3.1562240097939775,0.998,0.004472135954999584
Independent Q-Learning,1775,5,26.959999999999997,2.9982077980019923,0.998,0.004472135954999584
Independent Q-Learning,1776,5,27.440000000000005,2.0141375325433963,0.998,0.004472135954999584
Independent Q-Learning,1777,5,25.14,1.337628498500239,0.998,0.004472135954999584
Independent Q-Learning,1778,5,28.590000000000003,3.727499161636388,0.998,0.004472135954999584
Independent Q-Learning,1779,5,34.71999999999999,5.334744604945949,0.998,0.004472135954999584
Independent Q-Learning,1780,5,33.419999999999995,5.292754481364116,0.998,0.004472135954999584
Independent Q-Learning,1781,5,28.78,0.8386000238492742,0.998,0.004472135954999584
Independent Q-Learning,1782,5,32.84999999999999,2.3851100603536057,0.998,0.004472135954999584
Independent Q-Learning,1783,5,29.940000000000005,2.6199713738894133,0.998,0.004472135954999584
Independent Q-Learning,1784,5,32.459999999999994,4.82433933300716,0.998,0.004472135954999584
Independent Q-Learning,1785,5,30.76999999999999,4.478922861581782,0.998,0.004472135954999584
Independent Q-Learning,1786,5,30.96999999999999,2.78715805077501,0.998,0.004472135954999584
Independent Q-Learning,1787,5,31.74,5.523857347904623,0.998,0.004472135954999584
Independent Q-Learning,1788,5,29.020000000000003,3.0719700519373556,0.998,0.004472135954999584
Independent Q-Learning,1789,5,25.72,2.6411645158906687,0.998,0.004472135954999584
Independent Q-Learning,1790,5,28.380000000000003,2.8936568559523397,0.998,0.004472135954999584
Independent Q-Learning,1791,5,33.179999999999986,5.206438321924098,0.998,0.004472135954999584
Independent Q-Learning,1792,5,29.52,5.579941755968422,0.998,0.004472135954999584
Independent Q-Learning,1793,5,31.369999999999997,4.950959502965054,0.998,0.004472135954999584
Independent Q-Learning,1794,5,29.82,6.026151342274767,0.998,0.004472135954999584
Independent Q-Learning,1795,5,29.499999999999993,5.4385200192699426,0.998,0.004472135954999584
Independent Q-Learning,1796,5,24.810000000000002,12.986213843919245,0.9960000000000001,0.005477225575051666
Independent Q-Learning,1797,5,28.199999999999996,4.641793834284322,0.9960000000000001,0.005477225575051666
Independent Q-Learning,1798,5,28.879999999999995,2.5584663374764163,0.9960000000000001,0.005477225575051666
Independent Q-Learning,1799,5,28.22,4.970990846903658,0.9960000000000001,0.005477225575051666
Independent Q-Learning,1800,5,30.429999999999996,4.558864990323787,0.9960000000000001,0.005477225575051666
Independent Q-Learning,1801,5,27.110000000000003,0.8157818335805224,0.9960000000000001,0.005477225575051666
Independent Q-Learning,1802,5,30.459999999999997,5.0928135642294965,0.9960000000000001,0.005477225575051666
Independent Q-Learning,1803,5,28.830000000000002,2.7107655745194905,0.9960000000000001,0.005477225575051666
Independent Q-Learning,1804,5,33.459999999999994,2.4350051334648137,0.9960000000000001,0.005477225575051666
Independent Q-Learning,1805,5,26.02,4.456399892289735,0.9960000000000001,0.005477225575051666
Independent Q-Learning,1806,5,31.73,4.254350714268862,0.9960000000000001,0.005477225575051666
Independent Q-Learning,1807,5,30.5,8.615030470056384,0.9960000000000001,0.005477225575051666
Independent Q-Learning,1808,5,26.690000000000005,3.447897910321593,0.9960000000000001,0.005477225575051666
Independent Q-Learning,1809,5,29.029999999999994,4.945275523163492,0.9960000000000001,0.005477225575051666
Independent Q-Learning,1810,5,30.869999999999997,4.4348900775554725,0.9960000000000001,0.005477225575051666
Independent Q-Learning,1811,5,27.669999999999998,4.6545139381035225,0.9960000000000001,0.005477225575051666
Independent Q-Learning,1812,5,28.129999999999995,4.64967740816499,0.9960000000000001,0.005477225575051666
Independent Q-Learning,1813,5,26.1,1.540292180074937,0.9960000000000001,0.005477225575051666
Independent Q-Learning,1814,5,29.3,2.908393027085574,0.9960000000000001,0.005477225575051666
Independent Q-Learning,1815,5,27.349999999999994,5.994580886100367,0.9960000000000001,0.005477225575051666
Independent Q-Learning,1816,5,31.82,6.228523099419314,0.9960000000000001,0.005477225575051666
Independent Q-Learning,1817,5,31.379999999999995,3.0914397940118423,0.9960000000000001,0.005477225575051666
Independent Q-Learning,1818,5,30.249999999999993,5.395831724581472,0.9960000000000001,0.005477225575051666
Independent Q-Learning,1819,5,29.55,3.83536178215302,0.9960000000000001,0.005477225575051666
Independent Q-Learning,1820,5,29.5,3.362476765718983,0.9960000000000001,0.005477225575051666
Independent Q-Learning,1821,5,27.589999999999996,5.430975971222849,0.9960000000000001,0.005477225575051666
Independent Q-Learning,1822,5,29.869999999999994,5.029488045517155,0.9960000000000001,0.005477225575051666
Independent Q-Learning,1823,5,29.869999999999997,5.001199856034547,0.9960000000000001,0.005477225575051666
Independent Q-Learning,1824,5,30.699999999999996,3.5399505646265714,0.9960000000000001,0.005477225575051666
Independent Q-Learning,1825,5,30.809999999999995,3.805489456035841,0.9960000000000001,0.005477225575051666
Independent Q-Learning,1826,5,27.020000000000003,3.5715192845622443,0.9960000000000001,0.005477225575051666
Independent Q-Learning,1827,5,32.099999999999994,6.21138068387375,0.9960000000000001,0.005477225575051666
Independent Q-Learning,1828,5,28.51,4.05021604362039,0.9960000000000001,0.005477225575051666
Independent Q-Learning,1829,5,30.54,3.940875537237884,0.9960000000000001,0.005477225575051666
Independent Q-Learning,1830,5,29.639999999999997,6.1982255525271075,0.9960000000000001,0.005477225575051666
Independent Q-Learning,1831,5,33.129999999999995,8.4679985829002,0.9960000000000001,0.005477225575051666
Independent Q-Learning,1832,5,31.159999999999997,3.026012227338148,0.9960000000000001,0.005477225575051666
Independent Q-Learning,1833,5,28.27,2.85779635383629,0.9960000000000001,0.005477225575051666
Independent Q-Learning,1834,5,29.839999999999993,6.184193561006953,0.998,0.004472135954999584
Independent Q-Learning,1835,5,30.49,4.791842025776725,0.998,0.004472135954999584
Independent Q-Learning,1836,5,29.679999999999996,5.065644085405124,0.998,0.004472135954999584
Independent Q-Learning,1837,5,31.70999999999999,6.013048311796596,0.998,0.004472135954999584
Independent Q-Learning,1838,5,32.57999999999999,5.258516901180402,0.998,0.004472135954999584
Independent Q-Learning,1839,5,29.109999999999996,3.2966649814623237,0.998,0.004472135954999584
Independent Q-Learning,1840,5,27.22,2.440440534002,0.998,0.004472135954999584
Independent Q-Learning,1841,5,26.07,3.2279250301083513,0.998,0.004472135954999584
Independent Q-Learning,1842,5,27.77,2.7626074639731195,0.998,0.004472135954999584
Independent Q-Learning,1843,5,32.74999999999999,7.348299122926333,0.998,0.004472135954999584
Independent Q-Learning,1844,5,31.74999999999999,3.4148572444539944,0.998,0.004472135954999584
Independent Q-Learning,1845,5,30.75,5.414679122533484,0.998,0.004472135954999584
Independent Q-Learning,1846,5,28.669999999999995,2.628117196777949,0.998,0.004472135954999584
Independent Q-Learning,1847,5,29.689999999999998,4.716778561688049,0.998,0.004472135954999584
Independent Q-Learning,1848,5,31.52999999999999,4.029826298986089,0.998,0.004472135954999584
Independent Q-Learning,1849,5,31.999999999999993,4.945578833665472,0.998,0.004472135954999584
Independent Q-Learning,1850,5,31.159999999999997,4.82382109950192,0.998,0.004472135954999584
Independent Q-Learning,1851,5,30.459999999999997,7.8459703032830745,0.998,0.004472135954999584
Independent Q-Learning,1852,5,25.56,3.965066203734811,0.998,0.004472135954999584
Independent Q-Learning,1853,5,30.949999999999996,5.199519208542257,0.998,0.004472135954999584
Independent Q-Learning,1854,5,27.569999999999993,5.973545848154169,0.998,0.004472135954999584
Independent Q-Learning,1855,5,29.79,3.1755708148299875,0.998,0.004472135954999584
Independent Q-Learning,1856,5,32.019999999999996,3.2769269140461392,0.998,0.004472135954999584
Independent Q-Learning,1857,5,31.80999999999999,8.451582692016911,0.998,0.004472135954999584
Independent Q-Learning,1858,5,29.309999999999995,3.6581074341795854,0.998,0.004472135954999584
Independent Q-Learning,1859,5,30.22,1.641873929386779,0.998,0.004472135954999584
Independent Q-Learning,1860,5,27.389999999999997,5.535160340947673,0.998,0.004472135954999584
Independent Q-Learning,1861,5,28.9,5.908468498688975,0.998,0.004472135954999584
Independent Q-Learning,1862,5,31.330000000000002,4.086655111457287,0.998,0.004472135954999584
Independent Q-Learning,1863,5,31.579999999999995,6.7640224718727735,0.998,0.004472135954999584
Independent Q-Learning,1864,5,28.1,3.037474279726495,0.998,0.004472135954999584
Independent Q-Learning,1865,5,29.889999999999997,2.375499947379497,0.998,0.004472135954999584
Independent Q-Learning,1866,5,30.329999999999995,4.144363642346066,0.998,0.004472135954999584
Independent Q-Learning,1867,5,31.859999999999996,7.920495565303969,0.998,0.004472135954999584
Independent Q-Learning,1868,5,29.259999999999998,4.327441507403652,0.998,0.004472135954999584
Independent Q-Learning,1869,5,27.4,2.690724809414741,0.998,0.004472135954999584
Independent Q-Learning,1870,5,28.78,4.147077284064039,0.998,0.004472135954999584
Independent Q-Learning,1871,5,28.080000000000002,3.4188082718982646,0.998,0.004472135954999584
Independent Q-Learning,1872,5,29.03,5.311849960230429,0.998,0.004472135954999584
Independent Q-Learning,1873,5,29.509999999999998,4.6222829857117045,0.998,0.004472135954999584
Independent Q-Learning,1874,5,28.159999999999997,6.356433748573169,0.998,0.004472135954999584
Independent Q-Learning,1875,5,29.779999999999994,3.513651946337309,0.998,0.004472135954999584
Independent Q-Learning,1876,5,32.839999999999996,4.763192206913338,0.998,0.004472135954999584
Independent Q-Learning,1877,5,32.249999999999986,2.282268608205437,0.998,0.004472135954999584
Independent Q-Learning,1878,5,26.28,3.8310572953167874,0.998,0.004472135954999584
Independent Q-Learning,1879,5,30.279999999999994,3.371498183300704,0.998,0.004472135954999584
Independent Q-Learning,1880,5,32.339999999999996,6.2152433580673225,0.998,0.004472135954999584
Independent Q-Learning,1881,5,26.62999999999999,8.699037303058326,0.9960000000000001,0.005477225575051666
Independent Q-Learning,1882,5,30.68,4.5747404297948915,0.9960000000000001,0.005477225575051666
Independent Q-Learning,1883,5,27.98,1.3732261285017848,0.9960000000000001,0.005477225575051666
Independent Q-Learning,1884,5,31.02,2.796113373953207,0.9960000000000001,0.005477225575051666
Independent Q-Learning,1885,5,31.639999999999997,5.587418903214605,0.9960000000000001,0.005477225575051666
Independent Q-Learning,1886,5,27.57,5.376406792645062,0.9960000000000001,0.005477225575051666
Independent Q-Learning,1887,5,27.28,3.1885733486937378,0.9960000000000001,0.005477225575051666
Independent Q-Learning,1888,5,31.899999999999995,4.52700231941623,0.9960000000000001,0.005477225575051666
Independent Q-Learning,1889,5,26.820000000000004,2.659558233993007,0.9960000000000001,0.005477225575051666
Independent Q-Learning,1890,5,28.189999999999998,4.515722533548755,0.9960000000000001,0.005477225575051666
Independent Q-Learning,1891,5,29.929999999999986,5.598727534002685,0.9960000000000001,0.005477225575051666
Independent Q-Learning,1892,5,28.489999999999988,4.366978360376872,0.9960000000000001,0.005477225575051666
Independent Q-Learning,1893,5,30.29,4.372985250375304,0.9960000000000001,0.005477225575051666
Independent Q-Learning,1894,5,29.339999999999996,5.523404747074034,0.9960000000000001,0.005477225575051666
Independent Q-Learning,1895,5,30.24,5.589879247354094,0.9960000000000001,0.005477225575051666
Independent Q-Learning,1896,5,31.98999999999999,5.960327172228042,0.998,0.004472135954999584
Independent Q-Learning,1897,5,28.979999999999997,4.9978245267316,0.998,0.004472135954999584
Independent Q-Learning,1898,5,27.96,2.973928378424739,0.998,0.004472135954999584
Independent Q-Learning,1899,5,28.119999999999997,2.731437350553734,0.998,0.004472135954999584
Independent Q-Learning,1900,5,29.839999999999993,1.9191143790821796,0.998,0.004472135954999584
Independent Q-Learning,1901,5,30.410000000000004,5.680933021960386,0.998,0.004472135954999584
Independent Q-Learning,1902,5,34.40999999999998,2.2199099080818447,0.998,0.004472135954999584
Independent Q-Learning,1903,5,31.309999999999995,6.73650502857379,0.998,0.004472135954999584
Independent Q-Learning,1904,5,31.549999999999994,7.659716052178433,0.998,0.004472135954999584
Independent Q-Learning,1905,5,30.21,4.155327905232027,0.998,0.004472135954999584
Independent Q-Learning,1906,5,30.8,5.2052857750559625,0.998,0.004472135954999584
Independent Q-Learning,1907,5,30.54999999999999,6.157109711544848,0.998,0.004472135954999584
Independent Q-Learning,1908,5,29.339999999999996,4.2350324674080095,0.998,0.004472135954999584
Independent Q-Learning,1909,5,28.939999999999998,4.182313952825633,0.998,0.004472135954999584
Independent Q-Learning,1910,5,30.639999999999993,7.49861653906905,0.998,0.004472135954999584
Independent Q-Learning,1911,5,28.72,5.695239239926624,0.998,0.004472135954999584
Independent Q-Learning,1912,5,30.839999999999996,5.207014499691732,0.998,0.004472135954999584
Independent Q-Learning,1913,5,32.67999999999999,7.9484746964433315,0.998,0.004472135954999584
Independent Q-Learning,1914,5,29.059999999999995,6.531787657295663,0.998,0.004472135954999584
Independent Q-Learning,1915,5,29.209999999999997,3.430998396968435,0.998,0.004472135954999584
Independent Q-Learning,1916,5,31.509999999999998,2.196417537719091,0.998,0.004472135954999584
Independent Q-Learning,1917,5,26.929999999999996,3.937892837546492,0.998,0.004472135954999584
Independent Q-Learning,1918,5,30.21999999999999,4.312423912372246,0.998,0.004472135954999584
Independent Q-Learning,1919,5,30.639999999999993,2.3166246998596867,0.998,0.004472135954999584
Independent Q-Learning,1920,5,29.9,3.0850445701804645,0.998,0.004472135954999584
Independent Q-Learning,1921,5,28.65999999999999,2.7931612914402075,0.998,0.004472135954999584
Independent Q-Learning,1922,5,29.410000000000004,1.8270194306574845,0.998,0.004472135954999584
Independent Q-Learning,1923,5,30.709999999999997,4.888174505886625,0.998,0.004472135954999584
Independent Q-Learning,1924,5,29.9,2.3019013879834187,0.998,0.004472135954999584
Independent Q-Learning,1925,5,27.370000000000005,3.0707490942765063,0.998,0.004472135954999584
Independent Q-Learning,1926,5,30.589999999999996,5.7525429159633354,0.998,0.004472135954999584
Independent Q-Learning,1927,5,28.29,2.629496149455245,0.998,0.004472135954999584
Independent Q-Learning,1928,5,28.619999999999997,2.0197772154373856,0.998,0.004472135954999584
Independent Q-Learning,1929,5,30.410000000000004,2.665848832923576,0.998,0.004472135954999584
Independent Q-Learning,1930,5,30.57,6.2619485785177105,0.998,0.004472135954999584
Independent Q-Learning,1931,5,28.52,2.362361107028303,0.998,0.004472135954999584
Independent Q-Learning,1932,5,27.649999999999988,5.356304696336824,0.998,0.004472135954999584
Independent Q-Learning,1933,5,32.08,4.031221899126859,0.998,0.004472135954999584
Independent Q-Learning,1934,5,32.19999999999999,2.1531953000134334,0.998,0.004472135954999584
Independent Q-Learning,1935,5,32.67999999999999,3.7851023764225893,0.998,0.004472135954999584
Independent Q-Learning,1936,5,31.839999999999993,5.809087708065691,0.998,0.004472135954999584
Independent Q-Learning,1937,5,27.98,3.737579430594083,0.998,0.004472135954999584
Independent Q-Learning,1938,5,29.189999999999998,3.2778422780847745,0.998,0.004472135954999584
Independent Q-Learning,1939,5,28.419999999999998,4.73531941900438,0.998,0.004472135954999584
Independent Q-Learning,1940,5,30.49,4.220100709698757,0.998,0.004472135954999584
Independent Q-Learning,1941,5,28.499999999999993,4.616140162516724,0.998,0.004472135954999584
Independent Q-Learning,1942,5,29.869999999999997,6.646672099630006,0.998,0.004472135954999584
Independent Q-Learning,1943,5,29.789999999999992,4.313264425003397,0.998,0.004472135954999584
Independent Q-Learning,1944,5,32.339999999999996,4.254468239392555,0.998,0.004472135954999584
Independent Q-Learning,1945,5,33.949999999999996,9.084533559847744,0.998,0.004472135954999584
Independent Q-Learning,1946,5,29.759999999999998,1.6184097132679298,0.998,0.004472135954999584
Independent Q-Learning,1947,5,26.889999999999997,3.511303176884616,0.998,0.004472135954999584
Independent Q-Learning,1948,5,28.6,6.678135967468763,0.998,0.004472135954999584
Independent Q-Learning,1949,5,24.68,2.738749714742111,0.998,0.004472135954999584
Independent Q-Learning,1950,5,26.589999999999996,3.165122430491431,0.998,0.004472135954999584
Independent Q-Learning,1951,5,33.169999999999995,7.891023381032393,0.998,0.004472135954999584
Independent Q-Learning,1952,5,29.579999999999995,1.7644404212100735,0.998,0.004472135954999584
Independent Q-Learning,1953,5,28.690000000000005,3.9757703656021186,0.998,0.004472135954999584
Independent Q-Learning,1954,5,30.969999999999988,7.927846491954784,0.998,0.004472135954999584
Independent Q-Learning,1955,5,33.53999999999999,6.732143046608556,0.998,0.004472135954999584
Independent Q-Learning,1956,5,29.329999999999995,4.388422267740416,0.998,0.004472135954999584
Independent Q-Learning,1957,5,32.12999999999998,3.001791131974366,0.998,0.004472135954999584
Independent Q-Learning,1958,5,31.179999999999996,3.3044666740640567,0.998,0.004472135954999584
Independent Q-Learning,1959,5,25.12,3.245111708400805,0.998,0.004472135954999584
Independent Q-Learning,1960,5,30.310000000000002,4.447948965534564,0.998,0.004472135954999584
Independent Q-Learning,1961,5,30.009999999999998,6.825265562599007,0.998,0.004472135954999584
Independent Q-Learning,1962,5,29.769999999999992,6.961914248250975,0.998,0.004472135954999584
Independent Q-Learning,1963,5,31.319999999999993,4.576925824174996,0.998,0.004472135954999584
Independent Q-Learning,1964,5,29.079999999999995,5.87979591482561,0.998,0.004472135954999584
Independent Q-Learning,1965,5,26.939999999999998,4.830553798479005,0.998,0.004472135954999584
Independent Q-Learning,1966,5,33.98,8.196157636356192,0.998,0.004472135954999584
Independent Q-Learning,1967,5,27.68,5.784742863775363,0.998,0.004472135954999584
Independent Q-Learning,1968,5,28.99,2.1378727745120822,0.998,0.004472135954999584
Independent Q-Learning,1969,5,26.93,1.2993267487433626,0.998,0.004472135954999584
Independent Q-Learning,1970,5,31.929999999999996,4.320966327107859,0.998,0.004472135954999584
Independent Q-Learning,1971,5,32.259999999999984,3.317265440087646,0.998,0.004472135954999584
Independent Q-Learning,1972,5,32.3,4.955552441453924,0.998,0.004472135954999584
Independent Q-Learning,1973,5,29.399999999999995,7.404897028318478,0.998,0.004472135954999584
Independent Q-Learning,1974,5,32.019999999999996,6.78514922459336,0.998,0.004472135954999584
Independent Q-Learning,1975,5,31.429999999999996,3.133209217399947,0.998,0.004472135954999584
Independent Q-Learning,1976,5,30.659999999999997,2.4701720587845646,0.998,0.004472135954999584
Independent Q-Learning,1977,5,32.73,2.5919587188070667,0.998,0.004472135954999584
Independent Q-Learning,1978,5,33.67,4.62068717833181,0.998,0.004472135954999584
Independent Q-Learning,1979,5,29.32999999999999,5.6181180122884475,0.998,0.004472135954999584
Independent Q-Learning,1980,5,29.669999999999998,3.2805487345869384,0.998,0.004472135954999584
Independent Q-Learning,1981,5,32.39999999999999,3.5906127610757412,1.0,0.0
Independent Q-Learning,1982,5,29.859999999999992,5.359384292994847,1.0,0.0
Independent Q-Learning,1983,5,29.02,4.50161082280554,1.0,0.0
Independent Q-Learning,1984,5,29.759999999999998,5.498567995396616,1.0,0.0
Independent Q-Learning,1985,5,30.979999999999997,3.770377965138238,1.0,0.0
Independent Q-Learning,1986,5,28.23999999999999,5.1872921645112635,1.0,0.0
Independent Q-Learning,1987,5,30.72,4.308218889518028,1.0,0.0
Independent Q-Learning,1988,5,28.660000000000004,3.709346303595823,1.0,0.0
Independent Q-Learning,1989,5,30.789999999999992,6.280266714081492,1.0,0.0
Independent Q-Learning,1990,5,28.409999999999997,5.984083054236459,1.0,0.0
Independent Q-Learning,1991,5,30.54999999999999,5.239394048933513,1.0,0.0
Independent Q-Learning,1992,5,29.609999999999996,5.668266930905774,1.0,0.0
Independent Q-Learning,1993,5,31.0,3.4594074637139776,1.0,0.0
Independent Q-Learning,1994,5,29.509999999999998,5.873925433643155,1.0,0.0
Independent Q-Learning,1995,5,28.879999999999995,6.084467930723273,1.0,0.0
Independent Q-Learning,1996,5,28.629999999999995,2.1750287354423588,1.0,0.0
Independent Q-Learning,1997,5,25.47999999999999,5.848354469421306,0.998,0.004472135954999584
Independent Q-Learning,1998,5,31.54,5.070675497406631,0.998,0.004472135954999584
Independent Q-Learning,1999,5,27.089999999999996,2.5689005430339265,0.998,0.004472135954999584
Independent Q-Learning,2000,5,29.389999999999997,2.1955637089367244,0.998,0.004472135954999584
Independent Q-Learning,2001,5,29.769999999999992,4.05132694311382,0.998,0.004472135954999584
Independent Q-Learning,2002,5,32.129999999999995,3.059738550922278,0.998,0.004472135954999584
Independent Q-Learning,2003,5,31.619999999999994,5.256258174785554,0.998,0.004472135954999584
Independent Q-Learning,2004,5,31.919999999999998,4.776714351936901,0.998,0.004472135954999584
Independent Q-Learning,2005,5,31.139999999999997,5.255164126837521,0.998,0.004472135954999584
Independent Q-Learning,2006,5,31.109999999999996,2.96424526650545,0.998,0.004472135954999584
Independent Q-Learning,2007,5,34.379999999999995,3.633627663919344,0.998,0.004472135954999584
Independent Q-Learning,2008,5,30.209999999999997,5.746999216982718,0.998,0.004472135954999584
Independent Q-Learning,2009,5,35.209999999999994,6.315793695174022,0.998,0.004472135954999584
Independent Q-Learning,2010,5,31.15999999999999,3.8051609689998545,0.998,0.004472135954999584
Independent Q-Learning,2011,5,27.359999999999996,3.740721855471212,0.998,0.004472135954999584
Independent Q-Learning,2012,5,25.41,2.6161517540081656,0.998,0.004472135954999584
Independent Q-Learning,2013,5,27.589999999999996,2.983998994637898,0.998,0.004472135954999584
Independent Q-Learning,2014,5,30.809999999999995,5.146285067891199,0.998,0.004472135954999584
Independent Q-Learning,2015,5,28.52,3.8053580646241416,0.998,0.004472135954999584
Independent Q-Learning,2016,5,27.939999999999998,3.3390492658839266,0.998,0.004472135954999584
Independent Q-Learning,2017,5,30.119999999999997,5.635778562008977,0.998,0.004472135954999584
Independent Q-Learning,2018,5,29.889999999999997,3.943253732642623,0.998,0.004472135954999584
Independent Q-Learning,2019,5,30.23,1.4442125882293073,0.998,0.004472135954999584
Independent Q-Learning,2020,5,33.03999999999999,4.917494280627067,0.998,0.004472135954999584
Independent Q-Learning,2021,5,31.149999999999995,1.6893045906526118,0.998,0.004472135954999584
Independent Q-Learning,2022,5,30.080000000000002,2.7537701429131642,0.998,0.004472135954999584
Independent Q-Learning,2023,5,26.72,3.0142577859234243,0.998,0.004472135954999584
Independent Q-Learning,2024,5,29.629999999999995,2.952244908539932,0.998,0.004472135954999584
Independent Q-Learning,2025,5,27.169999999999998,2.0051807898541174,0.998,0.004472135954999584
Independent Q-Learning,2026,5,32.3,4.188525993711862,0.998,0.004472135954999584
Independent Q-Learning,2027,5,33.54,5.91855134302305,0.998,0.004472135954999584
Independent Q-Learning,2028,5,28.830000000000002,3.498321025863687,0.998,0.004472135954999584
Independent Q-Learning,2029,5,33.16,4.970588496345272,0.998,0.004472135954999584
Independent Q-Learning,2030,5,31.569999999999993,4.554750267577791,0.998,0.004472135954999584
Independent Q-Learning,2031,5,27.79,4.189033301371568,0.998,0.004472135954999584
Independent Q-Learning,2032,5,29.310000000000002,4.388963431153193,0.998,0.004472135954999584
Independent Q-Learning,2033,5,29.82,5.320197364760068,0.998,0.004472135954999584
Independent Q-Learning,2034,5,28.989999999999988,5.473275984271193,0.998,0.004472135954999584
Independent Q-Learning,2035,5,30.319999999999993,6.02469916261384,0.998,0.004472135954999584
Independent Q-Learning,2036,5,31.839999999999993,2.9562222514553884,0.998,0.004472135954999584
Independent Q-Learning,2037,5,29.54,2.989439746842198,0.998,0.004472135954999584
Independent Q-Learning,2038,5,28.629999999999995,4.06472631304987,0.998,0.004472135954999584
Independent Q-Learning,2039,5,31.90999999999999,4.572116577691334,0.998,0.004472135954999584
Independent Q-Learning,2040,5,29.75999999999999,5.821447414518139,0.998,0.004472135954999584
Independent Q-Learning,2041,5,30.80999999999999,4.283748358622378,0.998,0.004472135954999584
Independent Q-Learning,2042,5,31.15999999999999,2.0029353459360526,0.998,0.004472135954999584
Independent Q-Learning,2043,5,28.22,3.8559369808128277,0.998,0.004472135954999584
Independent Q-Learning,2044,5,32.43999999999998,5.995143868165297,0.998,0.004472135954999584
Independent Q-Learning,2045,5,31.330000000000002,4.49313365036029,0.998,0.004472135954999584
Independent Q-Learning,2046,5,26.310000000000002,4.025139749126729,0.998,0.004472135954999584
Independent Q-Learning,2047,5,29.999999999999993,5.638372992273565,0.998,0.004472135954999584
Independent Q-Learning,2048,5,35.60999999999998,4.759648096235677,0.998,0.004472135954999584
Independent Q-Learning,2049,5,32.169999999999995,5.413363095156278,0.998,0.004472135954999584
Independent Q-Learning,2050,5,32.64999999999999,2.7789386463180437,0.998,0.004472135954999584
Independent Q-Learning,2051,5,26.2,1.4628738838327795,0.998,0.004472135954999584
Independent Q-Learning,2052,5,33.35999999999999,6.18338499529181,0.998,0.004472135954999584
Independent Q-Learning,2053,5,30.35,6.791722903652646,0.998,0.004472135954999584
Independent Q-Learning,2054,5,27.29,3.5851080876313883,0.998,0.004472135954999584
Independent Q-Learning,2055,5,33.519999999999996,5.388947021450473,0.998,0.004472135954999584
Independent Q-Learning,2056,5,31.439999999999998,3.6346251526120246,0.998,0.004472135954999584
Independent Q-Learning,2057,5,28.929999999999996,3.2723462530728598,0.998,0.004472135954999584
Independent Q-Learning,2058,5,28.85,4.777682492589894,0.998,0.004472135954999584
Independent Q-Learning,2059,5,30.2,5.6765966916806745,0.998,0.004472135954999584
Independent Q-Learning,2060,5,29.689999999999998,2.5935978871058625,0.998,0.004472135954999584
Independent Q-Learning,2061,5,30.979999999999997,6.270725635841509,0.998,0.004472135954999584
Independent Q-Learning,2062,5,26.889999999999997,3.1922562553780023,0.998,0.004472135954999584
Independent Q-Learning,2063,5,32.96999999999999,6.4675729605470975,0.998,0.004472135954999584
Independent Q-Learning,2064,5,33.75,4.896427268938034,0.998,0.004472135954999584
Independent Q-Learning,2065,5,29.29,3.942461160239879,0.998,0.004472135954999584
Independent Q-Learning,2066,5,26.30999999999999,10.68763304010764,0.9960000000000001,0.005477225575051666
Independent Q-Learning,2067,5,29.559999999999995,3.3803476152608862,0.9960000000000001,0.005477225575051666
Independent Q-Learning,2068,5,28.580000000000002,2.750590845618445,0.9960000000000001,0.005477225575051666
Independent Q-Learning,2069,5,29.74,3.7204502415702296,0.9960000000000001,0.005477225575051666
Independent Q-Learning,2070,5,33.50999999999999,7.286923219027349,0.9960000000000001,0.005477225575051666
Independent Q-Learning,2071,5,31.559999999999995,3.179504678405104,0.9960000000000001,0.005477225575051666
Independent Q-Learning,2072,5,30.02,2.8897664265473044,0.9960000000000001,0.005477225575051666
Independent Q-Learning,2073,5,29.869999999999994,4.231075513388989,0.9960000000000001,0.005477225575051666
Independent Q-Learning,2074,5,28.15,5.5909525127656,0.9960000000000001,0.005477225575051666
Independent Q-Learning,2075,5,32.64999999999999,5.655528268871082,0.9960000000000001,0.005477225575051666
Independent Q-Learning,2076,5,26.190000000000005,3.8226953841497764,0.9960000000000001,0.005477225575051666
Independent Q-Learning,2077,5,31.129999999999995,6.615474283828779,0.9960000000000001,0.005477225575051666
Independent Q-Learning,2078,5,33.51999999999999,5.1664301021111205,0.9960000000000001,0.005477225575051666
Independent Q-Learning,2079,5,30.630000000000003,5.644532753027477,0.9960000000000001,0.005477225575051666
Independent Q-Learning,2080,5,25.689999999999998,5.256353298628241,0.9960000000000001,0.005477225575051666
Independent Q-Learning,2081,5,31.029999999999994,6.17217546736966,0.9960000000000001,0.005477225575051666
Independent Q-Learning,2082,5,30.369999999999997,4.300232551851117,0.9960000000000001,0.005477225575051666
Independent Q-Learning,2083,5,30.509999999999998,2.743947885802497,0.9960000000000001,0.005477225575051666
Independent Q-Learning,2084,5,30.21999999999999,5.9403914012462105,0.9960000000000001,0.005477225575051666
Independent Q-Learning,2085,5,31.419999999999995,4.253909966137033,0.9960000000000001,0.005477225575051666
Independent Q-Learning,2086,5,28.139999999999997,2.1393340085176034,0.9960000000000001,0.005477225575051666
Independent Q-Learning,2087,5,33.23,4.87180664640952,0.9960000000000001,0.005477225575051666
Independent Q-Learning,2088,5,33.28999999999999,5.338703026016707,0.9960000000000001,0.005477225575051666
Independent Q-Learning,2089,5,31.6,5.135416244083821,0.9960000000000001,0.005477225575051666
Independent Q-Learning,2090,5,31.669999999999995,6.213855485928192,0.9960000000000001,0.005477225575051666
Independent Q-Learning,2091,5,34.519999999999996,7.139292682051907,0.9960000000000001,0.005477225575051666
Independent Q-Learning,2092,5,28.669999999999998,3.862253228362943,0.9960000000000001,0.005477225575051666
Independent Q-Learning,2093,5,30.379999999999995,7.16140698466439,0.9960000000000001,0.005477225575051666
Independent Q-Learning,2094,5,31.69999999999999,5.855659655410304,0.9960000000000001,0.005477225575051666
Independent Q-Learning,2095,5,30.909999999999997,3.6437274870659557,0.9960000000000001,0.005477225575051666
Independent Q-Learning,2096,5,33.60999999999999,8.57389934627179,0.9960000000000001,0.005477225575051666
Independent Q-Learning,2097,5,31.090000000000003,5.142154217835165,0.998,0.004472135954999584
Independent Q-Learning,2098,5,31.75999999999999,3.499357083808393,0.998,0.004472135954999584
Independent Q-Learning,2099,5,27.359999999999996,5.025733777270735,0.998,0.004472135954999584
Independent Q-Learning,2100,5,32.92999999999999,5.006445845108079,0.998,0.004472135954999584
Independent Q-Learning,2101,5,31.839999999999993,4.423149330511004,0.998,0.004472135954999584
Independent Q-Learning,2102,5,27.689999999999998,3.8238396932925904,0.998,0.004472135954999584
Independent Q-Learning,2103,5,31.55999999999999,5.733607067108795,0.998,0.004472135954999584
Independent Q-Learning,2104,5,29.32,4.508686061370873,0.998,0.004472135954999584
Independent Q-Learning,2105,5,31.04,3.3251691686288627,0.998,0.004472135954999584
Independent Q-Learning,2106,5,26.410000000000004,2.7033312782565155,0.998,0.004472135954999584
Independent Q-Learning,2107,5,33.349999999999994,5.415833269220904,0.998,0.004472135954999584
Independent Q-Learning,2108,5,33.89999999999999,3.070219861833992,0.998,0.004472135954999584
Independent Q-Learning,2109,5,25.95,2.6652861009655213,0.998,0.004472135954999584
Independent Q-Learning,2110,5,30.429999999999996,4.2261980549898475,0.998,0.004472135954999584
Independent Q-Learning,2111,5,28.74,6.646089075539082,0.998,0.004472135954999584
Independent Q-Learning,2112,5,30.639999999999997,4.273523136710495,0.998,0.004472135954999584
Independent Q-Learning,2113,5,33.78999999999999,4.55966007504945,0.998,0.004472135954999584
Independent Q-Learning,2114,5,32.7,6.503364513849732,0.998,0.004472135954999584
Independent Q-Learning,2115,5,30.32,5.541840849392911,0.998,0.004472135954999584
Independent Q-Learning,2116,5,29.909999999999997,5.138628221617123,0.998,0.004472135954999584
Independent Q-Learning,2117,5,28.5,4.482605269260272,0.998,0.004472135954999584
Independent Q-Learning,2118,5,29.55,4.123711920103052,0.998,0.004472135954999584
Independent Q-Learning,2119,5,30.389999999999997,7.761797472235402,0.998,0.004472135954999584
Independent Q-Learning,2120,5,26.190000000000005,3.4679604957380934,0.998,0.004472135954999584
Independent Q-Learning,2121,5,28.610000000000003,2.8078906673871757,0.998,0.004472135954999584
Independent Q-Learning,2122,5,27.369999999999997,2.9846691608953884,0.998,0.004472135954999584
Independent Q-Learning,2123,5,29.349999999999994,3.631803959466972,0.998,0.004472135954999584
Independent Q-Learning,2124,5,36.36999999999999,8.280745739364297,0.998,0.004472135954999584
Independent Q-Learning,2125,5,29.109999999999992,7.570452430337287,0.998,0.004472135954999584
Independent Q-Learning,2126,5,33.08999999999999,5.142640372415706,0.998,0.004472135954999584
Independent Q-Learning,2127,5,28.689999999999998,3.704625487144413,0.998,0.004472135954999584
Independent Q-Learning,2128,5,27.429999999999996,4.7388817246265935,0.998,0.004472135954999584
Independent Q-Learning,2129,5,30.189999999999998,4.849536060284524,0.998,0.004472135954999584
Independent Q-Learning,2130,5,30.579999999999995,4.092768011993835,0.998,0.004472135954999584
Independent Q-Learning,2131,5,30.619999999999997,4.42247102873495,0.998,0.004472135954999584
Independent Q-Learning,2132,5,33.22,2.8841376527482163,0.998,0.004472135954999584
Independent Q-Learning,2133,5,28.189999999999998,1.5561972882639228,0.998,0.004472135954999584
Independent Q-Learning,2134,5,29.35,6.4173592699801345,0.998,0.004472135954999584
Independent Q-Learning,2135,5,27.82,3.9548388083460444,0.998,0.004472135954999584
Independent Q-Learning,2136,5,28.130000000000003,2.3258331840439443,0.998,0.004472135954999584
Independent Q-Learning,2137,5,29.999999999999993,5.690232859910029,0.998,0.004472135954999584
Independent Q-Learning,2138,5,31.619999999999997,4.022374920367315,0.998,0.004472135954999584
Independent Q-Learning,2139,5,28.27,3.5907171985551845,0.998,0.004472135954999584
Independent Q-Learning,2140,5,31.859999999999996,5.40559894923772,0.998,0.004472135954999584
Independent Q-Learning,2141,5,29.169999999999998,3.8377402204943465,0.998,0.004472135954999584
Independent Q-Learning,2142,5,30.299999999999994,2.8171350695342925,0.998,0.004472135954999584
Independent Q-Learning,2143,5,29.74,3.5371952165522287,0.998,0.004472135954999584
Independent Q-Learning,2144,5,31.879999999999995,5.305139017971152,0.998,0.004472135954999584
Independent Q-Learning,2145,5,28.919999999999998,5.490628379338739,0.998,0.004472135954999584
Independent Q-Learning,2146,5,32.84999999999999,5.80861429258303,0.998,0.004472135954999584
Independent Q-Learning,2147,5,30.0,3.3314786506895087,0.998,0.004472135954999584
Independent Q-Learning,2148,5,29.49,2.936494508763805,0.998,0.004472135954999584
Independent Q-Learning,2149,5,26.810000000000002,2.0190963325210602,0.998,0.004472135954999584
Independent Q-Learning,2150,5,29.23,2.916890467604152,0.998,0.004472135954999584
Independent Q-Learning,2151,5,30.529999999999994,3.698749788779984,0.998,0.004472135954999584
Independent Q-Learning,2152,5,33.58,5.026256061921233,0.998,0.004472135954999584
Independent Q-Learning,2153,5,31.479999999999997,4.109227421304398,0.998,0.004472135954999584
Independent Q-Learning,2154,5,31.379999999999995,3.6685487593870096,0.998,0.004472135954999584
Independent Q-Learning,2155,5,28.589999999999996,2.124088039606645,0.998,0.004472135954999584
Independent Q-Learning,2156,5,33.01,5.734043076224655,0.998,0.004472135954999584
Independent Q-Learning,2157,5,29.28,5.154197318690855,0.998,0.004472135954999584
Independent Q-Learning,2158,5,30.839999999999996,1.8905686975087683,0.998,0.004472135954999584
Independent Q-Learning,2159,5,29.429999999999996,5.533714846285447,0.998,0.004472135954999584
Independent Q-Learning,2160,5,27.85,1.2150102880222864,0.998,0.004472135954999584
Independent Q-Learning,2161,5,33.529999999999994,6.493612245892101,0.998,0.004472135954999584
Independent Q-Learning,2162,5,28.689999999999998,3.1989060630159143,0.998,0.004472135954999584
Independent Q-Learning,2163,5,28.509999999999998,2.1570813614697033,0.998,0.004472135954999584
Independent Q-Learning,2164,5,30.65,3.6842570485784476,0.998,0.004472135954999584
Independent Q-Learning,2165,5,26.609999999999996,4.328307983496552,0.998,0.004472135954999584
Independent Q-Learning,2166,5,31.889999999999997,6.371361706888084,1.0,0.0
Independent Q-Learning,2167,5,25.229999999999997,16.3668338416445,0.998,0.004472135954999584
Independent Q-Learning,2168,5,29.859999999999996,2.70864357197472,0.998,0.004472135954999584
Independent Q-Learning,2169,5,29.139999999999993,2.46358478644432,0.998,0.004472135954999584
Independent Q-Learning,2170,5,30.410000000000004,4.529817877133693,0.998,0.004472135954999584
Independent Q-Learning,2171,5,30.009999999999998,7.533956463903938,0.998,0.004472135954999584
Independent Q-Learning,2172,5,30.909999999999997,4.645078040248621,0.998,0.004472135954999584
Independent Q-Learning,2173,5,30.399999999999995,6.479872683934454,0.998,0.004472135954999584
Independent Q-Learning,2174,5,27.729999999999997,8.596045602484894,0.998,0.004472135954999584
Independent Q-Learning,2175,5,26.389999999999997,3.054586715089293,0.998,0.004472135954999584
Independent Q-Learning,2176,5,31.349999999999994,4.400994205858486,0.998,0.004472135954999584
Independent Q-Learning,2177,5,27.68999999999999,4.324841037541144,0.998,0.004472135954999584
Independent Q-Learning,2178,5,25.610000000000003,2.75417864344345,0.998,0.004472135954999584
Independent Q-Learning,2179,5,31.979999999999997,3.3048449282833183,0.998,0.004472135954999584
Independent Q-Learning,2180,5,27.830000000000002,5.256733776785732,0.998,0.004472135954999584
Independent Q-Learning,2181,5,32.279999999999994,4.085737387547071,0.998,0.004472135954999584
Independent Q-Learning,2182,5,28.75,4.4869254506844625,0.998,0.004472135954999584
Independent Q-Learning,2183,5,29.089999999999996,7.497783005662402,0.998,0.004472135954999584
Independent Q-Learning,2184,5,31.099999999999994,3.7917673979293536,0.998,0.004472135954999584
Independent Q-Learning,2185,5,28.46,2.460030487615956,0.998,0.004472135954999584
Independent Q-Learning,2186,5,28.74,2.488322728264962,0.998,0.004472135954999584
Independent Q-Learning,2187,5,31.909999999999997,4.337971876349587,0.998,0.004472135954999584
Independent Q-Learning,2188,5,32.319999999999986,4.235947355669086,0.998,0.004472135954999584
Independent Q-Learning,2189,5,29.539999999999992,5.867111725542636,0.998,0.004472135954999584
Independent Q-Learning,2190,5,26.410000000000004,1.5864268025975852,0.998,0.004472135954999584
Independent Q-Learning,2191,5,29.579999999999995,5.396943579471621,0.998,0.004472135954999584
Independent Q-Learning,2192,5,27.119999999999997,3.3142872536942214,0.998,0.004472135954999584
Independent Q-Learning,2193,5,28.25,1.559246612951267,0.998,0.004472135954999584
Independent Q-Learning,2194,5,33.54999999999999,5.345208134394758,0.998,0.004472135954999584
Independent Q-Learning,2195,5,34.06999999999999,5.5600809346627225,0.998,0.004472135954999584
Independent Q-Learning,2196,5,29.79,4.893669379923409,0.998,0.004472135954999584
Independent Q-Learning,2197,5,28.419999999999998,3.7377466473799412,0.998,0.004472135954999584
Independent Q-Learning,2198,5,28.479999999999983,5.7869033169735795,0.998,0.004472135954999584
Independent Q-Learning,2199,5,27.15,1.943900717629374,0.998,0.004472135954999584
Independent Q-Learning,2200,5,32.81999999999999,5.124524368173102,0.998,0.004472135954999584
Independent Q-Learning,2201,5,26.830000000000002,2.694113954531247,0.998,0.004472135954999584
Independent Q-Learning,2202,5,32.88999999999999,5.773257312817426,0.998,0.004472135954999584
Independent Q-Learning,2203,5,28.57,3.4359496503877907,0.998,0.004472135954999584
Independent Q-Learning,2204,5,31.79,3.6948274655252766,0.998,0.004472135954999584
Independent Q-Learning,2205,5,30.689999999999998,5.869241859047889,0.998,0.004472135954999584
Independent Q-Learning,2206,5,28.999999999999993,4.228622707218037,0.998,0.004472135954999584
Independent Q-Learning,2207,5,33.42999999999999,5.947541508892549,0.998,0.004472135954999584
Independent Q-Learning,2208,5,31.889999999999993,4.586311153857744,0.998,0.004472135954999584
Independent Q-Learning,2209,5,32.2,4.42577676798096,0.998,0.004472135954999584
Independent Q-Learning,2210,5,29.95,2.2660538387249307,0.998,0.004472135954999584
Independent Q-Learning,2211,5,30.929999999999996,5.420055350270875,0.998,0.004472135954999584
Independent Q-Learning,2212,5,30.24,5.489239473734039,0.998,0.004472135954999584
Independent Q-Learning,2213,5,32.209999999999994,5.725534909508453,0.998,0.004472135954999584
Independent Q-Learning,2214,5,30.919999999999998,2.537863274488988,0.998,0.004472135954999584
Independent Q-Learning,2215,5,28.169999999999998,3.9608395574675814,0.998,0.004472135954999584
Independent Q-Learning,2216,5,33.83999999999999,5.285640926131848,0.998,0.004472135954999584
Independent Q-Learning,2217,5,33.19,7.712522285219015,0.998,0.004472135954999584
Independent Q-Learning,2218,5,28.55,3.836339401043653,0.998,0.004472135954999584
Independent Q-Learning,2219,5,29.669999999999998,6.1727830028278134,0.998,0.004472135954999584
Independent Q-Learning,2220,5,30.769999999999992,4.652499328318054,0.998,0.004472135954999584
Independent Q-Learning,2221,5,31.2,2.8140273630510335,0.998,0.004472135954999584
Independent Q-Learning,2222,5,33.63999999999999,6.0856799127131165,0.998,0.004472135954999584
Independent Q-Learning,2223,5,27.529999999999994,5.472271009370785,0.998,0.004472135954999584
Independent Q-Learning,2224,5,32.77999999999999,5.240062022533698,0.998,0.004472135954999584
Independent Q-Learning,2225,5,33.959999999999994,6.092864679278534,0.998,0.004472135954999584
Independent Q-Learning,2226,5,31.779999999999994,4.577198925106922,0.998,0.004472135954999584
Independent Q-Learning,2227,5,33.749999999999986,8.587272558851259,0.998,0.004472135954999584
Independent Q-Learning,2228,5,29.07,4.881930970425533,0.998,0.004472135954999584
Independent Q-Learning,2229,5,28.98999999999999,3.950696141188273,0.998,0.004472135954999584
Independent Q-Learning,2230,5,32.629999999999995,4.505080465430111,0.998,0.004472135954999584
Independent Q-Learning,2231,5,30.099999999999987,3.6551333764994043,0.998,0.004472135954999584
Independent Q-Learning,2232,5,32.5,2.9510591319050157,0.998,0.004472135954999584
Independent Q-Learning,2233,5,28.559999999999995,4.423997061481836,0.998,0.004472135954999584
Independent Q-Learning,2234,5,31.279999999999994,7.05058508210488,0.998,0.004472135954999584
Independent Q-Learning,2235,5,27.72,3.2522300041663716,0.998,0.004472135954999584
Independent Q-Learning,2236,5,30.079999999999995,6.422188100639842,0.998,0.004472135954999584
Independent Q-Learning,2237,5,30.889999999999997,4.595568517604757,0.998,0.004472135954999584
Independent Q-Learning,2238,5,29.29,3.2675296479144573,0.998,0.004472135954999584
Independent Q-Learning,2239,5,29.52,4.7024727537754,0.998,0.004472135954999584
Independent Q-Learning,2240,5,30.23,4.602390683112417,0.998,0.004472135954999584
Independent Q-Learning,2241,5,31.109999999999996,3.029521414349137,0.998,0.004472135954999584
Independent Q-Learning,2242,5,26.290000000000003,2.299836950742375,0.998,0.004472135954999584
Independent Q-Learning,2243,5,27.7,1.3932874793092744,0.998,0.004472135954999584
Independent Q-Learning,2244,5,31.559999999999995,5.7198557674123185,0.998,0.004472135954999584
Independent Q-Learning,2245,5,31.47999999999999,4.718792218354182,0.998,0.004472135954999584
Independent Q-Learning,2246,5,32.18,3.3362778661256582,0.998,0.004472135954999584
Independent Q-Learning,2247,5,31.999999999999993,5.746303159423449,0.998,0.004472135954999584
Independent Q-Learning,2248,5,29.71999999999999,1.9230834615273429,0.998,0.004472135954999584
Independent Q-Learning,2249,5,30.51999999999999,5.789278884282552,0.998,0.004472135954999584
Independent Q-Learning,2250,5,28.72,5.644311295454915,0.998,0.004472135954999584
Independent Q-Learning,2251,5,28.339999999999996,3.947055864818735,0.998,0.004472135954999584
Independent Q-Learning,2252,5,29.0,3.378609181305224,0.998,0.004472135954999584
Independent Q-Learning,2253,5,36.08999999999999,6.380575992808169,0.998,0.004472135954999584
Independent Q-Learning,2254,5,33.8,7.354505421848562,0.998,0.004472135954999584
Independent Q-Learning,2255,5,28.139999999999997,2.2442704828072735,0.998,0.004472135954999584
Independent Q-Learning,2256,5,28.93,1.8843433869653345,0.998,0.004472135954999584
Independent Q-Learning,2257,5,29.669999999999998,4.538529497535513,0.998,0.004472135954999584
Independent Q-Learning,2258,5,31.24,1.1781341180018514,0.998,0.004472135954999584
Independent Q-Learning,2259,5,33.47999999999999,3.339273873164638,0.998,0.004472135954999584
Independent Q-Learning,2260,5,31.209999999999997,3.4386407198193796,0.998,0.004472135954999584
Independent Q-Learning,2261,5,27.04,2.813671978038663,0.998,0.004472135954999584
Independent Q-Learning,2262,5,28.55999999999999,5.3930974402471055,0.998,0.004472135954999584
Independent Q-Learning,2263,5,30.54,3.3345539431834026,0.998,0.004472135954999584
Independent Q-Learning,2264,5,30.18999999999999,2.655748482066772,0.998,0.004472135954999584
Independent Q-Learning,2265,5,32.73,3.3212572920507033,0.998,0.004472135954999584
Independent Q-Learning,2266,5,29.529999999999994,4.271797045740818,0.998,0.004472135954999584
Independent Q-Learning,2267,5,27.54,5.577566673738647,1.0,0.0
Independent Q-Learning,2268,5,27.060000000000002,2.4071248409669175,1.0,0.0
Independent Q-Learning,2269,5,30.73,1.887657278215512,1.0,0.0
Independent Q-Learning,2270,5,33.40999999999999,8.660499408232756,1.0,0.0
Independent Q-Learning,2271,5,25.36,3.84876603601726,1.0,0.0
Independent Q-Learning,2272,5,29.409999999999997,3.600937377961465,1.0,0.0
Independent Q-Learning,2273,5,25.96,3.207686081897668,1.0,0.0
Independent Q-Learning,2274,5,31.49,2.7366494112326434,1.0,0.0
Independent Q-Learning,2275,5,29.869999999999994,8.43509039667032,1.0,0.0
Independent Q-Learning,2276,5,30.49,5.202331208218097,1.0,0.0
Independent Q-Learning,2277,5,29.309999999999995,3.0191886327289943,1.0,0.0
Independent Q-Learning,2278,5,26.65,3.564232035095356,1.0,0.0
Independent Q-Learning,2279,5,27.65,3.623879137057415,1.0,0.0
Independent Q-Learning,2280,5,32.019999999999996,4.794084897037177,1.0,0.0
Independent Q-Learning,2281,5,26.309999999999995,4.004903244773834,1.0,0.0
Independent Q-Learning,2282,5,28.409999999999997,3.2591026372300664,1.0,0.0
Independent Q-Learning,2283,5,29.769999999999992,3.399742637318288,1.0,0.0
Independent Q-Learning,2284,5,30.2,3.1150842685230833,1.0,0.0
Independent Q-Learning,2285,5,29.119999999999997,4.444181589449286,1.0,0.0
Independent Q-Learning,2286,5,30.179999999999996,7.129218049688189,1.0,0.0
Independent Q-Learning,2287,5,33.199999999999996,2.651178983018686,1.0,0.0
Independent Q-Learning,2288,5,28.8,2.251666049839539,1.0,0.0
Independent Q-Learning,2289,5,30.48,8.967413227904686,1.0,0.0
Independent Q-Learning,2290,5,31.079999999999995,6.270227268608365,1.0,0.0
Independent Q-Learning,2291,5,30.819999999999993,4.1345495522487,1.0,0.0
Independent Q-Learning,2292,5,30.29,3.415113468100291,1.0,0.0
Independent Q-Learning,2293,5,31.71999999999999,6.926543149363896,1.0,0.0
Independent Q-Learning,2294,5,30.449999999999996,6.257395624379196,1.0,0.0
Independent Q-Learning,2295,5,31.04,6.430727019552298,1.0,0.0
Independent Q-Learning,2296,5,29.249999999999993,5.008492787256456,1.0,0.0
Independent Q-Learning,2297,5,32.05,7.117320422743373,1.0,0.0
Independent Q-Learning,2298,5,30.72,5.213635967345625,1.0,0.0
Independent Q-Learning,2299,5,32.05,3.5250886513675006,1.0,0.0
Independent Q-Learning,2300,5,30.52,6.537354204875236,1.0,0.0
Independent Q-Learning,2301,5,29.660000000000004,4.669903639262805,1.0,0.0
Independent Q-Learning,2302,5,28.380000000000003,6.993264616758042,1.0,0.0
Independent Q-Learning,2303,5,30.1,6.06599126276983,1.0,0.0
Independent Q-Learning,2304,5,35.529999999999994,6.031023959494767,1.0,0.0
Independent Q-Learning,2305,5,34.639999999999986,3.1482931883800043,1.0,0.0
Independent Q-Learning,2306,5,29.170000000000005,3.2257944757842214,1.0,0.0
Independent Q-Learning,2307,5,30.079999999999995,2.4649036492325593,1.0,0.0
Independent Q-Learning,2308,5,28.75,4.57247197913776,1.0,0.0
Independent Q-Learning,2309,5,29.479999999999997,3.850097401365319,1.0,0.0
Independent Q-Learning,2310,5,26.340000000000003,1.0151354589413193,1.0,0.0
Independent Q-Learning,2311,5,28.330000000000002,4.649005269947535,1.0,0.0
Independent Q-Learning,2312,5,31.04,7.099859153532551,1.0,0.0
Independent Q-Learning,2313,5,31.009999999999998,3.548661719578233,1.0,0.0
Independent Q-Learning,2314,5,27.689999999999998,3.1203765798377576,1.0,0.0
Independent Q-Learning,2315,5,29.819999999999993,5.016796786795328,1.0,0.0
Independent Q-Learning,2316,5,28.679999999999996,3.3540274298222372,1.0,0.0
Independent Q-Learning,2317,5,30.379999999999995,2.5640787819409865,1.0,0.0
Independent Q-Learning,2318,5,28.98,3.5448201646910076,1.0,0.0
Independent Q-Learning,2319,5,31.580000000000002,4.497999555357913,1.0,0.0
Independent Q-Learning,2320,5,28.679999999999996,5.983372794670234,1.0,0.0
Independent Q-Learning,2321,5,31.849999999999994,6.0048938375295196,1.0,0.0
Independent Q-Learning,2322,5,29.85,2.213594362117865,1.0,0.0
Independent Q-Learning,2323,5,34.62,6.6127339278092805,1.0,0.0
Independent Q-Learning,2324,5,28.52,4.113028081596326,1.0,0.0
Independent Q-Learning,2325,5,28.409999999999997,4.554036670910764,1.0,0.0
Independent Q-Learning,2326,5,29.509999999999998,5.388923825774489,1.0,0.0
Independent Q-Learning,2327,5,31.15999999999999,7.139975490154001,1.0,0.0
Independent Q-Learning,2328,5,29.03,5.158560845817366,1.0,0.0
Independent Q-Learning,2329,5,27.879999999999995,3.1314134188893012,1.0,0.0
Independent Q-Learning,2330,5,32.88999999999999,3.7405547716882794,1.0,0.0
Independent Q-Learning,2331,5,29.85,2.6296387584609344,1.0,0.0
Independent Q-Learning,2332,5,35.519999999999996,6.057804882958839,1.0,0.0
Independent Q-Learning,2333,5,28.689999999999998,3.892846002605288,1.0,0.0
Independent Q-Learning,2334,5,29.339999999999996,5.051286964724927,1.0,0.0
Independent Q-Learning,2335,5,30.619999999999994,4.120770559009551,1.0,0.0
Independent Q-Learning,2336,5,31.45999999999999,6.917676633090033,1.0,0.0
Independent Q-Learning,2337,5,31.939999999999987,4.172738908678557,1.0,0.0
Independent Q-Learning,2338,5,31.829999999999995,6.819970674423745,1.0,0.0
Independent Q-Learning,2339,5,26.28,5.493018295982637,1.0,0.0
Independent Q-Learning,2340,5,32.08,4.663233856456265,1.0,0.0
Independent Q-Learning,2341,5,34.90999999999999,7.045512756357758,1.0,0.0
Independent Q-Learning,2342,5,27.82999999999999,5.813088679867168,1.0,0.0
Independent Q-Learning,2343,5,27.29,2.4643457549621552,1.0,0.0
Independent Q-Learning,2344,5,32.14999999999999,5.761618696165163,1.0,0.0
Independent Q-Learning,2345,5,28.119999999999997,4.418512193035116,1.0,0.0
Independent Q-Learning,2346,5,31.98999999999999,4.244025211989192,1.0,0.0
Independent Q-Learning,2347,5,32.739999999999995,8.557336034070413,1.0,0.0
Independent Q-Learning,2348,5,32.24999999999999,4.175972940525353,1.0,0.0
Independent Q-Learning,2349,5,33.17999999999999,7.201874755922931,1.0,0.0
Independent Q-Learning,2350,5,29.95999999999999,6.821418474188475,1.0,0.0
Independent Q-Learning,2351,5,27.28,1.8085214955869349,1.0,0.0
Independent Q-Learning,2352,5,30.6,4.342810150121689,1.0,0.0
Independent Q-Learning,2353,5,30.299999999999994,5.4397840030648235,1.0,0.0
Independent Q-Learning,2354,5,25.060000000000002,2.019405853215248,1.0,0.0
Independent Q-Learning,2355,5,29.660000000000004,1.6983079814921662,1.0,0.0
Independent Q-Learning,2356,5,30.3,5.2365303398338074,1.0,0.0
Independent Q-Learning,2357,5,32.1,2.1937410968480284,1.0,0.0
Independent Q-Learning,2358,5,25.3,3.3810131617608343,1.0,0.0
Independent Q-Learning,2359,5,34.56999999999999,6.399277302946007,1.0,0.0
Independent Q-Learning,2360,5,29.79,2.604659286739814,1.0,0.0
Independent Q-Learning,2361,5,26.3,2.685377068495225,1.0,0.0
Independent Q-Learning,2362,5,33.049999999999976,7.132057907785085,1.0,0.0
Independent Q-Learning,2363,5,31.829999999999995,1.9457003880351127,1.0,0.0
Independent Q-Learning,2364,5,28.55,3.1094613681472207,1.0,0.0
Independent Q-Learning,2365,5,31.709999999999997,6.187325755122317,1.0,0.0
Independent Q-Learning,2366,5,29.32999999999999,3.9275628575491837,1.0,0.0
Independent Q-Learning,2367,5,30.429999999999996,5.680404915144691,1.0,0.0
Independent Q-Learning,2368,5,29.609999999999996,7.144438396403167,1.0,0.0
Independent Q-Learning,2369,5,32.169999999999995,4.221314961004445,1.0,0.0
Independent Q-Learning,2370,5,27.629999999999995,5.658577559775949,1.0,0.0
Independent Q-Learning,2371,5,30.009999999999998,4.032431028548406,1.0,0.0
Independent Q-Learning,2372,5,29.380000000000003,2.937813813024916,1.0,0.0
Independent Q-Learning,2373,5,27.660000000000004,4.595568517604755,1.0,0.0
Independent Q-Learning,2374,5,30.649999999999995,4.780559590675549,1.0,0.0
Independent Q-Learning,2375,5,30.189999999999998,5.288832574396731,1.0,0.0
Independent Q-Learning,2376,5,28.339999999999996,3.356970360310019,1.0,0.0
Independent Q-Learning,2377,5,29.32,2.6562661764213296,1.0,0.0
Independent Q-Learning,2378,5,31.659999999999997,2.5967287112827155,1.0,0.0
Independent Q-Learning,2379,5,30.889999999999997,2.4873178325256267,1.0,0.0
Independent Q-Learning,2380,5,31.49,5.780830390177517,1.0,0.0
Independent Q-Learning,2381,5,34.57999999999999,5.074396515843024,1.0,0.0
Independent Q-Learning,2382,5,29.93,5.798986980499266,1.0,0.0
Independent Q-Learning,2383,5,27.07,3.200117185354308,1.0,0.0
Independent Q-Learning,2384,5,29.1,1.5305227865013957,1.0,0.0
Independent Q-Learning,2385,5,30.409999999999997,3.9546491626944524,1.0,0.0
Independent Q-Learning,2386,5,31.529999999999994,2.7494544913491437,1.0,0.0
Independent Q-Learning,2387,5,29.48,4.445306513616354,1.0,0.0
Independent Q-Learning,2388,5,27.649999999999995,4.743021189073473,1.0,0.0
Independent Q-Learning,2389,5,29.639999999999993,4.644405236410786,1.0,0.0
Independent Q-Learning,2390,5,27.24,2.7985263979458916,1.0,0.0
Independent Q-Learning,2391,5,29.27,4.560509839919216,1.0,0.0
Independent Q-Learning,2392,5,28.959999999999997,3.892203745951643,1.0,0.0
Independent Q-Learning,2393,5,28.959999999999997,2.518283145319442,1.0,0.0
Independent Q-Learning,2394,5,28.359999999999996,3.0680612770933977,1.0,0.0
Independent Q-Learning,2395,5,27.35,5.049999999999996,1.0,0.0
Independent Q-Learning,2396,5,32.13999999999999,4.837664725877553,1.0,0.0
Independent Q-Learning,2397,5,30.189999999999998,4.775641318189624,1.0,0.0
Independent Q-Learning,2398,5,32.60999999999999,6.139971498305173,1.0,0.0
Independent Q-Learning,2399,5,27.54,6.517418967658898,1.0,0.0
Independent Q-Learning,2400,5,29.949999999999996,2.9455474873102903,1.0,0.0
Independent Q-Learning,2401,5,31.489999999999988,5.900995678696932,1.0,0.0
Independent Q-Learning,2402,5,26.1,1.8388175548433299,1.0,0.0
Independent Q-Learning,2403,5,29.509999999999998,5.271432442894429,1.0,0.0
Independent Q-Learning,2404,5,28.689999999999998,5.731426523999063,1.0,0.0
Independent Q-Learning,2405,5,30.03,2.8776292325454267,1.0,0.0
Independent Q-Learning,2406,5,29.139999999999997,6.424698436502674,1.0,0.0
Independent Q-Learning,2407,5,31.50999999999999,5.037037819989043,1.0,0.0
Independent Q-Learning,2408,5,31.72,7.6613151612500525,1.0,0.0
Independent Q-Learning,2409,5,28.580000000000002,3.8866116348305226,1.0,0.0
Independent Q-Learning,2410,5,26.159999999999986,9.879739369031977,0.998,0.004472135954999584
Independent Q-Learning,2411,5,30.75,5.235933536629351,0.998,0.004472135954999584
Independent Q-Learning,2412,5,29.139999999999997,4.871524402073748,0.998,0.004472135954999584
Independent Q-Learning,2413,5,33.669999999999995,6.696416952370866,0.998,0.004472135954999584
Independent Q-Learning,2414,5,30.309999999999995,6.609122483355854,0.998,0.004472135954999584
Independent Q-Learning,2415,5,28.02,4.77160874339043,0.998,0.004472135954999584
Independent Q-Learning,2416,5,29.279999999999994,5.553219786754342,0.998,0.004472135954999584
Independent Q-Learning,2417,5,27.7,3.8927817817082935,0.998,0.004472135954999584
Independent Q-Learning,2418,5,27.659999999999997,3.59033424627847,0.998,0.004472135954999584
Independent Q-Learning,2419,5,29.749999999999993,2.5502450862613077,0.998,0.004472135954999584
Independent Q-Learning,2420,5,28.729999999999997,3.742592684223061,0.998,0.004472135954999584
Independent Q-Learning,2421,5,30.77,3.6267409612488137,0.998,0.004472135954999584
Independent Q-Learning,2422,5,31.90999999999999,6.032971904459687,0.998,0.004472135954999584
Independent Q-Learning,2423,5,33.15999999999999,1.6218816233005406,0.998,0.004472135954999584
Independent Q-Learning,2424,5,28.630000000000003,7.684285913473025,0.998,0.004472135954999584
Independent Q-Learning,2425,5,28.759999999999998,4.025916044827557,0.998,0.004472135954999584
Independent Q-Learning,2426,5,28.860000000000003,3.9519615382743774,0.998,0.004472135954999584
Independent Q-Learning,2427,5,31.429999999999996,2.9543611830647905,0.998,0.004472135954999584
Independent Q-Learning,2428,5,27.669999999999998,4.386427931700234,0.998,0.004472135954999584
Independent Q-Learning,2429,5,31.639999999999997,4.4131054825372065,0.998,0.004472135954999584
Independent Q-Learning,2430,5,30.389999999999997,5.096984402565887,0.998,0.004472135954999584
Independent Q-Learning,2431,5,29.74,3.95970327171115,0.998,0.004472135954999584
Independent Q-Learning,2432,5,33.53999999999999,4.964171632810449,0.998,0.004472135954999584
Independent Q-Learning,2433,5,29.03,4.258608927807296,0.998,0.004472135954999584
Independent Q-Learning,2434,5,26.0,4.183748319390162,0.998,0.004472135954999584
Independent Q-Learning,2435,5,30.919999999999995,4.184883510923569,0.998,0.004472135954999584
Independent Q-Learning,2436,5,32.41,7.035392668501163,0.998,0.004472135954999584
Independent Q-Learning,2437,5,27.119999999999997,8.112998829039723,0.998,0.004472135954999584
Independent Q-Learning,2438,5,29.299999999999994,5.004373087610471,0.998,0.004472135954999584
Independent Q-Learning,2439,5,27.819999999999993,5.708611915343331,0.998,0.004472135954999584
Independent Q-Learning,2440,5,30.1,5.2948087784168365,0.998,0.004472135954999584
Independent Q-Learning,2441,5,26.880000000000003,3.250115382567209,0.998,0.004472135954999584
Independent Q-Learning,2442,5,31.73999999999999,6.250939929322626,0.998,0.004472135954999584
Independent Q-Learning,2443,5,29.76,2.925833214658687,0.998,0.004472135954999584
Independent Q-Learning,2444,5,31.259999999999998,6.401015544427297,0.998,0.004472135954999584
Independent Q-Learning,2445,5,29.479999999999997,4.98655692838254,0.998,0.004472135954999584
Independent Q-Learning,2446,5,29.85,2.799107000455679,0.998,0.004472135954999584
Independent Q-Learning,2447,5,28.96999999999999,5.820180409574936,0.998,0.004472135954999584
Independent Q-Learning,2448,5,29.279999999999994,3.2005077722136406,0.998,0.004472135954999584
Independent Q-Learning,2449,5,30.119999999999997,3.2742556405998577,0.998,0.004472135954999584
Independent Q-Learning,2450,5,30.269999999999992,3.579734627035914,0.998,0.004472135954999584
Independent Q-Learning,2451,5,29.1,4.994121544375943,0.998,0.004472135954999584
Independent Q-Learning,2452,5,30.54,6.2044741920649455,0.998,0.004472135954999584
Independent Q-Learning,2453,5,30.129999999999995,4.262569647524827,0.998,0.004472135954999584
Independent Q-Learning,2454,5,29.130000000000003,2.920316763640546,0.998,0.004472135954999584
Independent Q-Learning,2455,5,31.27,2.135591253025724,0.998,0.004472135954999584
Independent Q-Learning,2456,5,30.529999999999994,5.289328879924182,0.998,0.004472135954999584
Independent Q-Learning,2457,5,29.639999999999997,3.774817876401453,0.998,0.004472135954999584
Independent Q-Learning,2458,5,33.54999999999999,7.877578942797075,0.998,0.004472135954999584
Independent Q-Learning,2459,5,30.77,3.751099838713972,0.998,0.004472135954999584
Independent Q-Learning,2460,5,25.96,1.9549296662540065,0.998,0.004472135954999584
Independent Q-Learning,2461,5,31.169999999999998,3.859501263116775,0.998,0.004472135954999584
Independent Q-Learning,2462,5,31.639999999999997,3.2949582698419717,0.998,0.004472135954999584
Independent Q-Learning,2463,5,28.630000000000003,1.720683003926059,0.998,0.004472135954999584
Independent Q-Learning,2464,5,27.330000000000002,2.868056833467566,0.998,0.004472135954999584
Independent Q-Learning,2465,5,31.599999999999994,9.022749026765611,0.998,0.004472135954999584
Independent Q-Learning,2466,5,32.19999999999999,5.681439078261761,0.998,0.004472135954999584
Independent Q-Learning,2467,5,27.8,2.266053838724931,0.998,0.004472135954999584
Independent Q-Learning,2468,5,26.95,5.431275172553862,0.998,0.004472135954999584
Independent Q-Learning,2469,5,28.429999999999996,5.869263156478837,0.998,0.004472135954999584
Independent Q-Learning,2470,5,30.179999999999996,5.937971033947529,0.998,0.004472135954999584
Independent Q-Learning,2471,5,28.54,6.4245038718954754,0.998,0.004472135954999584
Independent Q-Learning,2472,5,31.73999999999999,4.317175002243936,0.998,0.004472135954999584
Independent Q-Learning,2473,5,29.27,3.613274138506512,0.998,0.004472135954999584
Independent Q-Learning,2474,5,30.349999999999994,6.071552519743188,0.998,0.004472135954999584
Independent Q-Learning,2475,5,32.669999999999995,4.660820743173882,0.998,0.004472135954999584
Independent Q-Learning,2476,5,28.50999999999999,4.430490943450832,0.998,0.004472135954999584
Independent Q-Learning,2477,5,28.859999999999996,5.407101811506781,0.998,0.004472135954999584
Independent Q-Learning,2478,5,29.27,6.929429990987709,0.998,0.004472135954999584
Independent Q-Learning,2479,5,27.880000000000003,2.7967838672303587,0.998,0.004472135954999584
Independent Q-Learning,2480,5,28.619999999999997,3.2788336340839246,0.998,0.004472135954999584
Independent Q-Learning,2481,5,28.399999999999995,3.242684073418185,0.998,0.004472135954999584
Independent Q-Learning,2482,5,28.2,3.334104077559665,0.998,0.004472135954999584
Independent Q-Learning,2483,5,31.999999999999993,4.459260028300654,0.998,0.004472135954999584
Independent Q-Learning,2484,5,30.079999999999995,4.639315682296252,0.998,0.004472135954999584
Independent Q-Learning,2485,5,28.709999999999997,4.400624955617095,0.998,0.004472135954999584
Independent Q-Learning,2486,5,29.319999999999993,5.983372794670231,0.998,0.004472135954999584
Independent Q-Learning,2487,5,29.209999999999997,6.9458980700842385,0.998,0.004472135954999584
Independent Q-Learning,2488,5,28.630000000000003,5.525576892958779,0.998,0.004472135954999584
Independent Q-Learning,2489,5,31.18999999999999,5.310061204920324,0.998,0.004472135954999584
Independent Q-Learning,2490,5,29.619999999999994,2.9143181020609146,0.998,0.004472135954999584
Independent Q-Learning,2491,5,24.8,2.589642832515713,0.998,0.004472135954999584
Independent Q-Learning,2492,5,33.02999999999999,5.036442196630465,0.998,0.004472135954999584
Independent Q-Learning,2493,5,24.85,2.3323807579381217,0.998,0.004472135954999584
Independent Q-Learning,2494,5,32.739999999999995,7.339567425945473,0.998,0.004472135954999584
Independent Q-Learning,2495,5,27.55,5.846900888504947,0.998,0.004472135954999584
Independent Q-Learning,2496,5,30.449999999999996,5.916607980929606,0.998,0.004472135954999584
Independent Q-Learning,2497,5,30.47,4.407323450803218,0.998,0.004472135954999584
Independent Q-Learning,2498,5,29.05,4.417720000181087,0.998,0.004472135954999584
Independent Q-Learning,2499,5,27.329999999999995,5.751804064813051,0.998,0.004472135954999584
Independent Q-Learning,2500,5,32.269999999999996,4.465366726261119,0.998,0.004472135954999584
Independent Q-Learning,2501,5,28.25,6.178895532374695,0.998,0.004472135954999584
Independent Q-Learning,2502,5,28.799999999999994,5.280388243301802,0.998,0.004472135954999584
Independent Q-Learning,2503,5,28.409999999999997,3.495425582100123,0.998,0.004472135954999584
Independent Q-Learning,2504,5,27.22,4.730433383951199,0.998,0.004472135954999584
Independent Q-Learning,2505,5,32.05,6.63343802262446,0.998,0.004472135954999584
Independent Q-Learning,2506,5,30.579999999999995,3.751766250714454,0.998,0.004472135954999584
Independent Q-Learning,2507,5,29.6,3.902082777184511,0.998,0.004472135954999584
Independent Q-Learning,2508,5,29.139999999999997,0.8287038071591075,0.998,0.004472135954999584
Independent Q-Learning,2509,5,28.21999999999999,4.454155363253503,0.998,0.004472135954999584
Independent Q-Learning,2510,5,30.80999999999999,6.487815502925458,1.0,0.0
Independent Q-Learning,2511,5,31.2,2.7917288550287234,1.0,0.0
Independent Q-Learning,2512,5,34.16,4.731992180889564,1.0,0.0
Independent Q-Learning,2513,5,32.269999999999996,5.41694101869311,1.0,0.0
Independent Q-Learning,2514,5,28.029999999999994,6.799227897342455,1.0,0.0
Independent Q-Learning,2515,5,30.76,5.1574460733971765,1.0,0.0
Independent Q-Learning,2516,5,29.130000000000003,2.6801585773979855,1.0,0.0
Independent Q-Learning,2517,5,34.84999999999999,5.995102167603146,1.0,0.0
Independent Q-Learning,2518,5,29.199999999999996,5.825911945781523,1.0,0.0
Independent Q-Learning,2519,5,34.63999999999999,4.610097612849426,1.0,0.0
Independent Q-Learning,2520,5,32.61999999999999,4.65545379098536,1.0,0.0
Independent Q-Learning,2521,5,27.1,2.379338143265896,1.0,0.0
Independent Q-Learning,2522,5,28.75,4.736559933116014,1.0,0.0
Independent Q-Learning,2523,5,28.96,3.633421252758888,1.0,0.0
Independent Q-Learning,2524,5,30.8,3.067979791328488,1.0,0.0
Independent Q-Learning,2525,5,29.07,4.083136049655948,1.0,0.0
Independent Q-Learning,2526,5,31.24,2.0848860880153612,1.0,0.0
Independent Q-Learning,2527,5,29.309999999999995,5.993475619371446,1.0,0.0
Independent Q-Learning,2528,5,30.8,4.3363290926773495,1.0,0.0
Independent Q-Learning,2529,5,30.429999999999996,3.901377961695068,1.0,0.0
Independent Q-Learning,2530,5,27.139999999999997,4.159687488261587,1.0,0.0
Independent Q-Learning,2531,5,31.03,2.388409512625503,1.0,0.0
Independent Q-Learning,2532,5,28.98,4.450505589256123,1.0,0.0
Independent Q-Learning,2533,5,30.299999999999994,5.1604263389762615,1.0,0.0
Independent Q-Learning,2534,5,32.81999999999999,4.218204594374244,1.0,0.0
Independent Q-Learning,2535,5,32.359999999999985,7.283749034666139,1.0,0.0
Independent Q-Learning,2536,5,28.160000000000004,5.6238776658103085,1.0,0.0
Independent Q-Learning,2537,5,28.709999999999997,3.8133646560485124,1.0,0.0
Independent Q-Learning,2538,5,29.98999999999999,7.463862940863789,1.0,0.0
Independent Q-Learning,2539,5,26.799999999999994,4.626418701328268,1.0,0.0
Independent Q-Learning,2540,5,27.619999999999997,5.2561392675613146,1.0,0.0
Independent Q-Learning,2541,5,31.869999999999994,3.206750691899818,1.0,0.0
Independent Q-Learning,2542,5,27.389999999999997,5.094899410194471,1.0,0.0
Independent Q-Learning,2543,5,32.39999999999999,5.448738386085348,1.0,0.0
Independent Q-Learning,2544,5,37.80999999999998,8.666270824293449,1.0,0.0
Independent Q-Learning,2545,5,32.02999999999999,6.267335957167118,1.0,0.0
Independent Q-Learning,2546,5,29.859999999999996,4.962408689336255,1.0,0.0
Independent Q-Learning,2547,5,28.060000000000002,2.968459196283485,1.0,0.0
Independent Q-Learning,2548,5,30.409999999999997,7.17133181494204,1.0,0.0
Independent Q-Learning,2549,5,31.769999999999992,8.079340938467686,1.0,0.0
Independent Q-Learning,2550,5,28.54,1.9063708978055613,1.0,0.0
Independent Q-Learning,2551,5,28.729999999999997,4.576925824174996,1.0,0.0
Independent Q-Learning,2552,5,29.5,2.541407090570104,1.0,0.0
Independent Q-Learning,2553,5,30.060000000000002,5.071661463465397,1.0,0.0
Independent Q-Learning,2554,5,31.00999999999999,4.6681634504374365,1.0,0.0
Independent Q-Learning,2555,5,30.129999999999995,6.777130661275456,1.0,0.0
Independent Q-Learning,2556,5,30.79,1.4728373976783715,1.0,0.0
Independent Q-Learning,2557,5,28.720000000000006,3.37835018907158,1.0,0.0
Independent Q-Learning,2558,5,29.579999999999995,3.809297835559725,1.0,0.0
Independent Q-Learning,2559,5,29.159999999999997,2.4192974186734424,1.0,0.0
Independent Q-Learning,2560,5,29.29,4.966185659034507,1.0,0.0
Independent Q-Learning,2561,5,29.43,6.216671134940305,1.0,0.0
Independent Q-Learning,2562,5,27.840000000000003,2.4822872517095966,1.0,0.0
Independent Q-Learning,2563,5,27.6,4.85489443757534,1.0,0.0
Independent Q-Learning,2564,5,30.479999999999997,5.849636740858356,1.0,0.0
Independent Q-Learning,2565,5,26.55,2.2767850140054953,1.0,0.0
Independent Q-Learning,2566,5,29.4,4.185241928491108,1.0,0.0
Independent Q-Learning,2567,5,34.15999999999999,7.826669151050142,1.0,0.0
Independent Q-Learning,2568,5,26.77,4.8966314952219925,1.0,0.0
Independent Q-Learning,2569,5,32.51,2.615673909339615,1.0,0.0
Independent Q-Learning,2570,5,27.45,2.8213471959331753,1.0,0.0
Independent Q-Learning,2571,5,28.15,4.52727843190586,1.0,0.0
Independent Q-Learning,2572,5,33.21999999999999,4.2891724143475445,1.0,0.0
Independent Q-Learning,2573,5,32.339999999999996,2.927541630788534,1.0,0.0
Independent Q-Learning,2574,5,35.39999999999999,2.9966648127543394,1.0,0.0
Independent Q-Learning,2575,5,29.110000000000003,2.5926337959688786,1.0,0.0
Independent Q-Learning,2576,5,33.93999999999999,4.710148617612815,1.0,0.0
Independent Q-Learning,2577,5,26.02,2.294722205409622,1.0,0.0
Independent Q-Learning,2578,5,29.07,2.776598638622441,1.0,0.0
Independent Q-Learning,2579,5,28.45,4.763795755487422,1.0,0.0
Independent Q-Learning,2580,5,28.949999999999996,4.165333119931693,1.0,0.0
Independent Q-Learning,2581,5,31.409999999999997,3.7929869496216253,1.0,0.0
Independent Q-Learning,2582,5,30.97,4.89599325979928,1.0,0.0
Independent Q-Learning,2583,5,32.12999999999999,4.128649900391165,1.0,0.0
Independent Q-Learning,2584,5,33.209999999999994,4.950429274315501,1.0,0.0
Independent Q-Learning,2585,5,28.229999999999997,5.4266241808328575,1.0,0.0
Independent Q-Learning,2586,5,32.029999999999994,6.511201885980799,1.0,0.0
Independent Q-Learning,2587,5,28.889999999999997,2.998416248621926,1.0,0.0
Independent Q-Learning,2588,5,31.379999999999995,8.70600367562523,1.0,0.0
Independent Q-Learning,2589,5,32.099999999999994,4.41134900002255,1.0,0.0
Independent Q-Learning,2590,5,30.129999999999995,5.848995640278759,1.0,0.0
Independent Q-Learning,2591,5,31.98999999999999,3.5109471656520204,1.0,0.0
Independent Q-Learning,2592,5,28.689999999999998,5.210734113347177,1.0,0.0
Independent Q-Learning,2593,5,35.01999999999999,1.6600451801080593,1.0,0.0
Independent Q-Learning,2594,5,32.55999999999999,4.028864604327122,1.0,0.0
Independent Q-Learning,2595,5,29.589999999999996,4.080042891931402,1.0,0.0
Independent Q-Learning,2596,5,32.68,4.79812463364594,1.0,0.0
Independent Q-Learning,2597,5,26.5,4.669448575581487,1.0,0.0
Independent Q-Learning,2598,5,34.36,7.500949939840949,1.0,0.0
Independent Q-Learning,2599,5,30.46999999999999,3.33121599419791,1.0,0.0
Independent Q-Learning,2600,5,29.709999999999997,2.61447891557763,1.0,0.0
Independent Q-Learning,2601,5,29.259999999999998,5.351098018164117,1.0,0.0
Independent Q-Learning,2602,5,33.07,5.28448199921241,1.0,0.0
Independent Q-Learning,2603,5,32.01,6.236425258110607,1.0,0.0
Independent Q-Learning,2604,5,29.54,5.3813799345521005,1.0,0.0
Independent Q-Learning,2605,5,32.8,5.938328889510912,1.0,0.0
Independent Q-Learning,2606,5,28.809999999999995,6.825906533201282,1.0,0.0
Independent Q-Learning,2607,5,24.580000000000002,3.6231202022566142,1.0,0.0
Independent Q-Learning,2608,5,28.5,3.42217036396495,1.0,0.0
Independent Q-Learning,2609,5,31.039999999999992,3.233303264464993,1.0,0.0
Independent Q-Learning,2610,5,29.47,3.309947129487114,1.0,0.0
Independent Q-Learning,2611,5,33.33,5.082887958631387,1.0,0.0
Independent Q-Learning,2612,5,31.94999999999999,5.074692108886999,1.0,0.0
Independent Q-Learning,2613,5,32.69,3.863838764751962,1.0,0.0
Independent Q-Learning,2614,5,27.82,1.9015125558354824,1.0,0.0
Independent Q-Learning,2615,5,30.089999999999996,4.228386216986331,1.0,0.0
Independent Q-Learning,2616,5,31.709999999999997,6.705538755387207,1.0,0.0
Independent Q-Learning,2617,5,29.779999999999994,3.056264059272364,1.0,0.0
Independent Q-Learning,2618,5,32.58,2.753316182351748,1.0,0.0
Independent Q-Learning,2619,5,29.12999999999999,6.8228110042708785,1.0,0.0
Independent Q-Learning,2620,5,31.22,7.3850016926199755,1.0,0.0
Independent Q-Learning,2621,5,30.329999999999995,3.5849686191095116,1.0,0.0
Independent Q-Learning,2622,5,31.04,5.12291420970525,1.0,0.0
Independent Q-Learning,2623,5,31.249999999999993,6.137283601073026,1.0,0.0
Independent Q-Learning,2624,5,29.689999999999998,5.912951885479872,1.0,0.0
Independent Q-Learning,2625,5,26.35,2.8040149785619892,1.0,0.0
Independent Q-Learning,2626,5,28.309999999999995,3.5029273472340208,1.0,0.0
Independent Q-Learning,2627,5,25.6,2.3358617253596163,1.0,0.0
Independent Q-Learning,2628,5,30.57,5.920156247938053,1.0,0.0
Independent Q-Learning,2629,5,33.00999999999999,2.461808278481485,1.0,0.0
Independent Q-Learning,2630,5,32.11,5.533579311801717,1.0,0.0
Independent Q-Learning,2631,5,30.099999999999994,3.2451887464367912,1.0,0.0
Independent Q-Learning,2632,5,30.339999999999996,3.488266044899663,1.0,0.0
Independent Q-Learning,2633,5,27.79,4.450898785638693,1.0,0.0
Independent Q-Learning,2634,5,26.65,2.980771712157776,1.0,0.0
Independent Q-Learning,2635,5,28.809999999999995,5.777369643704647,1.0,0.0
Independent Q-Learning,2636,5,29.729999999999997,3.4886602012807124,1.0,0.0
Independent Q-Learning,2637,5,29.129999999999995,5.860951287973644,1.0,0.0
Independent Q-Learning,2638,5,29.77,3.4504709823442914,1.0,0.0
Independent Q-Learning,2639,5,28.910000000000004,6.276483888292869,1.0,0.0
Independent Q-Learning,2640,5,27.389999999999997,5.323227404498137,1.0,0.0
Independent Q-Learning,2641,5,29.119999999999997,4.662965794427399,1.0,0.0
Independent Q-Learning,2642,5,30.71999999999999,4.726996932514331,1.0,0.0
Independent Q-Learning,2643,5,28.779999999999994,5.506541564357789,1.0,0.0
Independent Q-Learning,2644,5,30.77,5.39543788769734,1.0,0.0
Independent Q-Learning,2645,5,26.309999999999995,5.275343590705726,1.0,0.0
Independent Q-Learning,2646,5,31.019999999999992,3.6006249457559383,1.0,0.0
Independent Q-Learning,2647,5,29.339999999999996,1.9265902522332012,1.0,0.0
Independent Q-Learning,2648,5,29.15,4.373499742768935,1.0,0.0
Independent Q-Learning,2649,5,28.869999999999994,3.8086414900853964,1.0,0.0
Independent Q-Learning,2650,5,32.65999999999999,6.778218792573751,1.0,0.0
Independent Q-Learning,2651,5,30.32,3.463307667534023,1.0,0.0
Independent Q-Learning,2652,5,31.79,4.563359508081735,1.0,0.0
Independent Q-Learning,2653,5,28.25,5.356654739667279,1.0,0.0
Independent Q-Learning,2654,5,33.11,4.717706010340187,1.0,0.0
Independent Q-Learning,2655,5,28.78,2.7817710186138584,1.0,0.0
Independent Q-Learning,2656,5,29.179999999999996,3.2991665614212256,1.0,0.0
Independent Q-Learning,2657,5,32.08999999999999,2.969932659169219,1.0,0.0
Independent Q-Learning,2658,5,29.95,6.331765156731571,1.0,0.0
Independent Q-Learning,2659,5,28.8,2.1851773383412123,1.0,0.0
Independent Q-Learning,2660,5,33.17999999999999,1.5514509338035807,1.0,0.0
Independent Q-Learning,2661,5,28.130000000000003,2.3314694936884726,1.0,0.0
Independent Q-Learning,2662,5,30.57,5.210158346921899,1.0,0.0
Independent Q-Learning,2663,5,34.86999999999999,2.923952803996671,1.0,0.0
Independent Q-Learning,2664,5,28.649999999999995,6.898731767506254,1.0,0.0
Independent Q-Learning,2665,5,32.62999999999998,7.412455733425996,1.0,0.0
Independent Q-Learning,2666,5,31.929999999999996,6.601193073982912,1.0,0.0
Independent Q-Learning,2667,5,29.559999999999995,2.959180629836576,1.0,0.0
Independent Q-Learning,2668,5,31.699999999999996,5.294926817246854,1.0,0.0
Independent Q-Learning,2669,5,28.669999999999998,7.119568104878266,1.0,0.0
Independent Q-Learning,2670,5,29.079999999999995,7.092390288189159,1.0,0.0
Independent Q-Learning,2671,5,32.769999999999996,4.198600957461894,1.0,0.0
Independent Q-Learning,2672,5,32.27999999999999,2.3445681905203744,1.0,0.0
Independent Q-Learning,2673,5,30.979999999999997,3.2157036555006093,1.0,0.0
Independent Q-Learning,2674,5,29.799999999999994,4.447752241301213,1.0,0.0
Independent Q-Learning,2675,5,31.71999999999999,5.318082361152364,1.0,0.0
Independent Q-Learning,2676,5,32.15,3.8860326812830523,1.0,0.0
Independent Q-Learning,2677,5,28.77,2.1747413639327307,1.0,0.0
Independent Q-Learning,2678,5,24.95,2.2318714120665657,1.0,0.0
Independent Q-Learning,2679,5,30.98999999999999,2.153311403397093,1.0,0.0
Independent Q-Learning,2680,5,31.109999999999996,3.1119527631376376,1.0,0.0
Independent Q-Learning,2681,5,29.630000000000003,4.137722803668703,1.0,0.0
Independent Q-Learning,2682,5,29.639999999999997,5.315943001951761,1.0,0.0
Independent Q-Learning,2683,5,28.8,5.688365318788868,1.0,0.0
Independent Q-Learning,2684,5,28.630000000000003,3.294806519357392,1.0,0.0
Independent Q-Learning,2685,5,29.57,4.035250921566092,1.0,0.0
Independent Q-Learning,2686,5,28.130000000000003,3.1043517841894137,1.0,0.0
Independent Q-Learning,2687,5,27.9,2.9376861643136736,1.0,0.0
Independent Q-Learning,2688,5,29.389999999999997,5.029090375008184,1.0,0.0
Independent Q-Learning,2689,5,31.329999999999995,5.226566750745649,1.0,0.0
Independent Q-Learning,2690,5,26.889999999999997,1.8184471397321413,1.0,0.0
Independent Q-Learning,2691,5,29.03,4.270480066690392,1.0,0.0
Independent Q-Learning,2692,5,27.3,3.0653303247774137,1.0,0.0
Independent Q-Learning,2693,5,26.369999999999997,2.8612934138252935,1.0,0.0
Independent Q-Learning,2694,5,30.119999999999994,2.974390693906902,1.0,0.0
Independent Q-Learning,2695,5,29.589999999999996,5.0144042517531355,1.0,0.0
Independent Q-Learning,2696,5,27.759999999999998,2.125264689397536,1.0,0.0
Independent Q-Learning,2697,5,30.009999999999998,6.582590675410403,1.0,0.0
Independent Q-Learning,2698,5,36.959999999999994,3.902307009962179,1.0,0.0
Independent Q-Learning,2699,5,32.17,8.129391121111095,1.0,0.0
Independent Q-Learning,2700,5,29.5,4.273757129271619,1.0,0.0
Independent Q-Learning,2701,5,29.419999999999998,3.3813089181558014,1.0,0.0
Independent Q-Learning,2702,5,31.22999999999999,6.93538030680365,1.0,0.0
Independent Q-Learning,2703,5,29.549999999999994,3.648287269390934,1.0,0.0
Independent Q-Learning,2704,5,30.29,3.291921931030561,1.0,0.0
Independent Q-Learning,2705,5,29.51999999999999,3.907460812343464,1.0,0.0
Independent Q-Learning,2706,5,29.679999999999996,6.753295491832113,1.0,0.0
Independent Q-Learning,2707,5,28.809999999999995,3.5562269331413545,1.0,0.0
Independent Q-Learning,2708,5,31.169999999999995,4.003841904970766,1.0,0.0
Independent Q-Learning,2709,5,30.919999999999995,4.959410247196728,1.0,0.0
Independent Q-Learning,2710,5,30.379999999999995,4.785080981550881,1.0,0.0
Independent Q-Learning,2711,5,32.34999999999999,3.8162481575495018,1.0,0.0
Independent Q-Learning,2712,5,34.32999999999999,7.650375807762635,1.0,0.0
Independent Q-Learning,2713,5,28.819999999999993,7.65503102541067,1.0,0.0
Independent Q-Learning,2714,5,26.310000000000002,2.447294424461429,1.0,0.0
Independent Q-Learning,2715,5,28.089999999999996,1.6410362579784745,1.0,0.0
Independent Q-Learning,2716,5,29.309999999999995,6.138749872734667,1.0,0.0
Independent Q-Learning,2717,5,28.23,3.1475387209691315,1.0,0.0
Independent Q-Learning,2718,5,26.48,4.192195129046356,1.0,0.0
Independent Q-Learning,2719,5,30.22,3.602533830514292,1.0,0.0
Independent Q-Learning,2720,5,29.629999999999995,5.3601072750459,1.0,0.0
Independent Q-Learning,2721,5,31.979999999999997,5.681725090146475,1.0,0.0
Independent Q-Learning,2722,5,27.560000000000002,3.4907735532400213,1.0,0.0
Independent Q-Learning,2723,5,26.75,4.888634778749583,1.0,0.0
Independent Q-Learning,2724,5,34.17999999999999,5.122206555772616,1.0,0.0
Independent Q-Learning,2725,5,30.119999999999987,4.5103492104270515,1.0,0.0
Independent Q-Learning,2726,5,31.669999999999987,5.673579117276845,1.0,0.0
Independent Q-Learning,2727,5,32.80999999999999,7.712603321836274,1.0,0.0
Independent Q-Learning,2728,5,29.32,2.5521069726796286,1.0,0.0
Independent Q-Learning,2729,5,28.669999999999998,5.7948899903276825,1.0,0.0
Independent Q-Learning,2730,5,31.069999999999993,8.152806265329735,1.0,0.0
Independent Q-Learning,2731,5,26.369999999999997,3.594370598588853,1.0,0.0
Independent Q-Learning,2732,5,31.03,5.880539941195873,1.0,0.0
Independent Q-Learning,2733,5,37.22999999999999,5.679194485136071,1.0,0.0
Independent Q-Learning,2734,5,33.33,1.894267668519946,1.0,0.0
Independent Q-Learning,2735,5,30.849999999999994,4.850515436528363,1.0,0.0
Independent Q-Learning,2736,5,31.229999999999997,6.79085782504684,1.0,0.0
Independent Q-Learning,2737,5,30.179999999999996,7.828282059302661,1.0,0.0
Independent Q-Learning,2738,5,30.679999999999996,3.890469123383448,1.0,0.0
Independent Q-Learning,2739,5,29.4,3.74382825460784,1.0,0.0
Independent Q-Learning,2740,5,29.729999999999997,3.274446518115692,1.0,0.0
Independent Q-Learning,2741,5,33.779999999999994,6.888087542997685,1.0,0.0
Independent Q-Learning,2742,5,27.119999999999997,5.643646870597056,1.0,0.0
Independent Q-Learning,2743,5,27.23,4.008366250731085,1.0,0.0
Independent Q-Learning,2744,5,33.46999999999999,2.0391787562643913,1.0,0.0
Independent Q-Learning,2745,5,28.75,2.324865587512531,1.0,0.0
Independent Q-Learning,2746,5,27.609999999999996,5.6415201851983054,1.0,0.0
Independent Q-Learning,2747,5,29.98999999999999,3.16670175419157,1.0,0.0
Independent Q-Learning,2748,5,28.269999999999992,5.535295836719111,1.0,0.0
Independent Q-Learning,2749,5,29.629999999999995,4.0651875725481545,1.0,0.0
Independent Q-Learning,2750,5,32.12,3.636550563377328,1.0,0.0
Independent Q-Learning,2751,5,31.049999999999994,4.057554682317907,1.0,0.0
Independent Q-Learning,2752,5,28.85,6.143289021363063,1.0,0.0
Independent Q-Learning,2753,5,26.8,1.0862780491200217,1.0,0.0
Independent Q-Learning,2754,5,30.899999999999995,4.737879272417136,1.0,0.0
Independent Q-Learning,2755,5,28.74,3.5272864924754765,1.0,0.0
Independent Q-Learning,2756,5,29.449999999999996,6.375049019419375,1.0,0.0
Independent Q-Learning,2757,5,30.360000000000003,1.8806248961448957,1.0,0.0
Independent Q-Learning,2758,5,33.249999999999986,3.3408457013157538,1.0,0.0
Independent Q-Learning,2759,5,29.559999999999995,2.2336629110051467,1.0,0.0
Independent Q-Learning,2760,5,33.139999999999986,4.199761898012776,1.0,0.0
Independent Q-Learning,2761,5,30.22,2.713070216562775,1.0,0.0
Independent Q-Learning,2762,5,32.54999999999999,4.808716044850219,1.0,0.0
Independent Q-Learning,2763,5,32.52999999999999,3.0758332204461243,1.0,0.0
Independent Q-Learning,2764,5,37.16999999999999,8.107758629855716,1.0,0.0
Independent Q-Learning,2765,5,32.339999999999996,3.0572454922691406,1.0,0.0
Independent Q-Learning,2766,5,29.27,6.4579989160729925,1.0,0.0
Independent Q-Learning,2767,5,31.32,5.48208445757633,1.0,0.0
Independent Q-Learning,2768,5,31.839999999999993,3.7169207685932646,1.0,0.0
Independent Q-Learning,2769,5,26.85,3.8853892983843954,1.0,0.0
Independent Q-Learning,2770,5,29.879999999999995,3.29139028375548,1.0,0.0
Independent Q-Learning,2771,5,33.249999999999986,7.822164022826407,1.0,0.0
Independent Q-Learning,2772,5,27.939999999999998,4.477080521947301,1.0,0.0
Independent Q-Learning,2773,5,27.889999999999997,4.4583348909654585,1.0,0.0
Independent Q-Learning,2774,5,30.159999999999997,4.640770410179753,1.0,0.0
Independent Q-Learning,2775,5,31.169999999999995,5.042891035903903,1.0,0.0
Independent Q-Learning,2776,5,32.94999999999999,5.314955314957963,1.0,0.0
Independent Q-Learning,2777,5,30.71999999999999,4.228711387645169,1.0,0.0
Independent Q-Learning,2778,5,31.79,2.7808272150566955,1.0,0.0
Independent Q-Learning,2779,5,31.089999999999996,7.0036062139443525,1.0,0.0
Independent Q-Learning,2780,5,29.24,2.762788446479381,1.0,0.0
Independent Q-Learning,2781,5,27.15,3.4761688681650615,1.0,0.0
Independent Q-Learning,2782,5,31.67999999999999,4.498138503870227,1.0,0.0
Independent Q-Learning,2783,5,33.459999999999994,7.290867575261526,1.0,0.0
Independent Q-Learning,2784,5,30.85,4.712616046316521,1.0,0.0
Independent Q-Learning,2785,5,33.21999999999999,4.266819658715372,1.0,0.0
Independent Q-Learning,2786,5,31.119999999999997,4.433480573996008,1.0,0.0
Independent Q-Learning,2787,5,29.779999999999994,2.5445038809166625,1.0,0.0
Independent Q-Learning,2788,5,29.829999999999995,6.02210511366249,1.0,0.0
Independent Q-Learning,2789,5,27.109999999999996,4.799921874364202,1.0,0.0
Independent Q-Learning,2790,5,29.519999999999992,5.142907737846358,1.0,0.0
Independent Q-Learning,2791,5,31.79,3.167096462061111,1.0,0.0
Independent Q-Learning,2792,5,30.46,4.181865612379239,1.0,0.0
Independent Q-Learning,2793,5,27.75,2.3903451633603,1.0,0.0
Independent Q-Learning,2794,5,30.059999999999995,2.467387282126578,1.0,0.0
Independent Q-Learning,2795,5,29.779999999999994,4.269162681369721,1.0,0.0
Independent Q-Learning,2796,5,24.85,0.8536685539481937,1.0,0.0
Independent Q-Learning,2797,5,31.889999999999997,3.1291772081491294,1.0,0.0
Independent Q-Learning,2798,5,32.04,6.168610054136988,1.0,0.0
Independent Q-Learning,2799,5,29.18,1.9762970424508537,1.0,0.0
Independent Q-Learning,2800,5,30.97,4.153703167054668,1.0,0.0
Independent Q-Learning,2801,5,28.979999999999997,5.138895795791151,1.0,0.0
Independent Q-Learning,2802,5,30.23,2.204994331058469,1.0,0.0
Independent Q-Learning,2803,5,23.71999999999999,7.4902102774221415,0.998,0.004472135954999584
Independent Q-Learning,2804,5,26.689999999999998,2.872150762059677,0.998,0.004472135954999584
Independent Q-Learning,2805,5,29.95,3.9068849483955885,0.998,0.004472135954999584
Independent Q-Learning,2806,5,28.02,4.4646668408740195,0.998,0.004472135954999584
Independent Q-Learning,2807,5,28.43,4.57637957341827,0.998,0.004472135954999584
Independent Q-Learning,2808,5,28.819999999999993,5.231467289394047,0.998,0.004472135954999584
Independent Q-Learning,2809,5,29.1,2.5268557536986513,0.998,0.004472135954999584
Independent Q-Learning,2810,5,29.0,4.465142774872935,0.998,0.004472135954999584
Independent Q-Learning,2811,5,28.069999999999993,4.745471525570448,0.998,0.004472135954999584
Independent Q-Learning,2812,5,29.05,3.1958958055606264,0.998,0.004472135954999584
Independent Q-Learning,2813,5,29.979999999999997,2.1141192019372945,0.998,0.004472135954999584
Independent Q-Learning,2814,5,31.299999999999994,3.907844674497691,0.998,0.004472135954999584
Independent Q-Learning,2815,5,27.899999999999995,4.7981767370533515,0.998,0.004472135954999584
Independent Q-Learning,2816,5,31.629999999999995,4.389419095962465,0.998,0.004472135954999584
Independent Q-Learning,2817,5,31.74,3.2640848640928444,0.998,0.004472135954999584
Independent Q-Learning,2818,5,30.75,4.27009953045593,0.998,0.004472135954999584
Independent Q-Learning,2819,5,31.32,4.231075513388998,0.998,0.004472135954999584
Independent Q-Learning,2820,5,28.410000000000004,4.528161878731809,0.998,0.004472135954999584
Independent Q-Learning,2821,5,30.99,3.2881225646255903,0.998,0.004472135954999584
Independent Q-Learning,2822,5,30.72,4.440242110516042,0.998,0.004472135954999584
Independent Q-Learning,2823,5,31.229999999999997,1.9951816959866058,0.998,0.004472135954999584
Independent Q-Learning,2824,5,30.679999999999996,3.236240102340976,0.998,0.004472135954999584
Independent Q-Learning,2825,5,32.69,3.1965606517005103,0.998,0.004472135954999584
Independent Q-Learning,2826,5,33.14999999999999,6.1671508818902705,0.998,0.004472135954999584
Independent Q-Learning,2827,5,29.929999999999996,2.648962060883462,0.998,0.004472135954999584
Independent Q-Learning,2828,5,29.630000000000003,4.651693240100853,0.998,0.004472135954999584
Independent Q-Learning,2829,5,30.859999999999996,3.6504109357714727,0.998,0.004472135954999584
Independent Q-Learning,2830,5,31.289999999999992,5.987424321024852,0.998,0.004472135954999584
Independent Q-Learning,2831,5,32.47,6.014628001796947,0.998,0.004472135954999584
Independent Q-Learning,2832,5,32.809999999999995,4.7643729912759705,0.998,0.004472135954999584
Independent Q-Learning,2833,5,30.77,6.781463706310013,0.998,0.004472135954999584
Independent Q-Learning,2834,5,29.579999999999995,4.012729744201567,0.998,0.004472135954999584
Independent Q-Learning,2835,5,28.410000000000004,4.2232096798525145,0.998,0.004472135954999584
Independent Q-Learning,2836,5,30.97999999999999,5.407471682773743,0.998,0.004472135954999584
Independent Q-Learning,2837,5,31.779999999999994,4.502582592246364,0.998,0.004472135954999584
Independent Q-Learning,2838,5,30.23999999999999,4.755444248437777,0.998,0.004472135954999584
Independent Q-Learning,2839,5,32.47999999999999,6.125418353059639,0.998,0.004472135954999584
Independent Q-Learning,2840,5,34.33,5.9266980689081805,0.998,0.004472135954999584
Independent Q-Learning,2841,5,33.18999999999999,5.498567995396618,0.998,0.004472135954999584
Independent Q-Learning,2842,5,31.349999999999994,2.7762384623803427,0.998,0.004472135954999584
Independent Q-Learning,2843,5,30.73,3.2133705046259426,0.998,0.004472135954999584
Independent Q-Learning,2844,5,28.410000000000004,4.010984916451317,0.998,0.004472135954999584
Independent Q-Learning,2845,5,36.23999999999999,2.6651453994106897,0.998,0.004472135954999584
Independent Q-Learning,2846,5,34.329999999999984,3.322574303157106,0.998,0.004472135954999584
Independent Q-Learning,2847,5,29.65,2.603603272390014,0.998,0.004472135954999584
Independent Q-Learning,2848,5,28.73,2.58978763608138,0.998,0.004472135954999584
Independent Q-Learning,2849,5,34.39,5.423836280714965,0.998,0.004472135954999584
Independent Q-Learning,2850,5,27.79,2.8866936103438445,0.998,0.004472135954999584
Independent Q-Learning,2851,5,26.53,1.4893790652483325,0.998,0.004472135954999584
Independent Q-Learning,2852,5,31.319999999999993,6.5085136552057605,0.998,0.004472135954999584
Independent Q-Learning,2853,5,33.85999999999999,2.504595775769018,0.998,0.004472135954999584
Independent Q-Learning,2854,5,33.1,3.398161267509238,0.998,0.004472135954999584
Independent Q-Learning,2855,5,29.959999999999997,4.4879561049546774,0.998,0.004472135954999584
Independent Q-Learning,2856,5,34.80999999999999,3.68127016123511,0.998,0.004472135954999584
Independent Q-Learning,2857,5,28.04,3.154639440570032,0.998,0.004472135954999584
Independent Q-Learning,2858,5,31.399999999999995,6.556104026020325,0.998,0.004472135954999584
Independent Q-Learning,2859,5,26.060000000000002,3.52480495914313,0.998,0.004472135954999584
Independent Q-Learning,2860,5,27.57,3.260866449273869,0.998,0.004472135954999584
Independent Q-Learning,2861,5,31.549999999999994,3.1829624565803414,0.998,0.004472135954999584
Independent Q-Learning,2862,5,29.080000000000002,3.0229538534354066,0.998,0.004472135954999584
Independent Q-Learning,2863,5,32.23,5.54758956664964,0.998,0.004472135954999584
Independent Q-Learning,2864,5,32.33999999999999,3.5734087367666114,0.998,0.004472135954999584
Independent Q-Learning,2865,5,32.51999999999999,3.9140132856187244,0.998,0.004472135954999584
Independent Q-Learning,2866,5,28.159999999999997,6.605622605023682,0.998,0.004472135954999584
Independent Q-Learning,2867,5,30.85,4.275219292621137,0.998,0.004472135954999584
Independent Q-Learning,2868,5,34.239999999999995,7.684025637645927,0.998,0.004472135954999584
Independent Q-Learning,2869,5,31.429999999999996,4.042987756597831,0.998,0.004472135954999584
Independent Q-Learning,2870,5,32.53999999999999,6.102806731332709,0.998,0.004472135954999584
Independent Q-Learning,2871,5,36.999999999999986,6.278933030380239,0.998,0.004472135954999584
Independent Q-Learning,2872,5,30.669999999999995,4.925266490252071,0.998,0.004472135954999584
Independent Q-Learning,2873,5,31.879999999999995,6.270426620254793,0.998,0.004472135954999584
Independent Q-Learning,2874,5,29.85,1.8897751188964236,0.998,0.004472135954999584
Independent Q-Learning,2875,5,28.2,1.9248376554920141,0.998,0.004472135954999584
Independent Q-Learning,2876,5,28.98,2.619303342493954,0.998,0.004472135954999584
Independent Q-Learning,2877,5,29.29,4.972725610769201,0.998,0.004472135954999584
Independent Q-Learning,2878,5,28.090000000000003,2.720615739129654,0.998,0.004472135954999584
Independent Q-Learning,2879,5,31.559999999999995,4.246969507778454,0.998,0.004472135954999584
Independent Q-Learning,2880,5,29.40999999999999,7.074461110218917,0.998,0.004472135954999584
Independent Q-Learning,2881,5,30.149999999999995,5.391196527673604,0.998,0.004472135954999584
Independent Q-Learning,2882,5,29.889999999999997,4.11664304986478,0.998,0.004472135954999584
Independent Q-Learning,2883,5,28.04,3.2682946623583367,0.998,0.004472135954999584
Independent Q-Learning,2884,5,32.50999999999999,9.920836658266266,0.998,0.004472135954999584
Independent Q-Learning,2885,5,29.869999999999997,3.136399209284424,0.998,0.004472135954999584
Independent Q-Learning,2886,5,29.639999999999997,5.085936491935376,0.998,0.004472135954999584
Independent Q-Learning,2887,5,30.979999999999997,1.6346253393362062,0.998,0.004472135954999584
Independent Q-Learning,2888,5,30.259999999999998,1.966087485337309,0.998,0.004472135954999584
Independent Q-Learning,2889,5,31.169999999999998,2.7878306978724483,0.998,0.004472135954999584
Independent Q-Learning,2890,5,32.87,7.60407785336262,0.998,0.004472135954999584
Independent Q-Learning,2891,5,31.079999999999995,5.576132172034661,0.998,0.004472135954999584
Independent Q-Learning,2892,5,29.85,1.4735162028291386,0.998,0.004472135954999584
Independent Q-Learning,2893,5,28.609999999999996,6.611391684055625,0.998,0.004472135954999584
Independent Q-Learning,2894,5,27.80999999999999,4.653681338467421,0.998,0.004472135954999584
Independent Q-Learning,2895,5,31.46999999999999,5.196946218694203,0.998,0.004472135954999584
Independent Q-Learning,2896,5,30.079999999999995,5.056258498138714,0.998,0.004472135954999584
Independent Q-Learning,2897,5,30.919999999999998,4.046541733381725,0.998,0.004472135954999584
Independent Q-Learning,2898,5,27.779999999999994,4.564893207951303,0.998,0.004472135954999584
Independent Q-Learning,2899,5,34.83999999999999,7.935395390275138,0.998,0.004472135954999584
Independent Q-Learning,2900,5,30.079999999999995,6.991834523213481,0.998,0.004472135954999584
Independent Q-Learning,2901,5,28.619999999999997,6.242255201447628,0.998,0.004472135954999584
Independent Q-Learning,2902,5,29.379999999999995,2.3620965263934433,0.998,0.004472135954999584
Independent Q-Learning,2903,5,29.18,1.5462050316824072,1.0,0.0
Independent Q-Learning,2904,5,30.189999999999998,5.930577543544973,1.0,0.0
Independent Q-Learning,2905,5,28.929999999999996,2.483092829517241,1.0,0.0
Independent Q-Learning,2906,5,28.159999999999997,3.787215335837134,1.0,0.0
Independent Q-Learning,2907,5,31.009999999999998,3.519659074399108,1.0,0.0
Independent Q-Learning,2908,5,33.78999999999999,5.606068140863075,1.0,0.0
Independent Q-Learning,2909,5,32.29,6.971854129282966,1.0,0.0
Independent Q-Learning,2910,5,30.829999999999995,3.454091776429801,1.0,0.0
Independent Q-Learning,2911,5,31.279999999999994,8.442274575018267,1.0,0.0
Independent Q-Learning,2912,5,28.8,5.873989274760381,1.0,0.0
Independent Q-Learning,2913,5,30.629999999999995,4.884490761584048,1.0,0.0
Independent Q-Learning,2914,5,32.499999999999986,4.299418565341127,1.0,0.0
Independent Q-Learning,2915,5,31.00999999999999,3.9503797285830586,1.0,0.0
Independent Q-Learning,2916,5,31.130000000000003,6.128886522036444,1.0,0.0
Independent Q-Learning,2917,5,30.6,6.281222014863029,1.0,0.0
Independent Q-Learning,2918,5,31.929999999999996,5.465642688650616,1.0,0.0
Independent Q-Learning,2919,5,30.479999999999997,4.141799125983776,1.0,0.0
Independent Q-Learning,2920,5,28.249999999999993,5.22936420609618,1.0,0.0
Independent Q-Learning,2921,5,30.099999999999994,5.021702898420007,1.0,0.0
Independent Q-Learning,2922,5,30.279999999999994,6.7897533092152855,1.0,0.0
Independent Q-Learning,2923,5,32.739999999999995,4.9788803962336745,1.0,0.0
Independent Q-Learning,2924,5,28.65,4.827136832533338,1.0,0.0
Independent Q-Learning,2925,5,25.660000000000004,2.6573953413069735,1.0,0.0
Independent Q-Learning,2926,5,31.109999999999996,1.88725991850619,1.0,0.0
Independent Q-Learning,2927,5,30.02,2.7880548775086886,1.0,0.0
Independent Q-Learning,2928,5,32.559999999999995,4.385544435985109,1.0,0.0
Independent Q-Learning,2929,5,31.65999999999999,0.9535460135725002,1.0,0.0
Independent Q-Learning,2930,5,32.69999999999999,5.4244815420462,1.0,0.0
Independent Q-Learning,2931,5,28.75,2.9321493822791487,1.0,0.0
Independent Q-Learning,2932,5,29.529999999999994,4.94009109227755,1.0,0.0
Independent Q-Learning,2933,5,31.0,1.404012108209897,1.0,0.0
Independent Q-Learning,2934,5,29.579999999999995,8.293943573475765,1.0,0.0
Independent Q-Learning,2935,5,30.259999999999998,5.281145709029433,1.0,0.0
Independent Q-Learning,2936,5,28.72,3.4219146687198347,1.0,0.0
Independent Q-Learning,2937,5,31.96999999999999,3.0219199195213506,1.0,0.0
Independent Q-Learning,2938,5,31.509999999999998,4.320792751336258,1.0,0.0
Independent Q-Learning,2939,5,32.25999999999999,4.4983886003768045,1.0,0.0
Independent Q-Learning,2940,5,29.22,3.8559369808128356,1.0,0.0
Independent Q-Learning,2941,5,29.549999999999994,4.669448575581484,1.0,0.0
Independent Q-Learning,2942,5,30.99,2.8871265992332202,1.0,0.0
Independent Q-Learning,2943,5,29.99,2.502348896537008,1.0,0.0
Independent Q-Learning,2944,5,26.880000000000003,3.2049960998416203,1.0,0.0
Independent Q-Learning,2945,5,33.169999999999995,2.7149125216109646,1.0,0.0
Independent Q-Learning,2946,5,25.890000000000004,3.7133879409509594,1.0,0.0
Independent Q-Learning,2947,5,32.3,4.483999330954451,1.0,0.0
Independent Q-Learning,2948,5,29.25,7.12714879878342,1.0,0.0
Independent Q-Learning,2949,5,34.27999999999999,3.810610187358444,1.0,0.0
Independent Q-Learning,2950,5,30.169999999999998,2.4767922803497266,1.0,0.0
Independent Q-Learning,2951,5,30.109999999999996,6.013256189453427,1.0,0.0
Independent Q-Learning,2952,5,28.49,1.955249344712841,1.0,0.0
Independent Q-Learning,2953,5,27.5,3.130495168499706,1.0,0.0
Independent Q-Learning,2954,5,28.3,1.7135489488193782,1.0,0.0
Independent Q-Learning,2955,5,33.49999999999999,6.810653419459837,1.0,0.0
Independent Q-Learning,2956,5,31.389999999999993,5.112655865594709,1.0,0.0
Independent Q-Learning,2957,5,29.509999999999998,4.565961016040326,1.0,0.0
Independent Q-Learning,2958,5,30.929999999999996,4.0206653678215964,1.0,0.0
Independent Q-Learning,2959,5,31.559999999999995,5.2562343935559,1.0,0.0
Independent Q-Learning,2960,5,27.829999999999995,5.631118894145276,1.0,0.0
Independent Q-Learning,2961,5,26.380000000000003,5.453851849839707,1.0,0.0
Independent Q-Learning,2962,5,28.849999999999994,5.198196802738418,1.0,0.0
Independent Q-Learning,2963,5,28.98,5.2620813372657,1.0,0.0
Independent Q-Learning,2964,5,31.24,5.083846968585892,1.0,0.0
Independent Q-Learning,2965,5,34.28999999999999,6.411941983517929,1.0,0.0
Independent Q-Learning,2966,5,28.579999999999973,9.283426091696972,0.998,0.004472135954999584
Independent Q-Learning,2967,5,30.459999999999997,3.1371563556826354,0.998,0.004472135954999584
Independent Q-Learning,2968,5,33.849999999999994,6.231773423352291,0.998,0.004472135954999584
Independent Q-Learning,2969,5,29.839999999999996,4.526229114837204,0.998,0.004472135954999584
Independent Q-Learning,2970,5,29.139999999999993,4.214024204961329,0.998,0.004472135954999584
Independent Q-Learning,2971,5,26.47,6.351240036402336,0.998,0.004472135954999584
Independent Q-Learning,2972,5,27.129999999999995,3.454272716506322,0.998,0.004472135954999584
Independent Q-Learning,2973,5,31.829999999999995,6.62576410687854,0.998,0.004472135954999584
Independent Q-Learning,2974,5,30.669999999999998,2.5890635372659334,0.998,0.004472135954999584
Independent Q-Learning,2975,5,32.37999999999999,2.020705322406011,0.998,0.004472135954999584
Independent Q-Learning,2976,5,31.619999999999997,3.2238563863795133,0.998,0.004472135954999584
Independent Q-Learning,2977,5,31.709999999999997,8.05468807589716,0.998,0.004472135954999584
Independent Q-Learning,2978,5,32.02999999999999,2.8856541719339783,0.998,0.004472135954999584
Independent Q-Learning,2979,5,27.65,5.8054930884464895,0.998,0.004472135954999584
Independent Q-Learning,2980,5,28.669999999999998,4.216129741836697,0.998,0.004472135954999584
Independent Q-Learning,2981,5,32.86999999999999,5.027748004822826,0.998,0.004472135954999584
Independent Q-Learning,2982,5,30.829999999999995,6.233237521545281,0.998,0.004472135954999584
Independent Q-Learning,2983,5,29.189999999999998,4.176631417781556,0.998,0.004472135954999584
Independent Q-Learning,2984,5,27.630000000000003,2.890198955089425,0.998,0.004472135954999584
Independent Q-Learning,2985,5,30.409999999999997,6.566429775760947,0.998,0.004472135954999584
Independent Q-Learning,2986,5,31.159999999999997,5.252903958764141,0.998,0.004472135954999584
Independent Q-Learning,2987,5,28.809999999999995,5.663413281758622,0.998,0.004472135954999584
Independent Q-Learning,2988,5,33.99999999999999,3.9030436841009046,0.998,0.004472135954999584
Independent Q-Learning,2989,5,29.169999999999998,1.8593009439033799,0.998,0.004472135954999584
Independent Q-Learning,2990,5,27.98999999999999,5.34478718004748,0.998,0.004472135954999584
Independent Q-Learning,2991,5,27.880000000000003,4.205145657405936,0.998,0.004472135954999584
Independent Q-Learning,2992,5,28.709999999999997,3.2444953382614,0.998,0.004472135954999584
Independent Q-Learning,2993,5,28.57,4.698882845953917,0.998,0.004472135954999584
Independent Q-Learning,2994,5,28.139999999999997,6.016892885867252,0.998,0.004472135954999584
Independent Q-Learning,2995,5,26.639999999999997,5.197162687467075,0.998,0.004472135954999584
Independent Q-Learning,2996,5,30.45999999999999,3.7867202167574976,0.998,0.004472135954999584
Independent Q-Learning,2997,5,31.32,2.811716557549851,0.998,0.004472135954999584
Independent Q-Learning,2998,5,29.689999999999998,3.2820344300448667,0.998,0.004472135954999584
Independent Q-Learning,2999,5,30.179999999999996,4.295579122772618,0.998,0.004472135954999584
Independent Q-Learning,3000,5,28.910000000000004,2.1666217944071353,0.998,0.004472135954999584
Independent Q-Learning,3001,5,35.17999999999999,4.481852295647412,0.998,0.004472135954999584
Independent Q-Learning,3002,5,29.529999999999994,4.362138237149296,0.998,0.004472135954999584
Independent Q-Learning,3003,5,34.419999999999995,5.149587362109706,0.998,0.004472135954999584
Independent Q-Learning,3004,5,31.649999999999995,3.7701127304100543,0.998,0.004472135954999584
Independent Q-Learning,3005,5,30.819999999999993,2.2512774151578867,0.998,0.004472135954999584
Independent Q-Learning,3006,5,31.199999999999996,6.282117477411569,0.998,0.004472135954999584
Independent Q-Learning,3007,5,30.929999999999996,4.179054917083523,0.998,0.004472135954999584
Independent Q-Learning,3008,5,32.309999999999995,3.9125439294658393,0.998,0.004472135954999584
Independent Q-Learning,3009,5,28.75,2.0457272545478764,0.998,0.004472135954999584
Independent Q-Learning,3010,5,30.45,4.354164673045794,0.998,0.004472135954999584
Independent Q-Learning,3011,5,28.559999999999995,4.416786161905508,0.998,0.004472135954999584
Independent Q-Learning,3012,5,29.689999999999998,4.076058144825706,0.998,0.004472135954999584
Independent Q-Learning,3013,5,30.139999999999997,5.657229887497944,0.998,0.004472135954999584
Independent Q-Learning,3014,5,26.43,2.665661268803671,0.998,0.004472135954999584
Independent Q-Learning,3015,5,29.439999999999998,4.020323370078577,0.998,0.004472135954999584
Independent Q-Learning,3016,5,29.429999999999996,4.124105963721102,0.998,0.004472135954999584
Independent Q-Learning,3017,5,28.55,3.3787941636033385,0.998,0.004472135954999584
Independent Q-Learning,3018,5,25.32,3.4158820237238863,0.998,0.004472135954999584
Independent Q-Learning,3019,5,30.379999999999995,7.392868184946891,0.998,0.004472135954999584
Independent Q-Learning,3020,5,34.87,3.077458366899541,0.998,0.004472135954999584
Independent Q-Learning,3021,5,29.599999999999994,4.094966422328754,0.998,0.004472135954999584
Independent Q-Learning,3022,5,27.560000000000002,4.486841873745939,0.998,0.004472135954999584
Independent Q-Learning,3023,5,28.939999999999998,1.9346834366376287,0.998,0.004472135954999584
Independent Q-Learning,3024,5,29.619999999999997,4.307203268943778,0.998,0.004472135954999584
Independent Q-Learning,3025,5,34.00999999999999,3.955439292923092,0.998,0.004472135954999584
Independent Q-Learning,3026,5,29.110000000000003,4.382408013866347,0.998,0.004472135954999584
Independent Q-Learning,3027,5,29.47,5.736680224659552,0.998,0.004472135954999584
Independent Q-Learning,3028,5,27.610000000000003,3.008197134497671,0.998,0.004472135954999584
Independent Q-Learning,3029,5,26.25,3.8911759148103258,0.998,0.004472135954999584
Independent Q-Learning,3030,5,28.809999999999995,3.4277178997111175,0.998,0.004472135954999584
Independent Q-Learning,3031,5,30.509999999999998,2.7464522570035643,0.998,0.004472135954999584
Independent Q-Learning,3032,5,26.3,2.135708313417355,0.998,0.004472135954999584
Independent Q-Learning,3033,5,30.159999999999997,2.7557666809800843,0.998,0.004472135954999584
Independent Q-Learning,3034,5,30.05999999999999,4.020789723424984,0.998,0.004472135954999584
Independent Q-Learning,3035,5,30.919999999999998,2.680624927139191,0.998,0.004472135954999584
Independent Q-Learning,3036,5,31.299999999999994,7.377584292978286,0.998,0.004472135954999584
Independent Q-Learning,3037,5,28.959999999999997,3.7924925840402106,0.998,0.004472135954999584
Independent Q-Learning,3038,5,33.219999999999985,3.887897889605634,0.998,0.004472135954999584
Independent Q-Learning,3039,5,30.48,2.389717556532569,0.998,0.004472135954999584
Independent Q-Learning,3040,5,30.349999999999994,4.540236777966531,0.998,0.004472135954999584
Independent Q-Learning,3041,5,34.969999999999985,6.2091263475629015,0.998,0.004472135954999584
Independent Q-Learning,3042,5,27.02,3.6191504527996634,0.998,0.004472135954999584
Independent Q-Learning,3043,5,31.109999999999996,5.610971395400264,0.998,0.004472135954999584
Independent Q-Learning,3044,5,31.559999999999995,4.806167912172853,0.998,0.004472135954999584
Independent Q-Learning,3045,5,31.229999999999997,5.597834402695377,0.998,0.004472135954999584
Independent Q-Learning,3046,5,33.30999999999999,5.721603796139673,0.998,0.004472135954999584
Independent Q-Learning,3047,5,29.689999999999998,4.043729714014027,0.998,0.004472135954999584
Independent Q-Learning,3048,5,32.349999999999994,4.368209015145679,0.998,0.004472135954999584
Independent Q-Learning,3049,5,32.879999999999995,3.7236742607268964,0.998,0.004472135954999584
Independent Q-Learning,3050,5,28.019999999999992,5.645307786117594,0.998,0.004472135954999584
Independent Q-Learning,3051,5,28.25,3.465364338709568,0.998,0.004472135954999584
Independent Q-Learning,3052,5,27.93,4.908869523627613,0.998,0.004472135954999584
Independent Q-Learning,3053,5,26.110000000000003,5.513438128790419,0.998,0.004472135954999584
Independent Q-Learning,3054,5,26.51,1.3934668994992312,0.998,0.004472135954999584
Independent Q-Learning,3055,5,30.47,1.1793006402101205,0.998,0.004472135954999584
Independent Q-Learning,3056,5,29.839999999999996,4.76961738507398,0.998,0.004472135954999584
Independent Q-Learning,3057,5,29.65999999999999,5.401319283286257,0.998,0.004472135954999584
Independent Q-Learning,3058,5,27.52,3.893680777875862,0.998,0.004472135954999584
Independent Q-Learning,3059,5,30.6,5.487144065905322,0.998,0.004472135954999584
Independent Q-Learning,3060,5,33.099999999999994,5.202403290787822,0.998,0.004472135954999584
Independent Q-Learning,3061,5,29.01,4.5947524416447045,0.998,0.004472135954999584
Independent Q-Learning,3062,5,29.74,3.016081895439841,0.998,0.004472135954999584
Independent Q-Learning,3063,5,31.759999999999998,4.326285935996369,0.998,0.004472135954999584
Independent Q-Learning,3064,5,28.07,4.694757714728201,0.998,0.004472135954999584
Independent Q-Learning,3065,5,27.22,4.248176079213289,0.998,0.004472135954999584
Independent Q-Learning,3066,5,30.79,3.262169523491993,1.0,0.0
Independent Q-Learning,3067,5,28.880000000000003,4.699946808209638,1.0,0.0
Independent Q-Learning,3068,5,34.17999999999999,4.733471242122419,1.0,0.0
Independent Q-Learning,3069,5,31.929999999999996,4.879369836362064,1.0,0.0
Independent Q-Learning,3070,5,33.85999999999999,6.161716481630727,1.0,0.0
Independent Q-Learning,3071,5,33.80999999999999,2.448060456769813,1.0,0.0
Independent Q-Learning,3072,5,29.319999999999993,3.5968041370082893,1.0,0.0
Independent Q-Learning,3073,5,28.93,2.1414364337985825,1.0,0.0
Independent Q-Learning,3074,5,29.65,2.3526580712037175,1.0,0.0
Independent Q-Learning,3075,5,30.29,6.171750156965195,1.0,0.0
Independent Q-Learning,3076,5,33.12999999999999,7.524094629920593,1.0,0.0
Independent Q-Learning,3077,5,33.17,4.2055915160652475,1.0,0.0
Independent Q-Learning,3078,5,26.139999999999997,4.1942520191328505,1.0,0.0
Independent Q-Learning,3079,5,29.889999999999993,5.196080253421798,1.0,0.0
Independent Q-Learning,3080,5,28.04,6.678266990769386,1.0,0.0
Independent Q-Learning,3081,5,32.89,5.8564494363052395,1.0,0.0
Independent Q-Learning,3082,5,30.32,4.255672684782041,1.0,0.0
Independent Q-Learning,3083,5,30.399999999999995,6.9909763266656775,1.0,0.0
Independent Q-Learning,3084,5,29.789999999999992,3.5123709940722345,1.0,0.0
Independent Q-Learning,3085,5,29.949999999999996,4.643813088400517,1.0,0.0
Independent Q-Learning,3086,5,25.369999999999997,3.500642798115798,1.0,0.0
Independent Q-Learning,3087,5,31.899999999999995,3.9054449170356924,1.0,0.0
Independent Q-Learning,3088,5,28.55,4.777944118551407,1.0,0.0
Independent Q-Learning,3089,5,31.639999999999997,3.651438072869365,1.0,0.0
Independent Q-Learning,3090,5,29.789999999999992,4.340420486542734,1.0,0.0
Independent Q-Learning,3091,5,33.83,3.274446518115693,1.0,0.0
Independent Q-Learning,3092,5,30.049999999999994,4.167883155751845,1.0,0.0
Independent Q-Learning,3093,5,31.24,5.14592071450775,1.0,0.0
Independent Q-Learning,3094,5,27.909999999999997,2.2487218591902334,1.0,0.0
Independent Q-Learning,3095,5,28.889999999999997,5.429825043221926,1.0,0.0
Independent Q-Learning,3096,5,30.929999999999996,7.661804617712458,1.0,0.0
Independent Q-Learning,3097,5,29.859999999999996,5.481947646594221,1.0,0.0
Independent Q-Learning,3098,5,26.82,3.0357453779920323,1.0,0.0
Independent Q-Learning,3099,5,33.55,4.395025597195077,1.0,0.0
Independent Q-Learning,3100,5,32.209999999999994,5.765999479708609,1.0,0.0
Independent Q-Learning,3101,5,27.589999999999996,4.618901384528576,1.0,0.0
Independent Q-Learning,3102,5,32.25999999999999,5.237532816126303,1.0,0.0
Independent Q-Learning,3103,5,27.57,3.758756443293446,1.0,0.0
Independent Q-Learning,3104,5,28.179999999999996,3.2982192164863613,1.0,0.0
Independent Q-Learning,3105,5,30.49,7.058718013917255,1.0,0.0
Independent Q-Learning,3106,5,27.679999999999996,2.7539970951328168,1.0,0.0
Independent Q-Learning,3107,5,29.849999999999987,4.81313307524318,1.0,0.0
Independent Q-Learning,3108,5,29.709999999999997,2.003871253349368,1.0,0.0
Independent Q-Learning,3109,5,29.18999999999999,5.049059318328504,1.0,0.0
Independent Q-Learning,3110,5,31.379999999999995,4.048857863645002,1.0,0.0
Independent Q-Learning,3111,5,29.309999999999995,4.833270114529083,1.0,0.0
Independent Q-Learning,3112,5,31.689999999999998,4.83637260764718,1.0,0.0
Independent Q-Learning,3113,5,31.349999999999994,3.6798437466827254,1.0,0.0
Independent Q-Learning,3114,5,27.089999999999996,4.742810348306159,1.0,0.0
Independent Q-Learning,3115,5,27.559999999999995,5.088393656155146,1.0,0.0
Independent Q-Learning,3116,5,31.719999999999988,6.551106776721003,1.0,0.0
Independent Q-Learning,3117,5,30.78,1.0889214847728923,1.0,0.0
Independent Q-Learning,3118,5,27.310000000000002,3.4156624540489933,1.0,0.0
Independent Q-Learning,3119,5,30.429999999999996,6.451414573564461,1.0,0.0
Independent Q-Learning,3120,5,32.45,3.4058772731852764,1.0,0.0
Independent Q-Learning,3121,5,27.970000000000006,2.428373941550187,1.0,0.0
Independent Q-Learning,3122,5,31.859999999999996,4.506301143953872,1.0,0.0
Independent Q-Learning,3123,5,29.05,4.83825898438684,1.0,0.0
Independent Q-Learning,3124,5,29.80999999999999,6.636301680906305,1.0,0.0
Independent Q-Learning,3125,5,29.7,5.992912480589046,1.0,0.0
Independent Q-Learning,3126,5,28.139999999999997,4.413813543864297,1.0,0.0
Independent Q-Learning,3127,5,32.489999999999995,1.9369434684574576,1.0,0.0
Independent Q-Learning,3128,5,30.29,4.496026023056357,1.0,0.0
Independent Q-Learning,3129,5,31.839999999999993,1.7332772426821925,1.0,0.0
Independent Q-Learning,3130,5,31.499999999999993,6.469157595854343,1.0,0.0
Independent Q-Learning,3131,5,27.189999999999998,2.646318197042827,1.0,0.0
Independent Q-Learning,3132,5,32.68999999999999,4.781657662359351,1.0,0.0
Independent Q-Learning,3133,5,34.01,4.936775263266495,1.0,0.0
Independent Q-Learning,3134,5,31.309999999999995,6.736783357062918,1.0,0.0
Independent Q-Learning,3135,5,24.69,13.149496188067427,0.998,0.004472135954999584
Independent Q-Learning,3136,5,28.390000000000004,4.321515937723703,0.998,0.004472135954999584
Independent Q-Learning,3137,5,26.01,2.0023111646295155,0.998,0.004472135954999584
Independent Q-Learning,3138,5,27.809999999999995,2.9781286070282444,0.998,0.004472135954999584
Independent Q-Learning,3139,5,29.42999999999999,4.291648867276991,0.998,0.004472135954999584
Independent Q-Learning,3140,5,27.729999999999997,4.018955088079477,0.998,0.004472135954999584
Independent Q-Learning,3141,5,31.8,4.18374831939016,0.998,0.004472135954999584
Independent Q-Learning,3142,5,33.389999999999986,6.953901782452766,0.998,0.004472135954999584
Independent Q-Learning,3143,5,27.82,2.9676590100616314,0.998,0.004472135954999584
Independent Q-Learning,3144,5,30.619999999999997,7.134651357985191,0.998,0.004472135954999584
Independent Q-Learning,3145,5,34.58,5.21447504548636,0.998,0.004472135954999584
Independent Q-Learning,3146,5,32.92999999999999,3.4656528966415507,0.998,0.004472135954999584
Independent Q-Learning,3147,5,32.16,4.1731882296392975,0.998,0.004472135954999584
Independent Q-Learning,3148,5,32.37,4.4970267955617045,0.998,0.004472135954999584
Independent Q-Learning,3149,5,31.399999999999995,5.159093912694354,0.998,0.004472135954999584
Independent Q-Learning,3150,5,28.79,4.954972250174562,0.998,0.004472135954999584
Independent Q-Learning,3151,5,28.27,2.6013458055398915,0.998,0.004472135954999584
Independent Q-Learning,3152,5,27.589999999999996,3.8100853008823807,0.998,0.004472135954999584
Independent Q-Learning,3153,5,30.459999999999997,7.533956463903937,0.998,0.004472135954999584
Independent Q-Learning,3154,5,26.77,6.0278105477859825,0.998,0.004472135954999584
Independent Q-Learning,3155,5,35.34999999999999,5.269843451185236,0.998,0.004472135954999584
Independent Q-Learning,3156,5,30.019999999999992,10.213752983110558,0.998,0.004472135954999584
Independent Q-Learning,3157,5,30.059999999999995,3.5201917561405622,0.998,0.004472135954999584
Independent Q-Learning,3158,5,33.03999999999999,5.639968971545844,0.998,0.004472135954999584
Independent Q-Learning,3159,5,31.419999999999995,5.8090016353931135,0.998,0.004472135954999584
Independent Q-Learning,3160,5,30.279999999999994,4.432916647084622,0.998,0.004472135954999584
Independent Q-Learning,3161,5,31.099999999999994,3.7755794257305664,0.998,0.004472135954999584
Independent Q-Learning,3162,5,26.98,2.173303936406503,0.998,0.004472135954999584
Independent Q-Learning,3163,5,34.60999999999999,8.597339704815662,0.998,0.004472135954999584
Independent Q-Learning,3164,5,31.509999999999998,3.7522326686920646,0.998,0.004472135954999584
Independent Q-Learning,3165,5,24.220000000000002,3.1113903644512377,0.998,0.004472135954999584
Independent Q-Learning,3166,5,34.449999999999996,8.820643400568914,0.998,0.004472135954999584
Independent Q-Learning,3167,5,30.79,4.162841577576545,0.998,0.004472135954999584
Independent Q-Learning,3168,5,31.52999999999999,3.680455134898391,0.998,0.004472135954999584
Independent Q-Learning,3169,5,34.519999999999996,1.2833549781724418,0.998,0.004472135954999584
Independent Q-Learning,3170,5,27.839999999999996,3.5632499210692448,0.998,0.004472135954999584
Independent Q-Learning,3171,5,28.75999999999999,4.984776825495792,0.998,0.004472135954999584
Independent Q-Learning,3172,5,27.329999999999995,7.272946445561106,0.998,0.004472135954999584
Independent Q-Learning,3173,5,31.139999999999997,6.905468847225359,0.998,0.004472135954999584
Independent Q-Learning,3174,5,28.7,5.344038734889555,0.998,0.004472135954999584
Independent Q-Learning,3175,5,30.04,2.473206420822977,0.998,0.004472135954999584
Independent Q-Learning,3176,5,32.769999999999996,5.184303231872144,0.998,0.004472135954999584
Independent Q-Learning,3177,5,29.27,5.59090779748691,0.998,0.004472135954999584
Independent Q-Learning,3178,5,29.619999999999997,3.760252651086089,0.998,0.004472135954999584
Independent Q-Learning,3179,5,30.759999999999998,2.6041793333025205,0.998,0.004472135954999584
Independent Q-Learning,3180,5,30.279999999999994,4.63729446983906,0.998,0.004472135954999584
Independent Q-Learning,3181,5,27.9,4.5482139351618,0.998,0.004472135954999584
Independent Q-Learning,3182,5,31.50999999999999,2.7448588306140564,0.998,0.004472135954999584
Independent Q-Learning,3183,5,28.379999999999995,3.300492387508258,0.998,0.004472135954999584
Independent Q-Learning,3184,5,30.599999999999994,3.8146100718159843,0.998,0.004472135954999584
Independent Q-Learning,3185,5,30.619999999999997,4.521144766538667,0.998,0.004472135954999584
Independent Q-Learning,3186,5,34.12999999999998,5.140233457733207,0.998,0.004472135954999584
Independent Q-Learning,3187,5,27.95,1.8292758129926714,0.998,0.004472135954999584
Independent Q-Learning,3188,5,29.169999999999998,6.554540411043324,0.998,0.004472135954999584
Independent Q-Learning,3189,5,27.339999999999996,4.94954543367368,0.998,0.004472135954999584
Independent Q-Learning,3190,5,29.169999999999995,4.385572938624999,0.998,0.004472135954999584
Independent Q-Learning,3191,5,31.27,5.156258333326598,0.998,0.004472135954999584
Independent Q-Learning,3192,5,32.29,3.9394479308654375,0.998,0.004472135954999584
Independent Q-Learning,3193,5,30.669999999999995,5.749086884019057,0.998,0.004472135954999584
Independent Q-Learning,3194,5,30.699999999999996,6.8586624060380705,0.998,0.004472135954999584
Independent Q-Learning,3195,5,27.769999999999992,4.38414757963278,0.998,0.004472135954999584
Independent Q-Learning,3196,5,32.88,3.0983059887622435,0.998,0.004472135954999584
Independent Q-Learning,3197,5,27.380000000000003,4.8954826115511825,0.998,0.004472135954999584
Independent Q-Learning,3198,5,27.080000000000002,3.28359559020291,0.998,0.004472135954999584
Independent Q-Learning,3199,5,31.849999999999994,9.314169313470737,0.998,0.004472135954999584
Independent Q-Learning,3200,5,29.959999999999997,5.0822485181265975,0.998,0.004472135954999584
Independent Q-Learning,3201,5,27.43,2.7632860872519163,0.998,0.004472135954999584
Independent Q-Learning,3202,5,28.01,3.085935838607147,0.998,0.004472135954999584
Independent Q-Learning,3203,5,25.880000000000003,3.396431951327746,0.998,0.004472135954999584
Independent Q-Learning,3204,5,34.61,2.1013091157656945,0.998,0.004472135954999584
Independent Q-Learning,3205,5,28.020000000000003,2.1640817914302555,0.998,0.004472135954999584
Independent Q-Learning,3206,5,26.630000000000003,2.9322772720191397,0.998,0.004472135954999584
Independent Q-Learning,3207,5,30.499999999999993,5.092273559030381,0.998,0.004472135954999584
Independent Q-Learning,3208,5,27.830000000000002,3.802564923837591,0.998,0.004472135954999584
Independent Q-Learning,3209,5,29.379999999999995,3.1399840763927376,0.998,0.004472135954999584
Independent Q-Learning,3210,5,33.75,7.156989590603019,0.998,0.004472135954999584
Independent Q-Learning,3211,5,30.77,3.2435705634377645,0.998,0.004472135954999584
Independent Q-Learning,3212,5,28.059999999999995,5.2554019827221525,0.998,0.004472135954999584
Independent Q-Learning,3213,5,33.18999999999999,6.421584695384776,0.998,0.004472135954999584
Independent Q-Learning,3214,5,31.72,2.056574822368489,0.998,0.004472135954999584
Independent Q-Learning,3215,5,29.629999999999995,3.702127766568838,0.998,0.004472135954999584
Independent Q-Learning,3216,5,32.78999999999999,7.326100599909877,0.998,0.004472135954999584
Independent Q-Learning,3217,5,29.99,4.639423455559964,0.998,0.004472135954999584
Independent Q-Learning,3218,5,30.639999999999997,3.7938107491017483,0.998,0.004472135954999584
Independent Q-Learning,3219,5,28.869999999999997,7.167687911732763,0.998,0.004472135954999584
Independent Q-Learning,3220,5,31.299999999999994,4.153161446416446,0.998,0.004472135954999584
Independent Q-Learning,3221,5,31.189999999999998,7.900110758717242,0.998,0.004472135954999584
Independent Q-Learning,3222,5,30.629999999999995,8.00481105336034,0.998,0.004472135954999584
Independent Q-Learning,3223,5,31.249999999999993,5.941590696101505,0.998,0.004472135954999584
Independent Q-Learning,3224,5,30.669999999999995,3.7670611887783254,0.998,0.004472135954999584
Independent Q-Learning,3225,5,30.129999999999995,6.165285881449454,0.998,0.004472135954999584
Independent Q-Learning,3226,5,27.360000000000003,3.394554462665167,0.998,0.004472135954999584
Independent Q-Learning,3227,5,30.059999999999995,4.438242895561255,0.998,0.004472135954999584
Independent Q-Learning,3228,5,30.3,5.471974049646066,0.998,0.004472135954999584
Independent Q-Learning,3229,5,30.549999999999994,5.72188780036798,0.998,0.004472135954999584
Independent Q-Learning,3230,5,30.919999999999998,5.474897259309982,0.998,0.004472135954999584
Independent Q-Learning,3231,5,33.959999999999994,4.0273130000038435,0.998,0.004472135954999584
Independent Q-Learning,3232,5,27.619999999999997,3.087393722867234,0.998,0.004472135954999584
Independent Q-Learning,3233,5,31.25,4.981967482832456,0.998,0.004472135954999584
Independent Q-Learning,3234,5,30.539999999999985,4.654487082375442,0.998,0.004472135954999584
Independent Q-Learning,3235,5,32.00999999999999,2.424200899265566,1.0,0.0
Independent Q-Learning,3236,5,28.929999999999996,3.4831020656879885,1.0,0.0
Independent Q-Learning,3237,5,28.379999999999995,4.511180555021044,1.0,0.0
Independent Q-Learning,3238,5,32.98,2.806599365780585,1.0,0.0
Independent Q-Learning,3239,5,33.019999999999996,3.940907255950078,1.0,0.0
Independent Q-Learning,3240,5,29.879999999999995,6.086830045269865,1.0,0.0
Independent Q-Learning,3241,5,25.029999999999998,3.6391276427187838,1.0,0.0
Independent Q-Learning,3242,5,29.559999999999995,3.6089125786031357,1.0,0.0
Independent Q-Learning,3243,5,34.25999999999999,3.2736447577585404,1.0,0.0
Independent Q-Learning,3244,5,26.75,5.175422688051672,1.0,0.0
Independent Q-Learning,3245,5,30.0,5.6830889488024,1.0,0.0
Independent Q-Learning,3246,5,30.25999999999999,5.480807422269086,1.0,0.0
Independent Q-Learning,3247,5,26.560000000000002,2.6432461103726217,1.0,0.0
Independent Q-Learning,3248,5,28.029999999999994,4.444040953906695,1.0,0.0
Independent Q-Learning,3249,5,28.2,5.923364753246246,1.0,0.0
Independent Q-Learning,3250,5,30.15,4.750526286633926,1.0,0.0
Independent Q-Learning,3251,5,28.169999999999998,3.9256528119536993,1.0,0.0
Independent Q-Learning,3252,5,31.859999999999992,8.173004343569131,1.0,0.0
Independent Q-Learning,3253,5,31.099999999999987,3.95711384723764,1.0,0.0
Independent Q-Learning,3254,5,29.0,4.610585646097466,1.0,0.0
Independent Q-Learning,3255,5,32.76,4.16269143703926,1.0,0.0
Independent Q-Learning,3256,5,28.18,5.2416123473603,1.0,0.0
Independent Q-Learning,3257,5,31.579999999999995,4.536601150641297,1.0,0.0
Independent Q-Learning,3258,5,29.339999999999996,1.2739701723352812,1.0,0.0
Independent Q-Learning,3259,5,29.959999999999997,2.707027890510179,1.0,0.0
Independent Q-Learning,3260,5,31.45999999999999,4.417352148063349,1.0,0.0
Independent Q-Learning,3261,5,29.53,3.2757823493022205,1.0,0.0
Independent Q-Learning,3262,5,29.97,4.334108904953818,1.0,0.0
Independent Q-Learning,3263,5,28.46,3.9751415069151927,1.0,0.0
Independent Q-Learning,3264,5,28.54,5.534144016918964,1.0,0.0
Independent Q-Learning,3265,5,29.209999999999997,5.7497173843589895,1.0,0.0
Independent Q-Learning,3266,5,35.48,5.743975104402868,1.0,0.0
Independent Q-Learning,3267,5,28.73,3.9662009530531854,1.0,0.0
Independent Q-Learning,3268,5,33.319999999999986,8.709807690184658,1.0,0.0
Independent Q-Learning,3269,5,32.17999999999999,3.476636305396348,1.0,0.0
Independent Q-Learning,3270,5,27.23,2.191061386634341,1.0,0.0
Independent Q-Learning,3271,5,32.73,3.3964319513277426,1.0,0.0
Independent Q-Learning,3272,5,30.439999999999998,5.3746395227959205,1.0,0.0
Independent Q-Learning,3273,5,30.009999999999998,1.888584125740758,1.0,0.0
Independent Q-Learning,3274,5,28.869999999999994,3.926607950890942,1.0,0.0
Independent Q-Learning,3275,5,28.5,3.036033596652048,1.0,0.0
Independent Q-Learning,3276,5,33.8,5.04021328913767,1.0,0.0
Independent Q-Learning,3277,5,32.989999999999995,6.779693945894599,1.0,0.0
Independent Q-Learning,3278,5,33.35999999999999,7.0884941983470515,1.0,0.0
Independent Q-Learning,3279,5,28.85,4.837613047774693,1.0,0.0
Independent Q-Learning,3280,5,28.5,2.780062948927594,1.0,0.0
Independent Q-Learning,3281,5,34.03999999999999,5.524988687771219,1.0,0.0
Independent Q-Learning,3282,5,30.059999999999995,4.46673818350706,1.0,0.0
Independent Q-Learning,3283,5,30.429999999999996,5.6994078639802535,1.0,0.0
Independent Q-Learning,3284,5,30.72,3.3448841534498595,1.0,0.0
Independent Q-Learning,3285,5,32.089999999999996,4.483218709811064,1.0,0.0
Independent Q-Learning,3286,5,29.2,2.2668811173063306,1.0,0.0
Independent Q-Learning,3287,5,31.32999999999999,1.459280644701344,1.0,0.0
Independent Q-Learning,3288,5,31.74,2.976239237695784,1.0,0.0
Independent Q-Learning,3289,5,27.380000000000003,2.9390899952196023,1.0,0.0
Independent Q-Learning,3290,5,29.8,3.9744496474354762,1.0,0.0
Independent Q-Learning,3291,5,30.549999999999994,4.402130166180908,1.0,0.0
Independent Q-Learning,3292,5,28.02,3.3538410815063964,1.0,0.0
Independent Q-Learning,3293,5,23.37,14.176062570403667,0.998,0.004472135954999584
Independent Q-Learning,3294,5,31.869999999999987,5.318669946518577,0.998,0.004472135954999584
Independent Q-Learning,3295,5,30.499999999999993,5.330103188494567,0.998,0.004472135954999584
Independent Q-Learning,3296,5,29.519999999999992,6.7675327852918405,0.998,0.004472135954999584
Independent Q-Learning,3297,5,27.99,4.640905084140376,0.998,0.004472135954999584
Independent Q-Learning,3298,5,29.339999999999996,4.49505283617445,0.998,0.004472135954999584
Independent Q-Learning,3299,5,28.72,3.5856659074710175,0.998,0.004472135954999584
Independent Q-Learning,3300,5,34.38999999999999,5.624322181383275,0.998,0.004472135954999584
Independent Q-Learning,3301,5,29.189999999999998,4.1512648674831585,0.998,0.004472135954999584
Independent Q-Learning,3302,5,30.429999999999996,6.107740989924177,0.998,0.004472135954999584
Independent Q-Learning,3303,5,28.589999999999996,3.2521915687732745,0.998,0.004472135954999584
Independent Q-Learning,3304,5,28.589999999999996,3.922116775416048,0.998,0.004472135954999584
Independent Q-Learning,3305,5,28.949999999999996,4.392607426119473,0.998,0.004472135954999584
Independent Q-Learning,3306,5,31.729999999999997,3.941383006001821,0.998,0.004472135954999584
Independent Q-Learning,3307,5,32.49999999999999,6.410245705119261,0.998,0.004472135954999584
Independent Q-Learning,3308,5,32.74999999999999,4.539273069556393,0.998,0.004472135954999584
Independent Q-Learning,3309,5,31.569999999999993,6.639051137022514,0.998,0.004472135954999584
Independent Q-Learning,3310,5,35.76999999999999,4.396674879951891,0.998,0.004472135954999584
Independent Q-Learning,3311,5,27.29,7.895679198143749,0.998,0.004472135954999584
Independent Q-Learning,3312,5,30.589999999999993,2.868231162232213,0.998,0.004472135954999584
Independent Q-Learning,3313,5,31.009999999999998,4.825634673283917,0.998,0.004472135954999584
Independent Q-Learning,3314,5,30.389999999999997,2.1887210877587817,0.998,0.004472135954999584
Independent Q-Learning,3315,5,29.96999999999999,6.000270827221043,0.998,0.004472135954999584
Independent Q-Learning,3316,5,30.579999999999995,3.4455768747772844,0.998,0.004472135954999584
Independent Q-Learning,3317,5,30.109999999999992,2.954107310170018,0.998,0.004472135954999584
Independent Q-Learning,3318,5,27.04,4.614840192249347,0.998,0.004472135954999584
Independent Q-Learning,3319,5,31.169999999999998,4.654245373849554,0.998,0.004472135954999584
Independent Q-Learning,3320,5,31.419999999999995,2.5687058998647467,0.998,0.004472135954999584
Independent Q-Learning,3321,5,29.139999999999997,2.6096934685897484,0.998,0.004472135954999584
Independent Q-Learning,3322,5,30.709999999999997,4.188138011097527,0.998,0.004472135954999584
Independent Q-Learning,3323,5,32.23,4.835623020873314,0.998,0.004472135954999584
Independent Q-Learning,3324,5,29.35,3.2686006180015266,0.998,0.004472135954999584
Independent Q-Learning,3325,5,29.369999999999997,1.9794569962492221,0.998,0.004472135954999584
Independent Q-Learning,3326,5,30.829999999999995,5.338843507727113,0.998,0.004472135954999584
Independent Q-Learning,3327,5,30.419999999999998,8.489154846037378,0.998,0.004472135954999584
Independent Q-Learning,3328,5,31.04,8.52073940453526,0.998,0.004472135954999584
Independent Q-Learning,3329,5,32.62,7.041981255300244,0.998,0.004472135954999584
Independent Q-Learning,3330,5,27.810000000000002,2.5786139687824523,0.998,0.004472135954999584
Independent Q-Learning,3331,5,29.29,4.837535529585283,0.998,0.004472135954999584
Independent Q-Learning,3332,5,30.139999999999997,4.685936405885162,0.998,0.004472135954999584
Independent Q-Learning,3333,5,29.419999999999998,3.5708192337333453,0.998,0.004472135954999584
Independent Q-Learning,3334,5,27.43,4.501471981474504,0.998,0.004472135954999584
Independent Q-Learning,3335,5,30.689999999999998,5.4168025623978515,0.998,0.004472135954999584
Independent Q-Learning,3336,5,29.349999999999994,5.561137473574986,0.998,0.004472135954999584
Independent Q-Learning,3337,5,30.809999999999995,5.163259629342685,0.998,0.004472135954999584
Independent Q-Learning,3338,5,32.29999999999999,2.916976174054216,0.998,0.004472135954999584
Independent Q-Learning,3339,5,28.35,4.656044458550619,0.998,0.004472135954999584
Independent Q-Learning,3340,5,27.839999999999996,3.9208417463600855,0.998,0.004472135954999584
Independent Q-Learning,3341,5,29.54,8.790150738184174,0.998,0.004472135954999584
Independent Q-Learning,3342,5,28.47,4.473756810556423,0.998,0.004472135954999584
Independent Q-Learning,3343,5,32.879999999999995,5.4644990621281995,0.998,0.004472135954999584
Independent Q-Learning,3344,5,29.96999999999999,6.5825147170363305,0.998,0.004472135954999584
Independent Q-Learning,3345,5,28.96999999999999,5.13451555650579,0.998,0.004472135954999584
Independent Q-Learning,3346,5,29.29,2.093561558684147,0.998,0.004472135954999584
Independent Q-Learning,3347,5,29.65,6.05092968063586,0.998,0.004472135954999584
Independent Q-Learning,3348,5,32.00999999999999,3.7992433457202988,0.998,0.004472135954999584
Independent Q-Learning,3349,5,29.79,3.757226370609039,0.998,0.004472135954999584
Independent Q-Learning,3350,5,28.52,3.416247941821551,0.998,0.004472135954999584
Independent Q-Learning,3351,5,27.07,1.7177747232975582,0.998,0.004472135954999584
Independent Q-Learning,3352,5,27.9,2.391129440243665,0.998,0.004472135954999584
Independent Q-Learning,3353,5,33.83,5.540487343185612,0.998,0.004472135954999584
Independent Q-Learning,3354,5,26.970000000000006,0.5179285665031429,0.998,0.004472135954999584
Independent Q-Learning,3355,5,30.72,4.839628084884211,0.998,0.004472135954999584
Independent Q-Learning,3356,5,29.529999999999994,2.76938621358596,0.998,0.004472135954999584
Independent Q-Learning,3357,5,28.57,5.291101019636639,0.998,0.004472135954999584
Independent Q-Learning,3358,5,28.65,4.708901145702677,0.998,0.004472135954999584
Independent Q-Learning,3359,5,31.029999999999994,4.457101075811494,0.998,0.004472135954999584
Independent Q-Learning,3360,5,32.21999999999999,7.064046290901554,0.998,0.004472135954999584
Independent Q-Learning,3361,5,31.559999999999995,5.893258860766251,0.998,0.004472135954999584
Independent Q-Learning,3362,5,33.269999999999996,3.862091402336303,0.998,0.004472135954999584
Independent Q-Learning,3363,5,31.829999999999995,6.818504234801056,0.998,0.004472135954999584
Independent Q-Learning,3364,5,28.139999999999997,5.998687356413894,0.998,0.004472135954999584
Independent Q-Learning,3365,5,29.25,2.8783675929248473,0.998,0.004472135954999584
Independent Q-Learning,3366,5,29.539999999999992,5.113633737373057,0.998,0.004472135954999584
Independent Q-Learning,3367,5,32.78999999999999,7.1739459156032055,0.998,0.004472135954999584
Independent Q-Learning,3368,5,28.509999999999998,5.089867385305825,0.998,0.004472135954999584
Independent Q-Learning,3369,5,30.71999999999999,1.953394481409213,0.998,0.004472135954999584
Independent Q-Learning,3370,5,28.25,2.2483327155917117,0.998,0.004472135954999584
Independent Q-Learning,3371,5,29.059999999999995,8.991273547167825,0.998,0.004472135954999584
Independent Q-Learning,3372,5,32.12,5.353106574690998,0.998,0.004472135954999584
Independent Q-Learning,3373,5,30.839999999999996,3.1609729514818676,0.998,0.004472135954999584
Independent Q-Learning,3374,5,30.15999999999999,6.7362266885846305,0.998,0.004472135954999584
Independent Q-Learning,3375,5,28.51,3.124579971772207,0.998,0.004472135954999584
Independent Q-Learning,3376,5,27.24,4.8606069579837445,0.998,0.004472135954999584
Independent Q-Learning,3377,5,29.619999999999997,3.2746373845053434,0.998,0.004472135954999584
Independent Q-Learning,3378,5,32.17999999999999,2.5006499155219544,0.998,0.004472135954999584
Independent Q-Learning,3379,5,28.199999999999996,3.8987177379235827,0.998,0.004472135954999584
Independent Q-Learning,3380,5,28.499999999999993,3.918545648579323,0.998,0.004472135954999584
Independent Q-Learning,3381,5,32.35,6.903350635742033,0.998,0.004472135954999584
Independent Q-Learning,3382,5,31.6,4.730354109366442,0.998,0.004472135954999584
Independent Q-Learning,3383,5,28.54,3.5057809401044993,0.998,0.004472135954999584
Independent Q-Learning,3384,5,31.97999999999999,3.5108047510506717,0.998,0.004472135954999584
Independent Q-Learning,3385,5,33.23,9.767266761996408,0.998,0.004472135954999584
Independent Q-Learning,3386,5,31.559999999999995,6.760122040318498,0.998,0.004472135954999584
Independent Q-Learning,3387,5,33.57999999999999,3.673656216904349,0.998,0.004472135954999584
Independent Q-Learning,3388,5,30.769999999999992,4.780768766631565,0.998,0.004472135954999584
Independent Q-Learning,3389,5,34.309999999999995,9.33945929912433,0.998,0.004472135954999584
Independent Q-Learning,3390,5,29.369999999999997,2.7045332314467863,0.998,0.004472135954999584
Independent Q-Learning,3391,5,29.04,4.0034984700883784,0.998,0.004472135954999584
Independent Q-Learning,3392,5,30.029999999999994,2.969132870048084,0.998,0.004472135954999584
Independent Q-Learning,3393,5,29.7,5.099632339688808,1.0,0.0
Independent Q-Learning,3394,5,28.98,2.128262201891484,1.0,0.0
Independent Q-Learning,3395,5,30.579999999999995,4.800468727114051,1.0,0.0
Independent Q-Learning,3396,5,29.729999999999997,1.2818931312710875,1.0,0.0
Independent Q-Learning,3397,5,28.359999999999996,5.9636817487186535,1.0,0.0
Independent Q-Learning,3398,5,33.23,5.210638156694435,1.0,0.0
Independent Q-Learning,3399,5,30.369999999999997,5.816098348549476,1.0,0.0
Independent Q-Learning,3400,5,28.599999999999994,5.231754007978578,1.0,0.0
Independent Q-Learning,3401,5,28.259999999999998,6.54937019872903,1.0,0.0
Independent Q-Learning,3402,5,30.02,5.403424839858511,1.0,0.0
Independent Q-Learning,3403,5,30.52,3.7745198370123814,1.0,0.0
Independent Q-Learning,3404,5,26.540000000000003,2.27799253730121,1.0,0.0
Independent Q-Learning,3405,5,29.98,2.6845856291055408,1.0,0.0
Independent Q-Learning,3406,5,31.259999999999998,5.252309016042371,1.0,0.0
Independent Q-Learning,3407,5,33.349999999999994,1.7109938632268655,1.0,0.0
Independent Q-Learning,3408,5,26.660000000000004,3.2284671285301942,1.0,0.0
Independent Q-Learning,3409,5,31.349999999999994,2.249722205073321,1.0,0.0
Independent Q-Learning,3410,5,27.68,3.4259305305274363,1.0,0.0
Independent Q-Learning,3411,5,29.109999999999996,2.7307050371653023,1.0,0.0
Independent Q-Learning,3412,5,28.32,4.174116673021963,1.0,0.0
Independent Q-Learning,3413,5,30.089999999999996,5.329563772017366,1.0,0.0
Independent Q-Learning,3414,5,27.669999999999998,1.677647161950328,1.0,0.0
Independent Q-Learning,3415,5,34.21999999999999,8.92458682517011,1.0,0.0
Independent Q-Learning,3416,5,28.630000000000003,1.8325528641760922,1.0,0.0
Independent Q-Learning,3417,5,29.959999999999997,5.188978704909086,1.0,0.0
Independent Q-Learning,3418,5,28.890000000000004,1.5208550226763864,1.0,0.0
Independent Q-Learning,3419,5,30.32,6.792790295600179,1.0,0.0
Independent Q-Learning,3420,5,31.079999999999995,2.6430569422545522,1.0,0.0
Independent Q-Learning,3421,5,30.27999999999999,5.422476371548324,1.0,0.0
Independent Q-Learning,3422,5,28.8,2.716385466019137,1.0,0.0
Independent Q-Learning,3423,5,31.98999999999999,10.932829002595799,1.0,0.0
Independent Q-Learning,3424,5,32.92999999999999,4.7886062690515665,1.0,0.0
Independent Q-Learning,3425,5,29.069999999999993,4.8220327663756,1.0,0.0
Independent Q-Learning,3426,5,29.829999999999995,2.9048666062316797,1.0,0.0
Independent Q-Learning,3427,5,33.81999999999999,4.889989775040428,1.0,0.0
Independent Q-Learning,3428,5,27.090000000000003,3.4167601613224186,1.0,0.0
Independent Q-Learning,3429,5,28.979999999999997,3.506529623431118,1.0,0.0
Independent Q-Learning,3430,5,29.409999999999997,2.780602452706964,1.0,0.0
Independent Q-Learning,3431,5,28.189999999999998,2.9957052592002373,1.0,0.0
Independent Q-Learning,3432,5,29.869999999999994,5.053538364354212,1.0,0.0
Independent Q-Learning,3433,5,29.45,2.6258332011001735,1.0,0.0
Independent Q-Learning,3434,5,31.18999999999999,4.613485667041782,1.0,0.0
Independent Q-Learning,3435,5,32.48999999999999,2.849429767514889,1.0,0.0
Independent Q-Learning,3436,5,30.70999999999999,5.454401892050118,1.0,0.0
Independent Q-Learning,3437,5,30.879999999999995,1.5821662365250977,1.0,0.0
Independent Q-Learning,3438,5,27.409999999999997,3.9157374784323826,1.0,0.0
Independent Q-Learning,3439,5,33.629999999999995,5.558169662757687,1.0,0.0
Independent Q-Learning,3440,5,32.56999999999999,4.180101673404599,1.0,0.0
Independent Q-Learning,3441,5,33.54,2.8371200186104186,1.0,0.0
Independent Q-Learning,3442,5,31.239999999999988,3.2516149833582597,1.0,0.0
Independent Q-Learning,3443,5,30.619999999999994,4.785472808406702,1.0,0.0
Independent Q-Learning,3444,5,29.9,4.365775990588611,1.0,0.0
Independent Q-Learning,3445,5,26.189999999999998,2.38206842890795,1.0,0.0
Independent Q-Learning,3446,5,26.0,2.560273422898422,1.0,0.0
Independent Q-Learning,3447,5,28.75,2.8502192898091168,1.0,0.0
Independent Q-Learning,3448,5,29.079999999999995,3.1385904479558895,1.0,0.0
Independent Q-Learning,3449,5,29.79,5.63020869950661,1.0,0.0
Independent Q-Learning,3450,5,32.42999999999999,8.491436863099194,1.0,0.0
Independent Q-Learning,3451,5,31.019999999999992,4.8712934627262925,1.0,0.0
Independent Q-Learning,3452,5,27.65,3.5069573707132484,1.0,0.0
Independent Q-Learning,3453,5,32.849999999999994,6.557247898318316,1.0,0.0
Independent Q-Learning,3454,5,31.3,3.558616304127205,1.0,0.0
Independent Q-Learning,3455,5,26.47,3.2350811427226995,1.0,0.0
Independent Q-Learning,3456,5,29.15,2.063976744055027,1.0,0.0
Independent Q-Learning,3457,5,28.109999999999996,3.530120394547471,1.0,0.0
Independent Q-Learning,3458,5,28.869999999999994,4.906195063386693,1.0,0.0
Independent Q-Learning,3459,5,28.370000000000005,4.580474866212016,1.0,0.0
Independent Q-Learning,3460,5,31.24,4.716248509143677,1.0,0.0
Independent Q-Learning,3461,5,28.909999999999997,5.316178138475042,1.0,0.0
Independent Q-Learning,3462,5,33.029999999999994,2.9431275881279744,1.0,0.0
Independent Q-Learning,3463,5,34.839999999999996,3.79743334372046,1.0,0.0
Independent Q-Learning,3464,5,30.799999999999994,3.6379939527162453,1.0,0.0
Independent Q-Learning,3465,5,30.160000000000004,4.316451088568013,1.0,0.0
Independent Q-Learning,3466,5,28.410000000000004,5.297806149718953,1.0,0.0
Independent Q-Learning,3467,5,31.839999999999996,4.565413453346801,1.0,0.0
Independent Q-Learning,3468,5,31.0,5.2224275964344375,1.0,0.0
Independent Q-Learning,3469,5,32.459999999999994,4.493662203592964,1.0,0.0
Independent Q-Learning,3470,5,30.360000000000003,3.620497203423861,1.0,0.0
Independent Q-Learning,3471,5,25.75,3.087879531328903,1.0,0.0
Independent Q-Learning,3472,5,34.36999999999999,3.436677174248405,1.0,0.0
Independent Q-Learning,3473,5,34.44,1.4774978849392606,1.0,0.0
Independent Q-Learning,3474,5,28.699999999999996,5.098161433301221,1.0,0.0
Independent Q-Learning,3475,5,32.15,7.442193896963443,1.0,0.0
Independent Q-Learning,3476,5,32.089999999999996,4.825893699616678,1.0,0.0
Independent Q-Learning,3477,5,26.47,2.9972070332227614,1.0,0.0
Independent Q-Learning,3478,5,30.959999999999997,5.774339789101428,1.0,0.0
Independent Q-Learning,3479,5,29.939999999999998,4.2082359724711225,1.0,0.0
Independent Q-Learning,3480,5,30.409999999999997,4.410130383560097,1.0,0.0
Independent Q-Learning,3481,5,31.23999999999999,3.403197026326853,1.0,0.0
Independent Q-Learning,3482,5,27.72,4.981039048230802,1.0,0.0
Independent Q-Learning,3483,5,30.99,2.920487972925072,1.0,0.0
Independent Q-Learning,3484,5,31.269999999999992,5.132689353545555,1.0,0.0
Independent Q-Learning,3485,5,30.429999999999996,4.466206443952173,1.0,0.0
Independent Q-Learning,3486,5,26.139999999999997,2.1715202048334707,1.0,0.0
Independent Q-Learning,3487,5,31.8,6.750092591957533,1.0,0.0
Independent Q-Learning,3488,5,32.74999999999999,5.664913944624398,1.0,0.0
Independent Q-Learning,3489,5,30.139999999999997,5.872754890168663,1.0,0.0
Independent Q-Learning,3490,5,30.619999999999997,4.64308625808308,1.0,0.0
Independent Q-Learning,3491,5,34.74999999999999,5.928321853610845,1.0,0.0
Independent Q-Learning,3492,5,31.29,7.541999071864162,1.0,0.0
Independent Q-Learning,3493,5,33.05999999999999,5.4616160612038565,1.0,0.0
Independent Q-Learning,3494,5,29.329999999999995,4.20127956698908,1.0,0.0
Independent Q-Learning,3495,5,33.47,4.235061983017481,1.0,0.0
Independent Q-Learning,3496,5,29.020000000000003,3.865650010024185,1.0,0.0
Independent Q-Learning,3497,5,29.99,3.7291755120937915,1.0,0.0
Independent Q-Learning,3498,5,26.73,3.634487584240726,1.0,0.0
Independent Q-Learning,3499,5,27.869999999999997,2.8752391204906758,1.0,0.0
Independent Q-Learning,3500,5,32.36,5.444308955230216,1.0,0.0
Independent Q-Learning,3501,5,34.11999999999999,4.053486153917378,1.0,0.0
Independent Q-Learning,3502,5,31.009999999999998,3.5562269331413527,1.0,0.0
Independent Q-Learning,3503,5,30.329999999999995,8.59691805241855,1.0,0.0
Independent Q-Learning,3504,5,31.729999999999997,5.933548685230443,1.0,0.0
Independent Q-Learning,3505,5,29.699999999999996,3.1006047797163636,1.0,0.0
Independent Q-Learning,3506,5,33.40999999999999,6.828378284775964,1.0,0.0
Independent Q-Learning,3507,5,33.429999999999986,5.188159596619975,1.0,0.0
Independent Q-Learning,3508,5,29.989999999999988,5.812852139870744,1.0,0.0
Independent Q-Learning,3509,5,30.349999999999994,3.1813912051176545,1.0,0.0
Independent Q-Learning,3510,5,33.779999999999994,4.434326329894989,1.0,0.0
Independent Q-Learning,3511,5,30.05999999999999,5.64096622929086,1.0,0.0
Independent Q-Learning,3512,5,29.55,5.651216683157706,1.0,0.0
Independent Q-Learning,3513,5,31.04,5.132056118165501,1.0,0.0
Independent Q-Learning,3514,5,32.14999999999999,4.3603325561245825,1.0,0.0
Independent Q-Learning,3515,5,35.91999999999999,5.764828705174151,1.0,0.0
Independent Q-Learning,3516,5,28.49,3.3821960321660773,1.0,0.0
Independent Q-Learning,3517,5,32.73999999999999,5.317353665123282,1.0,0.0
Independent Q-Learning,3518,5,32.029999999999994,7.52716746193413,1.0,0.0
Independent Q-Learning,3519,5,29.959999999999997,6.032764706169128,1.0,0.0
Independent Q-Learning,3520,5,31.329999999999995,4.408174225232028,1.0,0.0
Independent Q-Learning,3521,5,28.660000000000004,2.9007326660690373,1.0,0.0
Independent Q-Learning,3522,5,30.76999999999999,2.939515266162078,1.0,0.0
Independent Q-Learning,3523,5,30.79,1.5179756256277617,1.0,0.0
Independent Q-Learning,3524,5,27.990000000000002,2.297117759280094,1.0,0.0
Independent Q-Learning,3525,5,27.35,4.932418270990401,1.0,0.0
Independent Q-Learning,3526,5,34.56999999999999,5.336970114212736,1.0,0.0
Independent Q-Learning,3527,5,28.52,2.6651923007542972,1.0,0.0
Independent Q-Learning,3528,5,28.160000000000004,2.351435731632909,1.0,0.0
Independent Q-Learning,3529,5,29.409999999999997,3.151467911941986,1.0,0.0
Independent Q-Learning,3530,5,27.940000000000005,4.586038595563715,1.0,0.0
Independent Q-Learning,3531,5,34.94999999999999,2.5927784324928305,1.0,0.0
Independent Q-Learning,3532,5,28.02,3.25664704872972,1.0,0.0
Independent Q-Learning,3533,5,29.629999999999995,3.710727691437349,1.0,0.0
Independent Q-Learning,3534,5,27.85,4.0368614046063005,1.0,0.0
Independent Q-Learning,3535,5,30.79,3.758224314752913,1.0,0.0
Independent Q-Learning,3536,5,29.429999999999996,5.667296533621652,1.0,0.0
Independent Q-Learning,3537,5,27.419999999999998,4.07286754019818,1.0,0.0
Independent Q-Learning,3538,5,34.959999999999994,5.788717474536121,1.0,0.0
Independent Q-Learning,3539,5,30.669999999999998,3.931857067595409,1.0,0.0
Independent Q-Learning,3540,5,29.03,1.9835574103110765,1.0,0.0
Independent Q-Learning,3541,5,28.97999999999999,4.870010266929614,1.0,0.0
Independent Q-Learning,3542,5,28.439999999999998,3.405767167614367,1.0,0.0
Independent Q-Learning,3543,5,29.869999999999997,5.760490430510227,1.0,0.0
Independent Q-Learning,3544,5,31.24,4.157132425121909,1.0,0.0
Independent Q-Learning,3545,5,27.179999999999996,2.822808884781248,1.0,0.0
Independent Q-Learning,3546,5,33.39999999999999,3.830306776225631,1.0,0.0
Independent Q-Learning,3547,5,32.269999999999996,1.286759495787771,1.0,0.0
Independent Q-Learning,3548,5,29.49,4.689269665950122,1.0,0.0
Independent Q-Learning,3549,5,29.619999999999997,1.8464831437085931,1.0,0.0
Independent Q-Learning,3550,5,25.200000000000003,1.5552331014995806,1.0,0.0
Independent Q-Learning,3551,5,33.86,3.2214903383372095,1.0,0.0
Independent Q-Learning,3552,5,32.46999999999999,6.0510949422397875,1.0,0.0
Independent Q-Learning,3553,5,33.379999999999995,3.142570603821013,1.0,0.0
Independent Q-Learning,3554,5,25.879999999999995,3.375574025258516,1.0,0.0
Independent Q-Learning,3555,5,26.03,1.5908331150689563,1.0,0.0
Independent Q-Learning,3556,5,27.51,3.5657046989339984,1.0,0.0
Independent Q-Learning,3557,5,27.01,3.3148152286364314,1.0,0.0
Independent Q-Learning,3558,5,26.959999999999997,3.70209400204803,1.0,0.0
Independent Q-Learning,3559,5,31.509999999999998,3.037556583835105,1.0,0.0
Independent Q-Learning,3560,5,32.089999999999996,6.2015522250481725,1.0,0.0
Independent Q-Learning,3561,5,28.43,4.219982227450721,1.0,0.0
Independent Q-Learning,3562,5,31.529999999999994,5.226566750745652,1.0,0.0
Independent Q-Learning,3563,5,31.199999999999996,4.65738660624174,1.0,0.0
Independent Q-Learning,3564,5,32.48999999999998,5.743300444866156,1.0,0.0
Independent Q-Learning,3565,5,27.889999999999997,4.378555697944241,1.0,0.0
Independent Q-Learning,3566,5,31.629999999999995,5.739185482278818,1.0,0.0
Independent Q-Learning,3567,5,28.089999999999996,3.084720408724265,1.0,0.0
Independent Q-Learning,3568,5,31.449999999999996,4.476047363467004,1.0,0.0
Independent Q-Learning,3569,5,29.779999999999994,3.2018744510052186,1.0,0.0
Independent Q-Learning,3570,5,31.009999999999998,6.620649514964522,1.0,0.0
Independent Q-Learning,3571,5,29.619999999999997,2.722269273969783,1.0,0.0
Independent Q-Learning,3572,5,29.49,5.198605582269145,1.0,0.0
Independent Q-Learning,3573,5,32.449999999999996,5.58200232891388,1.0,0.0
Independent Q-Learning,3574,5,27.589999999999996,5.152353831017429,1.0,0.0
Independent Q-Learning,3575,5,29.71,4.704837935572274,1.0,0.0
Independent Q-Learning,3576,5,28.52,4.975515048716056,1.0,0.0
Independent Q-Learning,3577,5,29.669999999999995,4.0802267093876,1.0,0.0
Independent Q-Learning,3578,5,29.439999999999998,2.8946934207269677,1.0,0.0
Independent Q-Learning,3579,5,33.04999999999999,5.101960407529626,1.0,0.0
Independent Q-Learning,3580,5,28.629999999999995,3.3001136344071544,1.0,0.0
Independent Q-Learning,3581,5,32.86999999999999,3.94724587529076,1.0,0.0
Independent Q-Learning,3582,5,28.659999999999997,9.151188447409435,1.0,0.0
Independent Q-Learning,3583,5,30.389999999999997,3.325733001911004,1.0,0.0
Independent Q-Learning,3584,5,29.98,3.9718698367393652,1.0,0.0
Independent Q-Learning,3585,5,28.159999999999997,4.465898565798372,1.0,0.0
Independent Q-Learning,3586,5,31.159999999999997,2.0546897576033216,1.0,0.0
Independent Q-Learning,3587,5,31.669999999999995,6.981547106480048,1.0,0.0
Independent Q-Learning,3588,5,29.499999999999993,5.259158677963608,1.0,0.0
Independent Q-Learning,3589,5,30.589999999999996,2.788010043023513,1.0,0.0
Independent Q-Learning,3590,5,27.560000000000002,2.910197587793655,1.0,0.0
Independent Q-Learning,3591,5,30.37999999999999,6.056153895006293,1.0,0.0
Independent Q-Learning,3592,5,30.829999999999995,2.3451012771306874,1.0,0.0
Independent Q-Learning,3593,5,29.459999999999997,4.821617985697322,1.0,0.0
Independent Q-Learning,3594,5,28.109999999999996,2.7471348710975168,1.0,0.0
Independent Q-Learning,3595,5,30.169999999999998,4.447836552752357,1.0,0.0
Independent Q-Learning,3596,5,32.46999999999999,6.844030245403646,1.0,0.0
Independent Q-Learning,3597,5,35.29,5.726298979270987,1.0,0.0
Independent Q-Learning,3598,5,32.239999999999995,2.72635287517957,1.0,0.0
Independent Q-Learning,3599,5,30.45,2.513215072372436,1.0,0.0
Independent Q-Learning,3600,5,28.35,3.57788345254565,1.0,0.0
Independent Q-Learning,3601,5,28.179999999999996,6.863362878356348,1.0,0.0
Independent Q-Learning,3602,5,29.669999999999998,1.6843396332094043,1.0,0.0
Independent Q-Learning,3603,5,30.179999999999996,2.5193253065056886,1.0,0.0
Independent Q-Learning,3604,5,26.3,1.867819584435285,1.0,0.0
Independent Q-Learning,3605,5,28.409999999999997,4.979256972681761,1.0,0.0
Independent Q-Learning,3606,5,30.119999999999997,1.38139422323969,1.0,0.0
Independent Q-Learning,3607,5,28.97,5.192976025363488,1.0,0.0
Independent Q-Learning,3608,5,31.659999999999997,4.9766203391458275,1.0,0.0
Independent Q-Learning,3609,5,29.169999999999998,4.34016128732562,1.0,0.0
Independent Q-Learning,3610,5,26.68999999999999,4.691801359819051,1.0,0.0
Independent Q-Learning,3611,5,32.599999999999994,7.97707653216389,1.0,0.0
Independent Q-Learning,3612,5,30.22999999999999,8.367989603244014,1.0,0.0
Independent Q-Learning,3613,5,27.259999999999998,6.315991608607465,1.0,0.0
Independent Q-Learning,3614,5,31.609999999999996,3.5279951814026016,1.0,0.0
Independent Q-Learning,3615,5,31.529999999999994,3.799769729865209,1.0,0.0
Independent Q-Learning,3616,5,30.55,6.403807461190568,1.0,0.0
Independent Q-Learning,3617,5,29.919999999999995,4.8167156860250655,1.0,0.0
Independent Q-Learning,3618,5,31.5,3.712310601229373,1.0,0.0
Independent Q-Learning,3619,5,27.32,3.0047046443868637,1.0,0.0
Independent Q-Learning,3620,5,30.01,2.5237373080413885,1.0,0.0
Independent Q-Learning,3621,5,30.429999999999996,6.1414167746538695,1.0,0.0
Independent Q-Learning,3622,5,32.90999999999999,3.929917301928874,1.0,0.0
Independent Q-Learning,3623,5,29.749999999999993,4.0298883359219655,1.0,0.0
Independent Q-Learning,3624,5,28.82,3.5257268754116473,1.0,0.0
Independent Q-Learning,3625,5,29.21,1.0853570840972087,1.0,0.0
Independent Q-Learning,3626,5,27.71,3.706312183289474,1.0,0.0
Independent Q-Learning,3627,5,29.0,2.5057434026651624,1.0,0.0
Independent Q-Learning,3628,5,30.2,3.1298961644118415,1.0,0.0
Independent Q-Learning,3629,5,26.939999999999998,2.5197718150657997,1.0,0.0
Independent Q-Learning,3630,5,31.98999999999999,3.0069502822627383,1.0,0.0
Independent Q-Learning,3631,5,30.629999999999995,7.8097375115940935,1.0,0.0
Independent Q-Learning,3632,5,30.769999999999992,2.9352597840736303,1.0,0.0
Independent Q-Learning,3633,5,28.32,4.557219547048394,1.0,0.0
Independent Q-Learning,3634,5,28.839999999999996,5.126938657717684,1.0,0.0
Independent Q-Learning,3635,5,31.579999999999984,6.036617430316409,1.0,0.0
Independent Q-Learning,3636,5,31.00999999999999,5.860183444227656,1.0,0.0
Independent Q-Learning,3637,5,29.249999999999993,3.6297382825763007,1.0,0.0
Independent Q-Learning,3638,5,27.43,2.67128246353694,1.0,0.0
Independent Q-Learning,3639,5,30.359999999999996,2.1187850292089525,1.0,0.0
Independent Q-Learning,3640,5,31.909999999999997,3.913661968029423,1.0,0.0
Independent Q-Learning,3641,5,27.23,3.5893244489736507,1.0,0.0
Independent Q-Learning,3642,5,24.169999999999998,2.9670271316588925,1.0,0.0
Independent Q-Learning,3643,5,27.95,2.8290899596866783,1.0,0.0
Independent Q-Learning,3644,5,32.56999999999999,3.356821413182413,1.0,0.0
Independent Q-Learning,3645,5,30.419999999999995,5.733410852189118,1.0,0.0
Independent Q-Learning,3646,5,29.729999999999997,3.5274991141033576,1.0,0.0
Independent Q-Learning,3647,5,23.380000000000003,4.092309861190866,1.0,0.0
Independent Q-Learning,3648,5,28.72,5.405622073360287,1.0,0.0
Independent Q-Learning,3649,5,27.669999999999998,6.756533874702322,1.0,0.0
Independent Q-Learning,3650,5,29.439999999999998,6.850492683011927,1.0,0.0
Independent Q-Learning,3651,5,31.289999999999992,2.837120018610419,1.0,0.0
Independent Q-Learning,3652,5,31.169999999999998,5.9143469631059,1.0,0.0
Independent Q-Learning,3653,5,30.309999999999995,2.731849190566707,1.0,0.0
Independent Q-Learning,3654,5,32.949999999999996,7.589548734938063,1.0,0.0
Independent Q-Learning,3655,5,34.089999999999996,2.665614375711534,1.0,0.0
Independent Q-Learning,3656,5,33.129999999999995,6.8465867408512375,1.0,0.0
Independent Q-Learning,3657,5,24.720000000000002,2.6018262816721647,1.0,0.0
Independent Q-Learning,3658,5,30.869999999999994,3.249346088061409,1.0,0.0
Independent Q-Learning,3659,5,28.310000000000002,4.030725741104195,1.0,0.0
Independent Q-Learning,3660,5,29.439999999999998,6.4279079022649315,1.0,0.0
Independent Q-Learning,3661,5,30.079999999999995,4.5320525151414515,1.0,0.0
Independent Q-Learning,3662,5,35.05,6.204232426336066,1.0,0.0
Independent Q-Learning,3663,5,35.249999999999986,2.1032712616303186,1.0,0.0
Independent Q-Learning,3664,5,30.04999999999999,4.981967482832448,1.0,0.0
Independent Q-Learning,3665,5,30.85,4.5359673720166835,1.0,0.0
Independent Q-Learning,3666,5,31.579999999999995,3.4428549199755665,1.0,0.0
Independent Q-Learning,3667,5,29.669999999999998,3.9494619886764286,1.0,0.0
Independent Q-Learning,3668,5,29.939999999999998,5.2813823947902065,1.0,0.0
Independent Q-Learning,3669,5,28.05,3.646573734342964,1.0,0.0
Independent Q-Learning,3670,5,31.130000000000003,2.507638331179359,1.0,0.0
Independent Q-Learning,3671,5,35.90999999999999,2.0308249555291553,1.0,0.0
Independent Q-Learning,3672,5,30.909999999999997,5.350046728767887,1.0,0.0
Independent Q-Learning,3673,5,27.2,2.329967810936452,1.0,0.0
Independent Q-Learning,3674,5,28.330000000000002,2.6489620608834694,1.0,0.0
Independent Q-Learning,3675,5,28.52,2.8391459983593608,1.0,0.0
Independent Q-Learning,3676,5,33.19,5.0685796827119125,1.0,0.0
Independent Q-Learning,3677,5,32.14,4.826411710577534,1.0,0.0
Independent Q-Learning,3678,5,33.669999999999995,3.974543999001643,1.0,0.0
Independent Q-Learning,3679,5,28.669999999999995,5.214475045486352,1.0,0.0
Independent Q-Learning,3680,5,31.289999999999992,4.641174420338019,1.0,0.0
Independent Q-Learning,3681,5,30.939999999999998,5.156476510176301,1.0,0.0
Independent Q-Learning,3682,5,27.979999999999997,3.9732857938990445,1.0,0.0
Independent Q-Learning,3683,5,29.749999999999993,4.012792045446658,1.0,0.0
Independent Q-Learning,3684,5,26.5,5.660940734542268,1.0,0.0
Independent Q-Learning,3685,5,31.07,4.8356230208733155,1.0,0.0
Independent Q-Learning,3686,5,30.429999999999996,4.468864509022388,1.0,0.0
Independent Q-Learning,3687,5,33.86,7.1695013773622955,1.0,0.0
Independent Q-Learning,3688,5,28.079999999999995,4.130163435022874,1.0,0.0
Independent Q-Learning,3689,5,29.72,2.821480108028405,1.0,0.0
Independent Q-Learning,3690,5,29.609999999999992,3.353803810600724,1.0,0.0
Independent Q-Learning,3691,5,29.32,6.8220781291333745,1.0,0.0
Independent Q-Learning,3692,5,27.559999999999995,7.044270721657419,1.0,0.0
Independent Q-Learning,3693,5,32.379999999999995,3.0774583668995397,1.0,0.0
Independent Q-Learning,3694,5,29.8,5.4015044200666855,1.0,0.0
Independent Q-Learning,3695,5,27.709999999999997,4.174086726458853,1.0,0.0
Independent Q-Learning,3696,5,28.379999999999995,4.399801131869479,1.0,0.0
Independent Q-Learning,3697,5,30.5,4.899107061495995,1.0,0.0
Independent Q-Learning,3698,5,29.589999999999996,6.900307964141887,1.0,0.0
Independent Q-Learning,3699,5,27.959999999999997,4.972348539674183,1.0,0.0
Independent Q-Learning,3700,5,28.35,2.3070543990118613,1.0,0.0
Independent Q-Learning,3701,5,28.330000000000002,3.3246428379601918,1.0,0.0
Independent Q-Learning,3702,5,32.11999999999999,5.342471338247864,1.0,0.0
Independent Q-Learning,3703,5,30.47,3.84262280220164,1.0,0.0
Independent Q-Learning,3704,5,31.90999999999999,7.693373772279618,1.0,0.0
Independent Q-Learning,3705,5,29.929999999999996,4.654648214419641,1.0,0.0
Independent Q-Learning,3706,5,32.8,4.82584189546238,1.0,0.0
Independent Q-Learning,3707,5,33.33,8.521047470821877,1.0,0.0
Independent Q-Learning,3708,5,26.65,3.6917136942076105,1.0,0.0
Independent Q-Learning,3709,5,27.889999999999993,3.7582243147529018,1.0,0.0
Independent Q-Learning,3710,5,32.32,5.918150048790579,1.0,0.0
Independent Q-Learning,3711,5,32.74999999999999,5.20900662314802,1.0,0.0
Independent Q-Learning,3712,5,31.99,8.227803473588795,1.0,0.0
Independent Q-Learning,3713,5,30.919999999999998,5.7938113535047,1.0,0.0
Independent Q-Learning,3714,5,30.109999999999996,5.244449446796107,1.0,0.0
Independent Q-Learning,3715,5,31.059999999999995,5.4865061742423995,1.0,0.0
Independent Q-Learning,3716,5,30.21999999999999,1.3330416347586387,1.0,0.0
Independent Q-Learning,3717,5,27.26,2.279912279014262,1.0,0.0
Independent Q-Learning,3718,5,25.209999999999997,5.071291748657334,1.0,0.0
Independent Q-Learning,3719,5,27.869999999999997,3.1895532602544807,1.0,0.0
Independent Q-Learning,3720,5,31.249999999999993,3.349999999999996,1.0,0.0
Independent Q-Learning,3721,5,29.959999999999997,3.455864580680203,1.0,0.0
Independent Q-Learning,3722,5,27.669999999999998,4.63608131939033,1.0,0.0
Independent Q-Learning,3723,5,28.839999999999996,5.978335888857363,1.0,0.0
Independent Q-Learning,3724,5,29.29,6.072211294083893,1.0,0.0
Independent Q-Learning,3725,5,31.899999999999995,3.580328197246717,1.0,0.0
Independent Q-Learning,3726,5,29.79,1.3566502865514003,1.0,0.0
Independent Q-Learning,3727,5,30.910000000000004,5.384166602177166,1.0,0.0
Independent Q-Learning,3728,5,28.28,4.4750139664586515,1.0,0.0
Independent Q-Learning,3729,5,26.709999999999997,4.439791661778736,1.0,0.0
Independent Q-Learning,3730,5,29.990000000000002,1.9517300018188986,1.0,0.0
Independent Q-Learning,3731,5,33.08,5.941233037005028,1.0,0.0
Independent Q-Learning,3732,5,29.519999999999992,4.439960585410636,1.0,0.0
Independent Q-Learning,3733,5,28.630000000000003,3.983183400246589,1.0,0.0
Independent Q-Learning,3734,5,28.839999999999996,3.207101495119849,1.0,0.0
Independent Q-Learning,3735,5,26.76,2.704255905050408,1.0,0.0
Independent Q-Learning,3736,5,29.369999999999997,4.72183756603295,1.0,0.0
Independent Q-Learning,3737,5,32.519999999999996,4.224275085739553,1.0,0.0
Independent Q-Learning,3738,5,27.660000000000004,1.163185281887628,1.0,0.0
Independent Q-Learning,3739,5,29.599999999999994,4.026009190252793,1.0,0.0
Independent Q-Learning,3740,5,28.97,6.778513848919982,1.0,0.0
Independent Q-Learning,3741,5,31.049999999999994,2.6277366686941788,1.0,0.0
Independent Q-Learning,3742,5,28.75,4.32304869276301,1.0,0.0
Independent Q-Learning,3743,5,30.319999999999993,2.4175400720567124,1.0,0.0
Independent Q-Learning,3744,5,28.709999999999997,1.5101324445226596,1.0,0.0
Independent Q-Learning,3745,5,27.580000000000002,4.808144132614994,1.0,0.0
Independent Q-Learning,3746,5,33.10999999999999,4.3522120812294975,1.0,0.0
Independent Q-Learning,3747,5,28.27,4.497860602553172,1.0,0.0
Independent Q-Learning,3748,5,27.79,3.2985602920061927,1.0,0.0
Independent Q-Learning,3749,5,32.21999999999999,3.6916459743588566,1.0,0.0
Independent Q-Learning,3750,5,33.029999999999994,2.063855615104895,1.0,0.0
Independent Q-Learning,3751,5,31.689999999999998,3.8357528596091774,1.0,0.0
Independent Q-Learning,3752,5,37.52999999999999,2.2711781083833924,1.0,0.0
Independent Q-Learning,3753,5,25.71,4.208087451562764,1.0,0.0
Independent Q-Learning,3754,5,30.129999999999995,4.4355946613729245,1.0,0.0
Independent Q-Learning,3755,5,33.639999999999986,6.062425257271202,1.0,0.0
Independent Q-Learning,3756,5,31.609999999999996,4.285498804106701,1.0,0.0
Independent Q-Learning,3757,5,28.519999999999992,7.567083321861858,1.0,0.0
Independent Q-Learning,3758,5,29.29,6.434807689434081,1.0,0.0
Independent Q-Learning,3759,5,28.65,4.992619552900058,1.0,0.0
Independent Q-Learning,3760,5,29.709999999999997,5.724115652220869,1.0,0.0
Independent Q-Learning,3761,5,31.49,4.377699167370912,1.0,0.0
Independent Q-Learning,3762,5,32.39999999999999,8.584287972802393,1.0,0.0
Independent Q-Learning,3763,5,28.709999999999997,5.5274768203946305,1.0,0.0
Independent Q-Learning,3764,5,31.159999999999997,5.169066646890903,1.0,0.0
Independent Q-Learning,3765,5,32.849999999999994,7.662652934852256,1.0,0.0
Independent Q-Learning,3766,5,28.910000000000004,4.316740668606345,1.0,0.0
Independent Q-Learning,3767,5,29.79,5.3255750863169675,1.0,0.0
Independent Q-Learning,3768,5,30.35,4.263654535724015,1.0,0.0
Independent Q-Learning,3769,5,32.449999999999996,8.271411608667526,1.0,0.0
Independent Q-Learning,3770,5,30.779999999999994,6.722406563129005,1.0,0.0
Independent Q-Learning,3771,5,29.29,5.730990315818022,1.0,0.0
Independent Q-Learning,3772,5,30.379999999999995,4.497860602553171,1.0,0.0
Independent Q-Learning,3773,5,29.79,4.463378765016476,1.0,0.0
Independent Q-Learning,3774,5,30.619999999999997,2.986971710612602,1.0,0.0
Independent Q-Learning,3775,5,29.109999999999996,5.735677815219397,1.0,0.0
Independent Q-Learning,3776,5,30.059999999999995,7.9846258522237505,1.0,0.0
Independent Q-Learning,3777,5,28.859999999999996,4.00021874401888,1.0,0.0
Independent Q-Learning,3778,5,27.389999999999997,3.8195876740821038,1.0,0.0
Independent Q-Learning,3779,5,34.17999999999999,6.0052685202245435,1.0,0.0
Independent Q-Learning,3780,5,29.27,4.327325964149223,1.0,0.0
Independent Q-Learning,3781,5,28.369999999999997,4.7023398430993915,1.0,0.0
Independent Q-Learning,3782,5,34.60999999999999,4.7272349211774936,1.0,0.0
Independent Q-Learning,3783,5,32.459999999999994,4.854817195322597,1.0,0.0
Independent Q-Learning,3784,5,27.939999999999998,4.374271367896594,1.0,0.0
Independent Q-Learning,3785,5,27.919999999999998,3.731052130431845,1.0,0.0
Independent Q-Learning,3786,5,29.519999999999992,4.1250151514873155,1.0,0.0
Independent Q-Learning,3787,5,28.95,2.7753378172755836,1.0,0.0
Independent Q-Learning,3788,5,32.89999999999999,4.311177333397447,1.0,0.0
Independent Q-Learning,3789,5,29.369999999999997,2.725481608817048,1.0,0.0
Independent Q-Learning,3790,5,27.580000000000002,5.2391077484625175,1.0,0.0
Independent Q-Learning,3791,5,28.189999999999998,3.773493076712871,1.0,0.0
Independent Q-Learning,3792,5,26.62999999999999,3.6543809325246683,1.0,0.0
Independent Q-Learning,3793,5,29.919999999999995,5.002324459688702,1.0,0.0
Independent Q-Learning,3794,5,29.409999999999997,4.745576888008451,1.0,0.0
Independent Q-Learning,3795,5,28.079999999999995,4.255819545046519,1.0,0.0
Independent Q-Learning,3796,5,33.279999999999994,5.561317289995239,1.0,0.0
Independent Q-Learning,3797,5,31.049999999999994,5.824517147369379,1.0,0.0
Independent Q-Learning,3798,5,28.189999999999998,4.938547357270148,1.0,0.0
Independent Q-Learning,3799,5,25.689999999999998,3.8958952757999032,1.0,0.0
Independent Q-Learning,3800,5,30.73,3.577813578150767,1.0,0.0
Independent Q-Learning,3801,5,29.46,3.761548883106531,1.0,0.0
Independent Q-Learning,3802,5,26.21,1.4462883529918922,1.0,0.0
Independent Q-Learning,3803,5,32.83,7.353451570521151,1.0,0.0
Independent Q-Learning,3804,5,27.68,2.730064101811528,1.0,0.0
Independent Q-Learning,3805,5,24.97,2.7738961768602657,1.0,0.0
Independent Q-Learning,3806,5,28.849999999999994,1.9906029237394331,1.0,0.0
Independent Q-Learning,3807,5,30.249999999999993,3.1282982594375395,1.0,0.0
Independent Q-Learning,3808,5,33.489999999999995,5.714280357140338,1.0,0.0
Independent Q-Learning,3809,5,30.509999999999998,3.8678805565839247,1.0,0.0
Independent Q-Learning,3810,5,29.439999999999998,5.18825596901309,1.0,0.0
Independent Q-Learning,3811,5,28.75,4.553570028010987,1.0,0.0
Independent Q-Learning,3812,5,32.24999999999999,2.4741160037475964,1.0,0.0
Independent Q-Learning,3813,5,31.019999999999992,5.302192942547446,1.0,0.0
Independent Q-Learning,3814,5,29.580000000000002,2.0048690730319505,1.0,0.0
Independent Q-Learning,3815,5,29.639999999999993,4.675521361302921,1.0,0.0
Independent Q-Learning,3816,5,29.759999999999998,2.2719485029375077,1.0,0.0
Independent Q-Learning,3817,5,28.580000000000002,4.045614909998228,1.0,0.0
Independent Q-Learning,3818,5,29.07,3.3862959114643236,1.0,0.0
Independent Q-Learning,3819,5,30.2,4.7469727195339955,1.0,0.0
Independent Q-Learning,3820,5,30.96999999999999,2.659793225045882,1.0,0.0
Independent Q-Learning,3821,5,28.829999999999995,3.9519931680102887,1.0,0.0
Independent Q-Learning,3822,5,31.99,6.091633606841433,1.0,0.0
Independent Q-Learning,3823,5,30.03,2.999499958326384,1.0,0.0
Independent Q-Learning,3824,5,30.509999999999998,2.732535452651987,1.0,0.0
Independent Q-Learning,3825,5,26.790000000000003,2.4714368290530904,1.0,0.0
Independent Q-Learning,3826,5,28.059999999999995,4.101585059461761,1.0,0.0
Independent Q-Learning,3827,5,29.26,6.613943604234918,1.0,0.0
Independent Q-Learning,3828,5,30.639999999999997,3.6557147044045935,1.0,0.0
Independent Q-Learning,3829,5,30.369999999999997,4.833295976867129,1.0,0.0
Independent Q-Learning,3830,5,32.49999999999999,4.70943202520219,1.0,0.0
Independent Q-Learning,3831,5,34.35999999999999,3.652636034427733,1.0,0.0
Independent Q-Learning,3832,5,28.809999999999995,4.907061238664132,1.0,0.0
Independent Q-Learning,3833,5,29.79,3.519126312026891,1.0,0.0
Independent Q-Learning,3834,5,32.89999999999999,4.9867323970712505,1.0,0.0
Independent Q-Learning,3835,5,31.23,3.3883255451623886,1.0,0.0
Independent Q-Learning,3836,5,28.389999999999997,5.565788353863265,1.0,0.0
Independent Q-Learning,3837,5,30.029999999999994,3.8124139334547524,1.0,0.0
Independent Q-Learning,3838,5,29.759999999999998,4.041255992881418,1.0,0.0
Independent Q-Learning,3839,5,30.509999999999998,2.9283954650968806,1.0,0.0
Independent Q-Learning,3840,5,31.830000000000002,5.584420292205805,1.0,0.0
Independent Q-Learning,3841,5,31.24,4.97134287692973,1.0,0.0
Independent Q-Learning,3842,5,28.689999999999998,2.39906231682297,1.0,0.0
Independent Q-Learning,3843,5,30.779999999999994,5.667296533621651,1.0,0.0
Independent Q-Learning,3844,5,28.77,3.8880586415330693,1.0,0.0
Independent Q-Learning,3845,5,34.64999999999999,5.566978534178118,1.0,0.0
Independent Q-Learning,3846,5,29.79,2.984836678949115,1.0,0.0
Independent Q-Learning,3847,5,34.209999999999994,5.102131907350097,1.0,0.0
Independent Q-Learning,3848,5,27.979999999999997,6.037342130441172,1.0,0.0
Independent Q-Learning,3849,5,34.42999999999999,6.346120862385136,1.0,0.0
Independent Q-Learning,3850,5,31.079999999999995,3.887415593938979,1.0,0.0
Independent Q-Learning,3851,5,31.49999999999999,2.6438608132804537,1.0,0.0
Independent Q-Learning,3852,5,33.07,7.5221007703965155,1.0,0.0
Independent Q-Learning,3853,5,31.379999999999995,3.056264059272363,1.0,0.0
Independent Q-Learning,3854,5,33.26999999999999,4.384005018245295,1.0,0.0
Independent Q-Learning,3855,5,30.559999999999995,2.05468975760332,1.0,0.0
Independent Q-Learning,3856,5,30.839999999999993,2.929035677488404,1.0,0.0
Independent Q-Learning,3857,5,31.24,2.391233991059841,1.0,0.0
Independent Q-Learning,3858,5,30.169999999999998,3.1290174176568564,1.0,0.0
Independent Q-Learning,3859,5,29.639999999999997,2.673808145697818,1.0,0.0
Independent Q-Learning,3860,5,33.37999999999999,5.482882453600475,1.0,0.0
Independent Q-Learning,3861,5,32.239999999999995,5.405830186012133,1.0,0.0
Independent Q-Learning,3862,5,31.42999999999999,3.093662877561156,1.0,0.0
Independent Q-Learning,3863,5,30.52,5.646414791706324,1.0,0.0
Independent Q-Learning,3864,5,27.74,4.486006018720883,1.0,0.0
Independent Q-Learning,3865,5,27.28,3.8357854475973996,1.0,0.0
Independent Q-Learning,3866,5,30.509999999999998,4.157733757709833,1.0,0.0
Independent Q-Learning,3867,5,28.159999999999997,4.742810348306157,1.0,0.0
Independent Q-Learning,3868,5,28.939999999999998,5.370102419879899,1.0,0.0
Independent Q-Learning,3869,5,28.9,3.001457979049513,1.0,0.0
Independent Q-Learning,3870,5,33.089999999999996,4.031966021682223,1.0,0.0
Independent Q-Learning,3871,5,30.5,6.849452532867129,1.0,0.0
Independent Q-Learning,3872,5,28.630000000000003,3.1777743783975576,1.0,0.0
Independent Q-Learning,3873,5,32.35999999999999,5.503567025121063,1.0,0.0
Independent Q-Learning,3874,5,30.599999999999994,4.355886821302863,1.0,0.0
Independent Q-Learning,3875,5,28.21,3.7345347769166652,1.0,0.0
Independent Q-Learning,3876,5,29.29,3.5216118468678475,1.0,0.0
Independent Q-Learning,3877,5,30.719999999999988,7.36754708162763,1.0,0.0
Independent Q-Learning,3878,5,33.05999999999999,5.606514068474272,1.0,0.0
Independent Q-Learning,3879,5,27.370000000000005,2.4527025910207674,1.0,0.0
Independent Q-Learning,3880,5,28.68,1.4320439937376201,1.0,0.0
Independent Q-Learning,3881,5,31.269999999999992,3.8840378473954096,1.0,0.0
Independent Q-Learning,3882,5,29.299999999999994,5.241302319080623,1.0,0.0
Independent Q-Learning,3883,5,32.059999999999995,4.562537671077353,1.0,0.0
Independent Q-Learning,3884,5,27.369999999999994,4.65947958467466,1.0,0.0
Independent Q-Learning,3885,5,27.330000000000002,2.8210370433583463,1.0,0.0
Independent Q-Learning,3886,5,28.389999999999997,2.49934991547802,1.0,0.0
Independent Q-Learning,3887,5,30.47,5.137314473535759,1.0,0.0
Independent Q-Learning,3888,5,31.459999999999997,4.698457193590248,1.0,0.0
Independent Q-Learning,3889,5,30.519999999999992,2.6145267258148244,1.0,0.0
Independent Q-Learning,3890,5,28.189999999999998,2.698934975133711,1.0,0.0
Independent Q-Learning,3891,5,30.25,2.0112185361118753,1.0,0.0
Independent Q-Learning,3892,5,29.029999999999994,2.7736708528590728,1.0,0.0
Independent Q-Learning,3893,5,33.229999999999976,4.392835075438173,1.0,0.0
Independent Q-Learning,3894,5,28.880000000000003,5.56019334196213,1.0,0.0
Independent Q-Learning,3895,5,28.1,1.5516120649182905,1.0,0.0
Independent Q-Learning,3896,5,29.619999999999994,5.374197614528138,1.0,0.0
Independent Q-Learning,3897,5,30.27,2.0231781928441195,1.0,0.0
Independent Q-Learning,3898,5,27.48,3.5090240808521096,1.0,0.0
Independent Q-Learning,3899,5,27.799999999999994,7.673330437300347,1.0,0.0
Independent Q-Learning,3900,5,27.54,4.876397235664865,1.0,0.0
Independent Q-Learning,3901,5,28.47,2.071412561514484,1.0,0.0
Independent Q-Learning,3902,5,33.02999999999999,2.413659048001608,1.0,0.0
Independent Q-Learning,3903,5,29.24,5.120473610907488,1.0,0.0
Independent Q-Learning,3904,5,32.67999999999999,6.036824496372236,1.0,0.0
Independent Q-Learning,3905,5,30.4,3.936210106180813,1.0,0.0
Independent Q-Learning,3906,5,30.059999999999995,3.6500684925080487,1.0,0.0
Independent Q-Learning,3907,5,30.18,4.217611883518914,1.0,0.0
Independent Q-Learning,3908,5,29.439999999999998,3.8326557372140746,1.0,0.0
Independent Q-Learning,3909,5,31.57999999999999,6.305017842956499,1.0,0.0
Independent Q-Learning,3910,5,29.649999999999995,8.667035248572601,1.0,0.0
Independent Q-Learning,3911,5,31.8,5.53488933945386,1.0,0.0
Independent Q-Learning,3912,5,29.249999999999993,5.7746211996978545,1.0,0.0
Independent Q-Learning,3913,5,31.439999999999998,4.9689536121803295,1.0,0.0
Independent Q-Learning,3914,5,30.909999999999997,4.898264998956258,1.0,0.0
Independent Q-Learning,3915,5,28.340000000000003,4.220100709698762,1.0,0.0
Independent Q-Learning,3916,5,28.4,6.012902793160718,1.0,0.0
Independent Q-Learning,3917,5,32.08,7.7793476590264214,1.0,0.0
Independent Q-Learning,3918,5,35.40999999999999,3.986132210551974,1.0,0.0
Independent Q-Learning,3919,5,25.929999999999996,4.362568051045155,1.0,0.0
Independent Q-Learning,3920,5,33.24999999999999,4.60692413655792,1.0,0.0
Independent Q-Learning,3921,5,32.53999999999999,4.853529643465662,1.0,0.0
Independent Q-Learning,3922,5,26.52,4.9182822204505525,1.0,0.0
Independent Q-Learning,3923,5,31.53,4.51588861687265,1.0,0.0
Independent Q-Learning,3924,5,29.24,3.8425902721992085,1.0,0.0
Independent Q-Learning,3925,5,31.499999999999993,6.19929431467808,1.0,0.0
Independent Q-Learning,3926,5,28.24,1.2007289452661658,1.0,0.0
Independent Q-Learning,3927,5,30.04,7.866654307899889,1.0,0.0
Independent Q-Learning,3928,5,31.829999999999995,3.679436098099813,1.0,0.0
Independent Q-Learning,3929,5,30.749999999999993,7.183662018775656,1.0,0.0
Independent Q-Learning,3930,5,30.15,5.069640026668559,1.0,0.0
Independent Q-Learning,3931,5,31.009999999999998,5.553985055795521,1.0,0.0
Independent Q-Learning,3932,5,30.839999999999996,4.645481675779162,1.0,0.0
Independent Q-Learning,3933,5,28.18,1.2906393764332456,1.0,0.0
Independent Q-Learning,3934,5,31.29,3.3684937286567695,1.0,0.0
Independent Q-Learning,3935,5,30.55999999999999,1.9359752064528029,1.0,0.0
Independent Q-Learning,3936,5,28.880000000000003,8.150046012140049,1.0,0.0
Independent Q-Learning,3937,5,26.95,3.0176563754012786,1.0,0.0
Independent Q-Learning,3938,5,27.689999999999998,2.3437149997386606,1.0,0.0
Independent Q-Learning,3939,5,29.889999999999997,4.027778544061229,1.0,0.0
Independent Q-Learning,3940,5,28.55,2.993952237427978,1.0,0.0
Independent Q-Learning,3941,5,30.139999999999997,6.484924826087032,1.0,0.0
Independent Q-Learning,3942,5,36.37999999999999,1.3539756275502104,1.0,0.0
Independent Q-Learning,3943,5,30.389999999999993,3.495604382649726,1.0,0.0
Independent Q-Learning,3944,5,33.699999999999996,6.366121268087808,1.0,0.0
Independent Q-Learning,3945,5,30.599999999999994,7.727952510206044,1.0,0.0
Independent Q-Learning,3946,5,30.369999999999997,7.757464147516245,1.0,0.0
Independent Q-Learning,3947,5,28.949999999999996,3.979792708169608,1.0,0.0
Independent Q-Learning,3948,5,31.3,6.976478337958195,1.0,0.0
Independent Q-Learning,3949,5,30.029999999999994,2.447856204927077,1.0,0.0
Independent Q-Learning,3950,5,28.1,3.273950213427198,1.0,0.0
Independent Q-Learning,3951,5,28.310000000000002,3.538961712141003,1.0,0.0
Independent Q-Learning,3952,5,26.610000000000003,6.861067701167213,1.0,0.0
Independent Q-Learning,3953,5,31.689999999999998,1.323536928083231,1.0,0.0
Independent Q-Learning,3954,5,28.77,3.6014927460707153,1.0,0.0
Independent Q-Learning,3955,5,27.919999999999998,3.0196440187545273,1.0,0.0
Independent Q-Learning,3956,5,26.55,4.735372213459042,1.0,0.0
Independent Q-Learning,3957,5,30.109999999999996,6.514061712940702,1.0,0.0
Independent Q-Learning,3958,5,33.24999999999999,5.142956348249512,1.0,0.0
Independent Q-Learning,3959,5,30.27,3.4386770712004906,1.0,0.0
Independent Q-Learning,3960,5,30.389999999999997,2.638039044441913,1.0,0.0
Independent Q-Learning,3961,5,29.139999999999997,3.344659922921909,1.0,0.0
Independent Q-Learning,3962,5,29.97,4.816326400899339,1.0,0.0
Independent Q-Learning,3963,5,33.699999999999996,5.043188475557892,1.0,0.0
Independent Q-Learning,3964,5,29.889999999999997,4.110717698893951,1.0,0.0
Independent Q-Learning,3965,5,28.040000000000003,3.3562255585702188,1.0,0.0
Independent Q-Learning,3966,5,33.959999999999994,6.313121256557641,1.0,0.0
Independent Q-Learning,3967,5,30.109999999999996,5.634092650995365,1.0,0.0
Independent Q-Learning,3968,5,28.619999999999994,4.939711530038971,1.0,0.0
Independent Q-Learning,3969,5,30.329999999999995,3.6501027382801103,1.0,0.0
Independent Q-Learning,3970,5,33.25999999999999,8.664251265977917,1.0,0.0
Independent Q-Learning,3971,5,33.769999999999996,7.031589436251232,1.0,0.0
Independent Q-Learning,3972,5,25.04,3.4803735431703298,1.0,0.0
Independent Q-Learning,3973,5,29.089999999999996,4.322239003109378,1.0,0.0
Independent Q-Learning,3974,5,30.849999999999994,5.71784487372646,1.0,0.0
Independent Q-Learning,3975,5,28.339999999999996,5.523404747074031,1.0,0.0
Independent Q-Learning,3976,5,29.5,5.52245416459023,1.0,0.0
Independent Q-Learning,3977,5,28.45,6.602934953488483,1.0,0.0
Independent Q-Learning,3978,5,30.410000000000004,6.857787544099041,1.0,0.0
Independent Q-Learning,3979,5,31.04,8.451656642339413,1.0,0.0
Independent Q-Learning,3980,5,28.979999999999997,4.661223015475656,1.0,0.0
Independent Q-Learning,3981,5,31.369999999999997,5.92733076519271,1.0,0.0
Independent Q-Learning,3982,5,31.589999999999996,5.532336757645901,1.0,0.0
Independent Q-Learning,3983,5,25.669999999999998,3.7557622395460557,1.0,0.0
Independent Q-Learning,3984,5,29.35,5.952205473603877,1.0,0.0
Independent Q-Learning,3985,5,32.08,7.477850627018435,1.0,0.0
Independent Q-Learning,3986,5,29.779999999999994,3.5681928199019652,1.0,0.0
Independent Q-Learning,3987,5,29.859999999999992,3.7167526148507544,1.0,0.0
Independent Q-Learning,3988,5,28.74,3.7873803611467367,1.0,0.0
Independent Q-Learning,3989,5,32.019999999999996,4.639585110761518,1.0,0.0
Independent Q-Learning,3990,5,33.519999999999996,5.06329931961364,1.0,0.0
Independent Q-Learning,3991,5,30.429999999999996,4.938192989343364,1.0,0.0
Independent Q-Learning,3992,5,29.929999999999996,6.034546378974969,1.0,0.0
Independent Q-Learning,3993,5,29.309999999999995,3.641153663332544,1.0,0.0
Independent Q-Learning,3994,5,30.929999999999996,2.1194338866782316,1.0,0.0
Independent Q-Learning,3995,5,26.48,2.382645588416372,1.0,0.0
Independent Q-Learning,3996,5,28.69999999999999,3.5041047358776125,1.0,0.0
Independent Q-Learning,3997,5,29.879999999999995,3.1342064386380133,1.0,0.0
Independent Q-Learning,3998,5,28.32,3.1369969716274824,1.0,0.0
Independent Q-Learning,3999,5,28.75,3.007282826739114,1.0,0.0
Independent Q-Learning,4000,5,30.009999999999998,5.519556141575153,1.0,0.0
Independent Q-Learning,4001,5,30.919999999999987,5.0095658494524145,1.0,0.0
Independent Q-Learning,4002,5,28.93,4.608904425131851,1.0,0.0
Independent Q-Learning,4003,5,30.599999999999994,4.020572098594915,1.0,0.0
Independent Q-Learning,4004,5,28.279999999999994,7.315958583808412,1.0,0.0
Independent Q-Learning,4005,5,29.99,3.132171770513231,1.0,0.0
Independent Q-Learning,4006,5,27.169999999999998,4.237127564754216,1.0,0.0
Independent Q-Learning,4007,5,27.2,2.666692708206179,1.0,0.0
Independent Q-Learning,4008,5,28.160000000000004,2.5567068662637102,1.0,0.0
Independent Q-Learning,4009,5,31.99,4.700718030258778,1.0,0.0
Independent Q-Learning,4010,5,29.769999999999992,2.758758778871393,1.0,0.0
Independent Q-Learning,4011,5,30.059999999999995,3.9213199308396103,1.0,0.0
Independent Q-Learning,4012,5,28.129999999999985,11.211467343751242,0.998,0.004472135954999584
Independent Q-Learning,4013,5,28.32,4.589607826383423,0.998,0.004472135954999584
Independent Q-Learning,4014,5,27.649999999999995,2.8937432505320806,0.998,0.004472135954999584
Independent Q-Learning,4015,5,30.279999999999994,5.006321004490218,0.998,0.004472135954999584
Independent Q-Learning,4016,5,27.22,3.1097829506253274,0.998,0.004472135954999584
Independent Q-Learning,4017,5,31.619999999999994,6.548148593304824,0.998,0.004472135954999584
Independent Q-Learning,4018,5,31.29,3.1153651471376445,0.998,0.004472135954999584
Independent Q-Learning,4019,5,30.02,4.634463291471838,0.998,0.004472135954999584
Independent Q-Learning,4020,5,30.299999999999994,4.0822787753900345,0.998,0.004472135954999584
Independent Q-Learning,4021,5,31.019999999999992,5.944598388453165,0.998,0.004472135954999584
Independent Q-Learning,4022,5,27.24,3.534366987170404,0.998,0.004472135954999584
Independent Q-Learning,4023,5,30.799999999999994,4.598777011336816,0.998,0.004472135954999584
Independent Q-Learning,4024,5,28.019999999999992,5.597834402695373,0.998,0.004472135954999584
Independent Q-Learning,4025,5,27.369999999999997,5.410244911277124,0.998,0.004472135954999584
Independent Q-Learning,4026,5,29.429999999999996,4.372156218617992,0.998,0.004472135954999584
Independent Q-Learning,4027,5,30.099999999999994,2.884657691997431,0.998,0.004472135954999584
Independent Q-Learning,4028,5,30.479999999999997,3.3805694786529656,0.998,0.004472135954999584
Independent Q-Learning,4029,5,27.28,3.771372429235806,0.998,0.004472135954999584
Independent Q-Learning,4030,5,29.8,4.992619552900058,0.998,0.004472135954999584
Independent Q-Learning,4031,5,31.139999999999993,2.4503571168301104,0.998,0.004472135954999584
Independent Q-Learning,4032,5,29.839999999999996,4.937534810003872,0.998,0.004472135954999584
Independent Q-Learning,4033,5,33.209999999999994,5.700811345764735,0.998,0.004472135954999584
Independent Q-Learning,4034,5,28.839999999999996,4.136181814185635,0.998,0.004472135954999584
Independent Q-Learning,4035,5,33.80999999999999,3.191081321433222,0.998,0.004472135954999584
Independent Q-Learning,4036,5,31.709999999999997,3.5823176855214798,0.998,0.004472135954999584
Independent Q-Learning,4037,5,29.639999999999993,7.167844864392633,0.998,0.004472135954999584
Independent Q-Learning,4038,5,32.28999999999999,6.380869846658835,0.998,0.004472135954999584
Independent Q-Learning,4039,5,33.85999999999999,6.876990620903878,0.998,0.004472135954999584
Independent Q-Learning,4040,5,26.02,4.909506085137277,0.998,0.004472135954999584
Independent Q-Learning,4041,5,29.65,5.715877010573262,0.998,0.004472135954999584
Independent Q-Learning,4042,5,31.309999999999995,3.216830738475369,0.998,0.004472135954999584
Independent Q-Learning,4043,5,30.749999999999993,4.2389562394532865,0.998,0.004472135954999584
Independent Q-Learning,4044,5,29.7,3.7069192060253977,0.998,0.004472135954999584
Independent Q-Learning,4045,5,27.46999999999999,5.500522702434738,0.998,0.004472135954999584
Independent Q-Learning,4046,5,27.669999999999998,3.1720655730927128,0.998,0.004472135954999584
Independent Q-Learning,4047,5,32.01,9.338388511943585,0.998,0.004472135954999584
Independent Q-Learning,4048,5,29.72,3.6663333181804374,0.998,0.004472135954999584
Independent Q-Learning,4049,5,33.83999999999999,5.371149783798621,0.998,0.004472135954999584
Independent Q-Learning,4050,5,28.639999999999997,4.835209406013353,0.998,0.004472135954999584
Independent Q-Learning,4051,5,29.119999999999997,2.5919587188070685,0.998,0.004472135954999584
Independent Q-Learning,4052,5,32.879999999999995,4.199196351684448,0.998,0.004472135954999584
Independent Q-Learning,4053,5,31.759999999999998,7.417496208290231,0.998,0.004472135954999584
Independent Q-Learning,4054,5,32.82,6.891171888728357,0.998,0.004472135954999584
Independent Q-Learning,4055,5,33.89999999999999,4.892596447695224,0.998,0.004472135954999584
Independent Q-Learning,4056,5,30.589999999999996,7.099595058874834,0.998,0.004472135954999584
Independent Q-Learning,4057,5,31.68,2.61834871627138,0.998,0.004472135954999584
Independent Q-Learning,4058,5,31.679999999999996,7.0470383850238765,0.998,0.004472135954999584
Independent Q-Learning,4059,5,30.25,3.7307840998910637,0.998,0.004472135954999584
Independent Q-Learning,4060,5,32.90999999999999,6.040219366877321,0.998,0.004472135954999584
Independent Q-Learning,4061,5,31.110000000000003,7.549288045902073,0.998,0.004472135954999584
Independent Q-Learning,4062,5,29.949999999999996,2.2999999999999954,0.998,0.004472135954999584
Independent Q-Learning,4063,5,31.159999999999997,4.223653631632212,0.998,0.004472135954999584
Independent Q-Learning,4064,5,28.24,2.7734004398932366,0.998,0.004472135954999584
Independent Q-Learning,4065,5,30.059999999999995,4.716646054136347,0.998,0.004472135954999584
Independent Q-Learning,4066,5,25.919999999999998,2.5871316162885853,0.998,0.004472135954999584
Independent Q-Learning,4067,5,32.959999999999994,6.490223416801605,0.998,0.004472135954999584
Independent Q-Learning,4068,5,26.029999999999994,3.560653029993232,0.998,0.004472135954999584
Independent Q-Learning,4069,5,29.01,2.327928263499544,0.998,0.004472135954999584
Independent Q-Learning,4070,5,30.079999999999995,2.6590881895867944,0.998,0.004472135954999584
Independent Q-Learning,4071,5,30.699999999999996,3.528278617116275,0.998,0.004472135954999584
Independent Q-Learning,4072,5,31.439999999999998,3.9270536028936474,0.998,0.004472135954999584
Independent Q-Learning,4073,5,30.869999999999997,4.26535461597274,0.998,0.004472135954999584
Independent Q-Learning,4074,5,27.45,2.342541355024496,0.998,0.004472135954999584
Independent Q-Learning,4075,5,33.04,5.316060571513452,0.998,0.004472135954999584
Independent Q-Learning,4076,5,31.5,6.794942972534792,0.998,0.004472135954999584
Independent Q-Learning,4077,5,29.919999999999998,3.16693858481657,0.998,0.004472135954999584
Independent Q-Learning,4078,5,29.359999999999996,5.095758039781711,0.998,0.004472135954999584
Independent Q-Learning,4079,5,30.77,3.6658218723773226,0.998,0.004472135954999584
Independent Q-Learning,4080,5,29.179999999999996,3.3594270344807273,0.998,0.004472135954999584
Independent Q-Learning,4081,5,28.419999999999998,5.4690721333696075,0.998,0.004472135954999584
Independent Q-Learning,4082,5,29.9,4.17761893906086,0.998,0.004472135954999584
Independent Q-Learning,4083,5,31.069999999999993,2.4805745302247986,0.998,0.004472135954999584
Independent Q-Learning,4084,5,29.179999999999996,6.777407321387722,0.998,0.004472135954999584
Independent Q-Learning,4085,5,29.49,3.2964753904738875,0.998,0.004472135954999584
Independent Q-Learning,4086,5,31.479999999999997,5.351121377804838,0.998,0.004472135954999584
Independent Q-Learning,4087,5,28.99,1.7907400704736556,0.998,0.004472135954999584
Independent Q-Learning,4088,5,29.329999999999995,7.455165994127821,0.998,0.004472135954999584
Independent Q-Learning,4089,5,28.55,5.115540049691722,0.998,0.004472135954999584
Independent Q-Learning,4090,5,30.289999999999992,2.898361606149228,0.998,0.004472135954999584
Independent Q-Learning,4091,5,29.93,3.7477660012332654,0.998,0.004472135954999584
Independent Q-Learning,4092,5,29.169999999999998,2.242933347204056,0.998,0.004472135954999584
Independent Q-Learning,4093,5,31.1,5.101102821939582,0.998,0.004472135954999584
Independent Q-Learning,4094,5,30.849999999999994,4.8211772421266526,0.998,0.004472135954999584
Independent Q-Learning,4095,5,27.51,4.145690533554091,0.998,0.004472135954999584
Independent Q-Learning,4096,5,31.959999999999997,3.466157815218458,0.998,0.004472135954999584
Independent Q-Learning,4097,5,31.71999999999999,2.7394342481614657,0.998,0.004472135954999584
Independent Q-Learning,4098,5,26.72,7.56543125010068,0.998,0.004472135954999584
Independent Q-Learning,4099,5,27.439999999999998,2.6233089791330335,0.998,0.004472135954999584
Independent Q-Learning,4100,5,29.65,7.073453894668425,0.998,0.004472135954999584
Independent Q-Learning,4101,5,31.95999999999999,9.631030578292217,0.998,0.004472135954999584
Independent Q-Learning,4102,5,29.009999999999998,3.97073670746374,0.998,0.004472135954999584
Independent Q-Learning,4103,5,33.699999999999996,4.79752540378891,0.998,0.004472135954999584
Independent Q-Learning,4104,5,30.97,7.502382954768437,0.998,0.004472135954999584
Independent Q-Learning,4105,5,28.51,4.235770295943818,0.998,0.004472135954999584
Independent Q-Learning,4106,5,29.54,3.7142293951774144,0.998,0.004472135954999584
Independent Q-Learning,4107,5,30.15,2.996247653315725,0.998,0.004472135954999584
Independent Q-Learning,4108,5,29.199999999999996,5.016597452457185,0.998,0.004472135954999584
Independent Q-Learning,4109,5,31.519999999999992,5.126231559342584,0.998,0.004472135954999584
Independent Q-Learning,4110,5,28.9,7.1130162378557795,0.998,0.004472135954999584
Independent Q-Learning,4111,5,29.609999999999996,5.481263540462176,0.998,0.004472135954999584
Independent Q-Learning,4112,5,29.309999999999995,4.8941802173602,1.0,0.0
Independent Q-Learning,4113,5,35.169999999999995,7.028566710219086,1.0,0.0
Independent Q-Learning,4114,5,31.089999999999993,6.048284880856713,1.0,0.0
Independent Q-Learning,4115,5,26.95,1.334166406412633,1.0,0.0
Independent Q-Learning,4116,5,27.6,2.4718414188616533,1.0,0.0
Independent Q-Learning,4117,5,32.379999999999995,3.0638211436048217,1.0,0.0
Independent Q-Learning,4118,5,31.929999999999996,8.888728818003164,1.0,0.0
Independent Q-Learning,4119,5,29.169999999999998,5.754845784206558,1.0,0.0
Independent Q-Learning,4120,5,29.74,3.76254568078581,1.0,0.0
Independent Q-Learning,4121,5,27.79,5.611973806068591,1.0,0.0
Independent Q-Learning,4122,5,30.559999999999995,4.281559295396946,1.0,0.0
Independent Q-Learning,4123,5,27.97,3.7892281535953947,1.0,0.0
Independent Q-Learning,4124,5,29.949999999999996,3.101813985396283,1.0,0.0
Independent Q-Learning,4125,5,34.12,4.837819756873957,1.0,0.0
Independent Q-Learning,4126,5,36.56999999999999,4.9426207623081915,1.0,0.0
Independent Q-Learning,4127,5,28.610000000000003,3.4717430780517113,1.0,0.0
Independent Q-Learning,4128,5,29.15,2.235788451531138,1.0,0.0
Independent Q-Learning,4129,5,27.1,4.21203632462969,1.0,0.0
Independent Q-Learning,4130,5,27.5,2.4789110512481076,1.0,0.0
Independent Q-Learning,4131,5,34.109999999999985,2.713945467396126,1.0,0.0
Independent Q-Learning,4132,5,31.419999999999998,5.362904996361579,1.0,0.0
Independent Q-Learning,4133,5,29.29,2.839101970694251,1.0,0.0
Independent Q-Learning,4134,5,29.05,5.681659088681754,1.0,0.0
Independent Q-Learning,4135,5,31.1,3.6335244598048297,1.0,0.0
Independent Q-Learning,4136,5,30.679999999999996,4.170971109945491,1.0,0.0
Independent Q-Learning,4137,5,28.380000000000003,3.5492252675760083,1.0,0.0
Independent Q-Learning,4138,5,27.05,1.8520259177452127,1.0,0.0
Independent Q-Learning,4139,5,31.169999999999998,4.8512369556639845,1.0,0.0
Independent Q-Learning,4140,5,28.65,1.957357913106334,1.0,0.0
Independent Q-Learning,4141,5,28.829999999999995,4.703004358917813,1.0,0.0
Independent Q-Learning,4142,5,29.479999999999997,5.257209335759796,1.0,0.0
Independent Q-Learning,4143,5,30.419999999999995,5.9449137924784035,1.0,0.0
Independent Q-Learning,4144,5,33.459999999999994,2.885177637512115,1.0,0.0
Independent Q-Learning,4145,5,28.529999999999994,8.425378329784364,1.0,0.0
Independent Q-Learning,4146,5,30.519999999999992,2.679925372095264,1.0,0.0
Independent Q-Learning,4147,5,32.29,3.9403997259161376,1.0,0.0
Independent Q-Learning,4148,5,27.99,7.198819347643057,1.0,0.0
Independent Q-Learning,4149,5,32.65999999999999,2.7141757496521803,1.0,0.0
Independent Q-Learning,4150,5,28.020000000000003,2.889982698910148,1.0,0.0
Independent Q-Learning,4151,5,30.609999999999996,4.5314732703614125,1.0,0.0
Independent Q-Learning,4152,5,27.8,4.61871194165646,1.0,0.0
Independent Q-Learning,4153,5,29.8,6.641441861523743,1.0,0.0
Independent Q-Learning,4154,5,30.769999999999992,3.0196440187545233,1.0,0.0
Independent Q-Learning,4155,5,31.079999999999995,7.5333923301524575,1.0,0.0
Independent Q-Learning,4156,5,29.329999999999995,3.477535046552366,1.0,0.0
Independent Q-Learning,4157,5,33.03999999999999,6.655298640932645,1.0,0.0
Independent Q-Learning,4158,5,29.279999999999994,2.7705143926715023,1.0,0.0
Independent Q-Learning,4159,5,28.619999999999997,4.378298756366447,1.0,0.0
Independent Q-Learning,4160,5,30.22,5.410937996318195,1.0,0.0
Independent Q-Learning,4161,5,34.44999999999999,2.2070908454343225,1.0,0.0
Independent Q-Learning,4162,5,27.6,5.3790101319852495,1.0,0.0
Independent Q-Learning,4163,5,29.1,2.641022529248849,1.0,0.0
Independent Q-Learning,4164,5,30.839999999999993,4.75583851702304,1.0,0.0
Independent Q-Learning,4165,5,29.579999999999995,3.1956220051814603,1.0,0.0
Independent Q-Learning,4166,5,26.5,3.2029283476219037,1.0,0.0
Independent Q-Learning,4167,5,30.349999999999994,3.637134861398455,1.0,0.0
Independent Q-Learning,4168,5,29.909999999999997,4.516276120876575,1.0,0.0
Independent Q-Learning,4169,5,29.669999999999995,3.8092978355597205,1.0,0.0
Independent Q-Learning,4170,5,28.389999999999997,4.342292021502005,1.0,0.0
Independent Q-Learning,4171,5,30.119999999999997,3.712748308194338,1.0,0.0
Independent Q-Learning,4172,5,28.35,7.720589355742215,1.0,0.0
Independent Q-Learning,4173,5,26.610000000000003,2.5043462220707426,1.0,0.0
Independent Q-Learning,4174,5,25.95,5.783489431130653,1.0,0.0
Independent Q-Learning,4175,5,33.39,5.079419258143589,1.0,0.0
Independent Q-Learning,4176,5,32.75,4.861455543353243,1.0,0.0
Independent Q-Learning,4177,5,28.830000000000002,4.596955514250708,1.0,0.0
Independent Q-Learning,4178,5,32.60999999999999,6.704513405162225,1.0,0.0
Independent Q-Learning,4179,5,27.639999999999997,5.690716123652628,1.0,0.0
Independent Q-Learning,4180,5,33.29,5.606402589896655,1.0,0.0
Independent Q-Learning,4181,5,28.77,2.231759395633856,1.0,0.0
Independent Q-Learning,4182,5,29.639999999999997,6.509838707679319,1.0,0.0
Independent Q-Learning,4183,5,32.04,4.555683263792594,1.0,0.0
Independent Q-Learning,4184,5,30.610000000000003,4.644001507321028,1.0,0.0
Independent Q-Learning,4185,5,27.75,2.2248595461287004,1.0,0.0
Independent Q-Learning,4186,5,30.949999999999996,4.67185723240768,1.0,0.0
Independent Q-Learning,4187,5,30.999999999999993,5.4551581095326585,1.0,0.0
Independent Q-Learning,4188,5,33.01999999999999,4.418795084635626,1.0,0.0
Independent Q-Learning,4189,5,28.68,3.5191618320276166,1.0,0.0
Independent Q-Learning,4190,5,29.32,3.420270457142238,1.0,0.0
Independent Q-Learning,4191,5,33.029999999999994,5.051187979079769,1.0,0.0
Independent Q-Learning,4192,5,35.32999999999999,6.161838199758242,1.0,0.0
Independent Q-Learning,4193,5,28.72,4.555436312802536,1.0,0.0
Independent Q-Learning,4194,5,28.3,2.922969380612799,1.0,0.0
Independent Q-Learning,4195,5,28.079999999999995,4.4542956794537085,1.0,0.0
Independent Q-Learning,4196,5,31.4,5.765956121928083,1.0,0.0
Independent Q-Learning,4197,5,31.619999999999997,1.7743308597891152,1.0,0.0
Independent Q-Learning,4198,5,28.05,5.868666799197239,1.0,0.0
Independent Q-Learning,4199,5,29.630000000000003,4.268430624948699,1.0,0.0
Independent Q-Learning,4200,5,31.459999999999997,7.934213886706096,1.0,0.0
Independent Q-Learning,4201,5,31.15999999999999,3.5479571587041425,1.0,0.0
Independent Q-Learning,4202,5,30.829999999999995,2.8612934138252837,1.0,0.0
Independent Q-Learning,4203,5,29.809999999999995,3.752732337910599,1.0,0.0
Independent Q-Learning,4204,5,31.70999999999999,4.699122258464868,1.0,0.0
Independent Q-Learning,4205,5,29.860000000000003,3.1582036033162875,1.0,0.0
Independent Q-Learning,4206,5,28.0,2.9964562402945174,1.0,0.0
Independent Q-Learning,4207,5,29.749999999999993,9.183885343360936,1.0,0.0
Independent Q-Learning,4208,5,33.53999999999999,6.010137269647003,1.0,0.0
Independent Q-Learning,4209,5,30.049999999999994,5.657848531023075,1.0,0.0
Independent Q-Learning,4210,5,31.45,5.910689469089031,1.0,0.0
Independent Q-Learning,4211,5,31.80999999999999,4.0434205816362825,1.0,0.0
Independent Q-Learning,4212,5,31.559999999999995,4.878319382738279,1.0,0.0
Independent Q-Learning,4213,5,29.97,3.9112977386028764,1.0,0.0
Independent Q-Learning,4214,5,30.429999999999996,3.757093291362346,1.0,0.0
Independent Q-Learning,4215,5,32.669999999999995,4.568451597642243,1.0,0.0
Independent Q-Learning,4216,5,28.899999999999995,3.3598735095238226,1.0,0.0
Independent Q-Learning,4217,5,29.65,6.011655346075652,1.0,0.0
Independent Q-Learning,4218,5,29.459999999999997,5.185484548236542,1.0,0.0
Independent Q-Learning,4219,5,32.17999999999999,4.778938166580521,1.0,0.0
Independent Q-Learning,4220,5,26.74,3.8438912575669963,1.0,0.0
Independent Q-Learning,4221,5,30.85,6.0023953551894556,1.0,0.0
Independent Q-Learning,4222,5,30.49,4.19067417010676,1.0,0.0
Independent Q-Learning,4223,5,29.009999999999998,3.3006438765792345,1.0,0.0
Independent Q-Learning,4224,5,27.380000000000003,2.7772738431778725,1.0,0.0
Independent Q-Learning,4225,5,29.189999999999998,2.5167935950331697,1.0,0.0
Independent Q-Learning,4226,5,29.45,6.221032872441681,1.0,0.0
Independent Q-Learning,4227,5,23.719999999999988,10.065448325832309,0.998,0.004472135954999584
Independent Q-Learning,4228,5,32.37999999999999,9.15925761183732,0.998,0.004472135954999584
Independent Q-Learning,4229,5,28.919999999999998,2.801472826925149,0.998,0.004472135954999584
Independent Q-Learning,4230,5,28.85,2.884224332467916,0.998,0.004472135954999584
Independent Q-Learning,4231,5,28.899999999999995,5.278730908087658,0.998,0.004472135954999584
Independent Q-Learning,4232,5,27.52,2.1916318121436356,0.998,0.004472135954999584
Independent Q-Learning,4233,5,29.999999999999993,4.694012143145773,0.998,0.004472135954999584
Independent Q-Learning,4234,5,29.889999999999993,2.7704692743288053,0.998,0.004472135954999584
Independent Q-Learning,4235,5,32.379999999999995,5.330642550387327,0.998,0.004472135954999584
Independent Q-Learning,4236,5,32.949999999999996,1.7334935823359678,0.998,0.004472135954999584
Independent Q-Learning,4237,5,29.329999999999995,3.2298606781098123,0.998,0.004472135954999584
Independent Q-Learning,4238,5,26.77,4.55790522060299,0.998,0.004472135954999584
Independent Q-Learning,4239,5,30.809999999999995,3.6795719859787983,0.998,0.004472135954999584
Independent Q-Learning,4240,5,30.65,1.9754746265138379,0.998,0.004472135954999584
Independent Q-Learning,4241,5,29.019999999999992,5.7528905777878165,0.998,0.004472135954999584
Independent Q-Learning,4242,5,29.07,3.081314654494083,0.998,0.004472135954999584
Independent Q-Learning,4243,5,29.769999999999992,4.375728510773937,0.998,0.004472135954999584
Independent Q-Learning,4244,5,29.579999999999995,5.864895565992621,0.998,0.004472135954999584
Independent Q-Learning,4245,5,29.49,3.3304279004356117,0.998,0.004472135954999584
Independent Q-Learning,4246,5,29.47,2.3562682360037015,0.998,0.004472135954999584
Independent Q-Learning,4247,5,31.119999999999997,6.135715117245903,0.998,0.004472135954999584
Independent Q-Learning,4248,5,31.279999999999994,4.831743991562463,0.998,0.004472135954999584
Independent Q-Learning,4249,5,33.24999999999999,3.8574603043971782,0.998,0.004472135954999584
Independent Q-Learning,4250,5,28.839999999999996,1.083051245324983,0.998,0.004472135954999584
Independent Q-Learning,4251,5,26.720000000000006,2.7079974150652357,0.998,0.004472135954999584
Independent Q-Learning,4252,5,31.389999999999997,5.7919556282830715,0.998,0.004472135954999584
Independent Q-Learning,4253,5,30.139999999999997,4.711873300503739,0.998,0.004472135954999584
Independent Q-Learning,4254,5,28.32,4.539906386700058,0.998,0.004472135954999584
Independent Q-Learning,4255,5,33.629999999999995,4.717864983231291,0.998,0.004472135954999584
Independent Q-Learning,4256,5,29.579999999999995,3.3463786396640733,0.998,0.004472135954999584
Independent Q-Learning,4257,5,31.94999999999999,0.9473647660748291,0.998,0.004472135954999584
Independent Q-Learning,4258,5,30.139999999999997,2.5249752474034244,0.998,0.004472135954999584
Independent Q-Learning,4259,5,29.7,3.9766506006940046,0.998,0.004472135954999584
Independent Q-Learning,4260,5,30.209999999999997,6.4975379952717445,0.998,0.004472135954999584
Independent Q-Learning,4261,5,32.3,7.908223567907007,0.998,0.004472135954999584
Independent Q-Learning,4262,5,29.45,2.5186802099512313,0.998,0.004472135954999584
Independent Q-Learning,4263,5,31.229999999999997,4.790041753471459,0.998,0.004472135954999584
Independent Q-Learning,4264,5,30.959999999999997,3.677533140571267,0.998,0.004472135954999584
Independent Q-Learning,4265,5,30.069999999999993,6.91597787735038,0.998,0.004472135954999584
Independent Q-Learning,4266,5,29.319999999999993,5.205477883921893,0.998,0.004472135954999584
Independent Q-Learning,4267,5,29.32,4.875653802312054,0.998,0.004472135954999584
Independent Q-Learning,4268,5,34.11,8.274161588946631,0.998,0.004472135954999584
Independent Q-Learning,4269,5,31.849999999999994,4.379925798458227,0.998,0.004472135954999584
Independent Q-Learning,4270,5,28.93999999999999,4.569245014222804,0.998,0.004472135954999584
Independent Q-Learning,4271,5,33.39,5.621765736848165,0.998,0.004472135954999584
Independent Q-Learning,4272,5,30.879999999999995,4.269455468792241,0.998,0.004472135954999584
Independent Q-Learning,4273,5,26.1,3.3531701418210185,0.998,0.004472135954999584
Independent Q-Learning,4274,5,27.759999999999998,5.165921989345169,0.998,0.004472135954999584
Independent Q-Learning,4275,5,28.169999999999998,4.846983598074167,0.998,0.004472135954999584
Independent Q-Learning,4276,5,31.429999999999996,4.784819745821147,0.998,0.004472135954999584
Independent Q-Learning,4277,5,28.979999999999997,6.049545437468833,0.998,0.004472135954999584
Independent Q-Learning,4278,5,31.529999999999994,6.168832952836375,0.998,0.004472135954999584
Independent Q-Learning,4279,5,31.449999999999996,0.804673846971552,0.998,0.004472135954999584
Independent Q-Learning,4280,5,30.1,6.0979504753646525,0.998,0.004472135954999584
Independent Q-Learning,4281,5,27.339999999999993,4.925875556690395,0.998,0.004472135954999584
Independent Q-Learning,4282,5,29.21999999999999,2.5934050975503187,0.998,0.004472135954999584
Independent Q-Learning,4283,5,29.789999999999992,1.833848412492142,0.998,0.004472135954999584
Independent Q-Learning,4284,5,28.05,3.0432301917534903,0.998,0.004472135954999584
Independent Q-Learning,4285,5,29.79,3.383304597579116,0.998,0.004472135954999584
Independent Q-Learning,4286,5,28.509999999999998,4.030260537483896,0.998,0.004472135954999584
Independent Q-Learning,4287,5,29.349999999999994,3.2218007387173992,0.998,0.004472135954999584
Independent Q-Learning,4288,5,28.719999999999988,4.529155550430994,0.998,0.004472135954999584
Independent Q-Learning,4289,5,30.529999999999994,5.423167893399571,0.998,0.004472135954999584
Independent Q-Learning,4290,5,28.26,2.1299647884413453,0.998,0.004472135954999584
Independent Q-Learning,4291,5,31.65,5.093868863643819,0.998,0.004472135954999584
Independent Q-Learning,4292,5,33.239999999999995,3.491489653428743,0.998,0.004472135954999584
Independent Q-Learning,4293,5,31.149999999999995,3.180408778757843,0.998,0.004472135954999584
Independent Q-Learning,4294,5,28.390000000000004,4.12998184015378,0.998,0.004472135954999584
Independent Q-Learning,4295,5,30.77999999999999,5.970406183837061,0.998,0.004472135954999584
Independent Q-Learning,4296,5,29.699999999999996,3.6754251454763613,0.998,0.004472135954999584
Independent Q-Learning,4297,5,28.869999999999994,4.657467122803979,0.998,0.004472135954999584
Independent Q-Learning,4298,5,31.45,4.778728910494922,0.998,0.004472135954999584
Independent Q-Learning,4299,5,28.379999999999995,4.748762996823485,0.998,0.004472135954999584
Independent Q-Learning,4300,5,28.889999999999997,4.522637504819502,0.998,0.004472135954999584
Independent Q-Learning,4301,5,31.939999999999998,1.4651791699311014,0.998,0.004472135954999584
Independent Q-Learning,4302,5,29.169999999999998,4.241697773297851,0.998,0.004472135954999584
Independent Q-Learning,4303,5,31.049999999999994,3.811659743471335,0.998,0.004472135954999584
Independent Q-Learning,4304,5,30.74,4.0200124377917,0.998,0.004472135954999584
Independent Q-Learning,4305,5,28.95,2.9685855217594757,0.998,0.004472135954999584
Independent Q-Learning,4306,5,28.799999999999994,5.680778995877225,0.998,0.004472135954999584
Independent Q-Learning,4307,5,33.61999999999999,6.6668583305781945,0.998,0.004472135954999584
Independent Q-Learning,4308,5,35.11999999999999,4.799557271249079,0.998,0.004472135954999584
Independent Q-Learning,4309,5,31.819999999999993,4.171420621323135,0.998,0.004472135954999584
Independent Q-Learning,4310,5,33.44,3.225755725407608,0.998,0.004472135954999584
Independent Q-Learning,4311,5,28.540000000000003,4.148101975602814,0.998,0.004472135954999584
Independent Q-Learning,4312,5,30.05999999999999,3.952752205742212,0.998,0.004472135954999584
Independent Q-Learning,4313,5,28.899999999999995,6.410830679404965,0.998,0.004472135954999584
Independent Q-Learning,4314,5,32.75999999999999,6.061084886387907,0.998,0.004472135954999584
Independent Q-Learning,4315,5,32.709999999999994,3.8685268513996336,0.998,0.004472135954999584
Independent Q-Learning,4316,5,29.769999999999992,3.17718428801351,0.998,0.004472135954999584
Independent Q-Learning,4317,5,28.259999999999998,3.9933382025568496,0.998,0.004472135954999584
Independent Q-Learning,4318,5,29.97,3.706514535247366,0.998,0.004472135954999584
Independent Q-Learning,4319,5,29.679999999999996,5.827370762187684,0.998,0.004472135954999584
Independent Q-Learning,4320,5,29.169999999999998,3.700101349963264,0.998,0.004472135954999584
Independent Q-Learning,4321,5,34.50999999999999,7.222655328893934,0.998,0.004472135954999584
Independent Q-Learning,4322,5,28.25,3.828348207778385,0.998,0.004472135954999584
Independent Q-Learning,4323,5,32.36999999999999,4.072867540198179,0.998,0.004472135954999584
Independent Q-Learning,4324,5,30.189999999999998,2.057121775685628,0.998,0.004472135954999584
Independent Q-Learning,4325,5,30.339999999999996,7.5259052611629365,0.998,0.004472135954999584
Independent Q-Learning,4326,5,33.28999999999999,4.321805178394782,0.998,0.004472135954999584
Independent Q-Learning,4327,5,30.369999999999997,1.9234084329647692,1.0,0.0
Independent Q-Learning,4328,5,27.839999999999996,4.419332528787576,1.0,0.0
Independent Q-Learning,4329,5,33.82999999999999,6.915977877350381,1.0,0.0
Independent Q-Learning,4330,5,30.0,3.701013374739408,1.0,0.0
Independent Q-Learning,4331,5,28.860000000000003,3.230208971568246,1.0,0.0
Independent Q-Learning,4332,5,29.54,4.45749369040495,1.0,0.0
Independent Q-Learning,4333,5,27.28,1.8202335015046835,1.0,0.0
Independent Q-Learning,4334,5,29.929999999999996,4.396106231655455,1.0,0.0
Independent Q-Learning,4335,5,29.610000000000003,2.1892921230388587,1.0,0.0
Independent Q-Learning,4336,5,28.669999999999998,2.881102219637471,1.0,0.0
Independent Q-Learning,4337,5,34.03999999999999,4.667895671499085,1.0,0.0
Independent Q-Learning,4338,5,28.919999999999998,4.2483231986279,1.0,0.0
Independent Q-Learning,4339,5,32.03999999999999,3.993338202556848,1.0,0.0
Independent Q-Learning,4340,5,30.54,5.082740402578114,1.0,0.0
Independent Q-Learning,4341,5,28.909999999999997,5.579359282211531,1.0,0.0
Independent Q-Learning,4342,5,30.99,8.199725605165083,1.0,0.0
Independent Q-Learning,4343,5,34.50999999999999,8.030052926351104,1.0,0.0
Independent Q-Learning,4344,5,33.02999999999999,6.257855063837766,1.0,0.0
Independent Q-Learning,4345,5,33.82,6.997463826273057,1.0,0.0
Independent Q-Learning,4346,5,28.129999999999995,3.24318516276823,1.0,0.0
Independent Q-Learning,4347,5,29.95,1.3982131454109556,1.0,0.0
Independent Q-Learning,4348,5,31.549999999999994,3.768786276773995,1.0,0.0
Independent Q-Learning,4349,5,30.689999999999998,8.885339048117403,1.0,0.0
Independent Q-Learning,4350,5,30.139999999999997,2.92711462023611,1.0,0.0
Independent Q-Learning,4351,5,30.359999999999992,3.813036847448494,1.0,0.0
Independent Q-Learning,4352,5,29.919999999999995,6.389894365324042,1.0,0.0
Independent Q-Learning,4353,5,31.519999999999992,3.09931444032385,1.0,0.0
Independent Q-Learning,4354,5,31.72,3.1691087075075184,1.0,0.0
Independent Q-Learning,4355,5,32.12999999999999,3.6995945723822166,1.0,0.0
Independent Q-Learning,4356,5,34.73,4.2904836557199415,1.0,0.0
Independent Q-Learning,4357,5,31.3,4.3977266854592,1.0,0.0
Independent Q-Learning,4358,5,33.76,8.174304251739098,1.0,0.0
Independent Q-Learning,4359,5,30.4,3.2672618505409057,1.0,0.0
Independent Q-Learning,4360,5,25.28999999999999,11.12853314682579,0.998,0.004472135954999584
Independent Q-Learning,4361,5,32.11,7.897262183820411,0.998,0.004472135954999584
Independent Q-Learning,4362,5,31.04,4.309495330082161,0.998,0.004472135954999584
Independent Q-Learning,4363,5,32.92999999999999,3.8906297690733718,0.998,0.004472135954999584
Independent Q-Learning,4364,5,31.829999999999995,6.19743898719462,0.998,0.004472135954999584
Independent Q-Learning,4365,5,30.15,2.8853076092506944,0.998,0.004472135954999584
Independent Q-Learning,4366,5,31.669999999999995,3.4024990815575507,0.998,0.004472135954999584
Independent Q-Learning,4367,5,28.879999999999995,4.885130499792199,0.998,0.004472135954999584
Independent Q-Learning,4368,5,29.609999999999996,7.552929895080444,0.998,0.004472135954999584
Independent Q-Learning,4369,5,29.02,4.540319372026593,0.998,0.004472135954999584
Independent Q-Learning,4370,5,29.02999999999999,4.818921041063011,0.998,0.004472135954999584
Independent Q-Learning,4371,5,30.25999999999999,4.77930434268419,0.998,0.004472135954999584
Independent Q-Learning,4372,5,30.869999999999994,5.450068806905091,0.998,0.004472135954999584
Independent Q-Learning,4373,5,27.21,3.4676000346060674,0.998,0.004472135954999584
Independent Q-Learning,4374,5,27.630000000000003,5.200072114884561,0.998,0.004472135954999584
Independent Q-Learning,4375,5,31.979999999999997,3.910978138522379,0.998,0.004472135954999584
Independent Q-Learning,4376,5,29.74,3.1556298895783073,0.998,0.004472135954999584
Independent Q-Learning,4377,5,28.45,3.237089742345739,0.998,0.004472135954999584
Independent Q-Learning,4378,5,32.69999999999999,5.1772338173970684,0.998,0.004472135954999584
Independent Q-Learning,4379,5,32.85,5.592293804871128,0.998,0.004472135954999584
Independent Q-Learning,4380,5,31.229999999999997,4.643355467762503,0.998,0.004472135954999584
Independent Q-Learning,4381,5,30.6,3.0489752376823245,0.998,0.004472135954999584
Independent Q-Learning,4382,5,29.68999999999999,2.5537717204166714,0.998,0.004472135954999584
Independent Q-Learning,4383,5,28.309999999999995,4.062234606715861,0.998,0.004472135954999584
Independent Q-Learning,4384,5,29.199999999999996,4.253087114085473,0.998,0.004472135954999584
Independent Q-Learning,4385,5,31.169999999999998,2.8966791330763564,0.998,0.004472135954999584
Independent Q-Learning,4386,5,29.580000000000002,2.2479435046281733,0.998,0.004472135954999584
Independent Q-Learning,4387,5,32.209999999999994,8.529023976985874,0.998,0.004472135954999584
Independent Q-Learning,4388,5,31.45999999999999,4.591622806808058,0.998,0.004472135954999584
Independent Q-Learning,4389,5,31.309999999999995,5.7090279382746,0.998,0.004472135954999584
Independent Q-Learning,4390,5,32.289999999999985,1.1770726400694276,0.998,0.004472135954999584
Independent Q-Learning,4391,5,29.339999999999996,4.366548980602417,0.998,0.004472135954999584
Independent Q-Learning,4392,5,26.54,2.290032750857508,0.998,0.004472135954999584
Independent Q-Learning,4393,5,31.359999999999992,2.8309450718796954,0.998,0.004472135954999584
Independent Q-Learning,4394,5,30.77,4.085737387547073,0.998,0.004472135954999584
Independent Q-Learning,4395,5,31.65999999999999,1.6497727116181795,0.998,0.004472135954999584
Independent Q-Learning,4396,5,30.130000000000003,4.129558087737719,0.998,0.004472135954999584
Independent Q-Learning,4397,5,31.119999999999997,3.430306108789702,0.998,0.004472135954999584
Independent Q-Learning,4398,5,29.059999999999995,2.679412248982969,0.998,0.004472135954999584
Independent Q-Learning,4399,5,30.799999999999994,7.317444909256229,0.998,0.004472135954999584
Independent Q-Learning,4400,5,29.409999999999997,4.824209779849955,0.998,0.004472135954999584
Independent Q-Learning,4401,5,31.18999999999999,5.772499458640075,0.998,0.004472135954999584
Independent Q-Learning,4402,5,26.07,4.580884194126719,0.998,0.004472135954999584
Independent Q-Learning,4403,5,29.25,4.630469738590238,0.998,0.004472135954999584
Independent Q-Learning,4404,5,31.45999999999999,5.0636449322597565,0.998,0.004472135954999584
Independent Q-Learning,4405,5,32.059999999999995,6.277380026730894,0.998,0.004472135954999584
Independent Q-Learning,4406,5,29.22,4.055027743431601,0.998,0.004472135954999584
Independent Q-Learning,4407,5,30.839999999999996,2.535843055080499,0.998,0.004472135954999584
Independent Q-Learning,4408,5,26.999999999999993,4.315669125408014,0.998,0.004472135954999584
Independent Q-Learning,4409,5,28.2,4.5887089687623455,0.998,0.004472135954999584
Independent Q-Learning,4410,5,32.66999999999999,4.434044429186509,0.998,0.004472135954999584
Independent Q-Learning,4411,5,30.630000000000003,2.927797807226448,0.998,0.004472135954999584
Independent Q-Learning,4412,5,32.97999999999999,2.4488772937817855,0.998,0.004472135954999584
Independent Q-Learning,4413,5,28.990000000000002,3.264276336341642,0.998,0.004472135954999584
Independent Q-Learning,4414,5,29.949999999999996,2.253608217947387,0.998,0.004472135954999584
Independent Q-Learning,4415,5,28.839999999999996,2.4812799116584947,0.998,0.004472135954999584
Independent Q-Learning,4416,5,27.629999999999995,5.046855456618503,0.998,0.004472135954999584
Independent Q-Learning,4417,5,29.160000000000004,2.008544248952458,0.998,0.004472135954999584
Independent Q-Learning,4418,5,31.709999999999997,5.5344828123321435,0.998,0.004472135954999584
Independent Q-Learning,4419,5,25.919999999999998,1.997373275079048,0.998,0.004472135954999584
Independent Q-Learning,4420,5,30.159999999999997,3.4913106421514515,0.998,0.004472135954999584
Independent Q-Learning,4421,5,32.44,5.79540766469452,0.998,0.004472135954999584
Independent Q-Learning,4422,5,32.39999999999999,7.057531438116297,0.998,0.004472135954999584
Independent Q-Learning,4423,5,31.729999999999997,3.9896115099091998,0.998,0.004472135954999584
Independent Q-Learning,4424,5,28.32,4.503970470595913,0.998,0.004472135954999584
Independent Q-Learning,4425,5,28.479999999999997,4.119101843848968,0.998,0.004472135954999584
Independent Q-Learning,4426,5,30.45,4.558919828204918,0.998,0.004472135954999584
Independent Q-Learning,4427,5,27.729999999999997,6.776208379322463,0.998,0.004472135954999584
Independent Q-Learning,4428,5,32.67999999999999,5.017668781416322,0.998,0.004472135954999584
Independent Q-Learning,4429,5,30.130000000000003,4.702738563858295,0.998,0.004472135954999584
Independent Q-Learning,4430,5,29.339999999999993,6.153799639247275,0.998,0.004472135954999584
Independent Q-Learning,4431,5,32.489999999999995,7.8417472542794915,0.998,0.004472135954999584
Independent Q-Learning,4432,5,33.739999999999995,3.7710078228505415,0.998,0.004472135954999584
Independent Q-Learning,4433,5,32.91999999999998,6.288541166280131,0.998,0.004472135954999584
Independent Q-Learning,4434,5,35.309999999999995,4.497554891271474,0.998,0.004472135954999584
Independent Q-Learning,4435,5,29.18,3.110586761368342,0.998,0.004472135954999584
Independent Q-Learning,4436,5,28.389999999999997,2.091470774359514,0.998,0.004472135954999584
Independent Q-Learning,4437,5,29.4,6.880497801758239,0.998,0.004472135954999584
Independent Q-Learning,4438,5,29.26,2.0010622179232698,0.998,0.004472135954999584
Independent Q-Learning,4439,5,30.18,1.6498484778912261,0.998,0.004472135954999584
Independent Q-Learning,4440,5,29.169999999999995,4.558590791023021,0.998,0.004472135954999584
Independent Q-Learning,4441,5,28.2,4.25029410747068,0.998,0.004472135954999584
Independent Q-Learning,4442,5,28.98,6.828762699054637,0.998,0.004472135954999584
Independent Q-Learning,4443,5,29.3,2.562469512013746,0.998,0.004472135954999584
Independent Q-Learning,4444,5,30.009999999999998,6.023640925553247,0.998,0.004472135954999584
Independent Q-Learning,4445,5,27.23,3.4428549199755727,0.998,0.004472135954999584
Independent Q-Learning,4446,5,35.3,6.970832088065238,0.998,0.004472135954999584
Independent Q-Learning,4447,5,30.03,3.333654151228046,0.998,0.004472135954999584
Independent Q-Learning,4448,5,32.499999999999986,5.408673589707551,0.998,0.004472135954999584
Independent Q-Learning,4449,5,34.27999999999999,4.775798362577702,0.998,0.004472135954999584
Independent Q-Learning,4450,5,29.359999999999996,4.36196629973226,0.998,0.004472135954999584
Independent Q-Learning,4451,5,33.11999999999999,5.297003870113737,0.998,0.004472135954999584
Independent Q-Learning,4452,5,28.369999999999997,2.8177118376441546,0.998,0.004472135954999584
Independent Q-Learning,4453,5,31.799999999999994,1.5190457530963288,0.998,0.004472135954999584
Independent Q-Learning,4454,5,29.729999999999997,2.763512257978959,0.998,0.004472135954999584
Independent Q-Learning,4455,5,30.669999999999995,5.434910302847689,0.998,0.004472135954999584
Independent Q-Learning,4456,5,27.98,4.962056025479756,0.998,0.004472135954999584
Independent Q-Learning,4457,5,27.8,4.3887640629225,0.998,0.004472135954999584
Independent Q-Learning,4458,5,27.7,2.7351873793215695,0.998,0.004472135954999584
Independent Q-Learning,4459,5,34.3,5.783057149985632,0.998,0.004472135954999584
Independent Q-Learning,4460,5,28.919999999999998,1.6017958671441253,1.0,0.0
Independent Q-Learning,4461,5,31.660000000000004,3.928485713350628,1.0,0.0
Independent Q-Learning,4462,5,29.879999999999995,4.995948358420048,1.0,0.0
Independent Q-Learning,4463,5,31.849999999999994,5.447705939200459,1.0,0.0
Independent Q-Learning,4464,5,32.959999999999994,6.326472160691128,1.0,0.0
Independent Q-Learning,4465,5,31.439999999999998,3.107330043622653,1.0,0.0
Independent Q-Learning,4466,5,33.97999999999999,4.033236913448048,1.0,0.0
Independent Q-Learning,4467,5,27.7,2.0588224789913285,1.0,0.0
Independent Q-Learning,4468,5,30.359999999999996,3.3461545092837444,1.0,0.0
Independent Q-Learning,4469,5,28.529999999999994,3.599930554885744,1.0,0.0
Independent Q-Learning,4470,5,30.799999999999994,2.5119713374160884,1.0,0.0
Independent Q-Learning,4471,5,27.669999999999995,2.4152122059976295,1.0,0.0
Independent Q-Learning,4472,5,29.839999999999996,4.855718278483623,1.0,0.0
Independent Q-Learning,4473,5,29.2,3.2465366161495823,1.0,0.0
Independent Q-Learning,4474,5,28.149999999999995,3.515501386715688,1.0,0.0
Independent Q-Learning,4475,5,32.61999999999999,5.40400314581699,1.0,0.0
Independent Q-Learning,4476,5,30.65999999999999,4.326863760277175,1.0,0.0
Independent Q-Learning,4477,5,27.65,3.1328900395641046,1.0,0.0
Independent Q-Learning,4478,5,33.19,3.9803266197637566,1.0,0.0
Independent Q-Learning,4479,5,30.959999999999997,5.556572684668127,1.0,0.0
Independent Q-Learning,4480,5,28.49,1.6463596204960786,1.0,0.0
Independent Q-Learning,4481,5,29.509999999999998,4.578400375677074,1.0,0.0
Independent Q-Learning,4482,5,33.11999999999999,4.436299133286661,1.0,0.0
Independent Q-Learning,4483,5,30.809999999999995,5.838492956234505,1.0,0.0
Independent Q-Learning,4484,5,30.759999999999998,4.204670022724728,1.0,0.0
Independent Q-Learning,4485,5,31.459999999999997,8.703978975158424,1.0,0.0
Independent Q-Learning,4486,5,28.51,3.121377900863654,1.0,0.0
Independent Q-Learning,4487,5,28.32,2.7257109164399633,1.0,0.0
Independent Q-Learning,4488,5,33.769999999999996,7.6983439777656,1.0,0.0
Independent Q-Learning,4489,5,28.03,5.566596805948853,1.0,0.0
Independent Q-Learning,4490,5,29.869999999999994,2.86434983896869,1.0,0.0
Independent Q-Learning,4491,5,26.29,1.8321435533276307,1.0,0.0
Independent Q-Learning,4492,5,31.28,5.348317492445636,1.0,0.0
Independent Q-Learning,4493,5,29.189999999999998,3.3206550558587047,1.0,0.0
Independent Q-Learning,4494,5,28.49,4.011919739974865,1.0,0.0
Independent Q-Learning,4495,5,31.729999999999997,5.919100438411224,1.0,0.0
Independent Q-Learning,4496,5,32.239999999999995,4.823302810315768,1.0,0.0
Independent Q-Learning,4497,5,31.6,5.310014124274998,1.0,0.0
Independent Q-Learning,4498,5,29.479999999999997,4.858832164213941,1.0,0.0
Independent Q-Learning,4499,5,31.479999999999997,6.708539334311154,1.0,0.0
Independent Q-Learning,4500,5,32.05,4.270392253646022,1.0,0.0
Independent Q-Learning,4501,5,31.059999999999995,5.12315820563839,1.0,0.0
Independent Q-Learning,4502,5,29.629999999999995,2.452957398733208,1.0,0.0
Independent Q-Learning,4503,5,32.959999999999994,5.018515716823045,1.0,0.0
Independent Q-Learning,4504,5,26.860000000000003,3.3772029847197507,1.0,0.0
Independent Q-Learning,4505,5,37.09999999999999,6.381320396281634,1.0,0.0
Independent Q-Learning,4506,5,31.22,4.132735171771835,1.0,0.0
Independent Q-Learning,4507,5,32.53,3.6103323946694976,1.0,0.0
Independent Q-Learning,4508,5,29.169999999999998,3.5051034221546136,1.0,0.0
Independent Q-Learning,4509,5,24.830000000000002,3.6234651923262624,1.0,0.0
Independent Q-Learning,4510,5,28.369999999999997,3.3739072304970086,1.0,0.0
Independent Q-Learning,4511,5,28.2,3.6174922252853574,1.0,0.0
Independent Q-Learning,4512,5,29.29,5.837208236820057,1.0,0.0
Independent Q-Learning,4513,5,28.74,6.406578650106464,1.0,0.0
Independent Q-Learning,4514,5,32.069999999999986,5.142786209828277,1.0,0.0
Independent Q-Learning,4515,5,32.14999999999999,6.924323071607788,1.0,0.0
Independent Q-Learning,4516,5,31.35,4.933051793768235,1.0,0.0
Independent Q-Learning,4517,5,30.03,7.9716372220516885,1.0,0.0
Independent Q-Learning,4518,5,29.669999999999998,3.2478069523911035,1.0,0.0
Independent Q-Learning,4519,5,29.819999999999993,3.510448689270352,1.0,0.0
Independent Q-Learning,4520,5,30.159999999999997,6.647875600520813,1.0,0.0
Independent Q-Learning,4521,5,30.29,4.516968009627695,1.0,0.0
Independent Q-Learning,4522,5,28.229999999999997,4.5989944553130275,1.0,0.0
Independent Q-Learning,4523,5,28.729999999999997,4.666315462975037,1.0,0.0
Independent Q-Learning,4524,5,31.560000000000002,4.123014673755112,1.0,0.0
Independent Q-Learning,4525,5,29.979999999999997,3.886772439955803,1.0,0.0
Independent Q-Learning,4526,5,32.91999999999999,2.560663976393613,1.0,0.0
Independent Q-Learning,4527,5,29.939999999999998,3.6666401514192786,1.0,0.0
Independent Q-Learning,4528,5,28.809999999999995,7.86824313299989,1.0,0.0
Independent Q-Learning,4529,5,32.089999999999996,6.421292704744111,1.0,0.0
Independent Q-Learning,4530,5,30.72,2.399114419947492,1.0,0.0
Independent Q-Learning,4531,5,31.959999999999997,5.766649807297122,1.0,0.0
Independent Q-Learning,4532,5,27.560000000000002,5.215170179390118,1.0,0.0
Independent Q-Learning,4533,5,26.8,3.3915335764223205,1.0,0.0
Independent Q-Learning,4534,5,30.359999999999996,3.292301626522086,1.0,0.0
Independent Q-Learning,4535,5,28.82,4.871421763715391,1.0,0.0
Independent Q-Learning,4536,5,31.699999999999996,7.650735258783945,1.0,0.0
Independent Q-Learning,4537,5,34.8,10.727068565083375,1.0,0.0
Independent Q-Learning,4538,5,30.130000000000003,3.2879704986511014,1.0,0.0
Independent Q-Learning,4539,5,30.96999999999999,3.582527041070309,1.0,0.0
Independent Q-Learning,4540,5,29.189999999999998,3.833960093689021,1.0,0.0
Independent Q-Learning,4541,5,32.089999999999996,3.2734538334914673,1.0,0.0
Independent Q-Learning,4542,5,31.119999999999994,2.8492542884060006,1.0,0.0
Independent Q-Learning,4543,5,26.75,4.048765243873742,1.0,0.0
Independent Q-Learning,4544,5,32.489999999999995,5.5075402858263285,1.0,0.0
Independent Q-Learning,4545,5,28.01,4.144635086470218,1.0,0.0
Independent Q-Learning,4546,5,30.659999999999997,6.105980674715567,1.0,0.0
Independent Q-Learning,4547,5,35.28999999999999,8.053834490477186,1.0,0.0
Independent Q-Learning,4548,5,27.47,3.575017482474735,1.0,0.0
Independent Q-Learning,4549,5,31.099999999999987,2.919332115398991,1.0,0.0
Independent Q-Learning,4550,5,30.04,4.8490205196513605,1.0,0.0
Independent Q-Learning,4551,5,27.609999999999996,6.027271356094728,1.0,0.0
Independent Q-Learning,4552,5,31.319999999999993,2.893224844356207,1.0,0.0
Independent Q-Learning,4553,5,30.4,5.082937143030589,1.0,0.0
Independent Q-Learning,4554,5,27.75,1.2850097275896404,1.0,0.0
Independent Q-Learning,4555,5,29.839999999999993,1.7282216293056762,1.0,0.0
Independent Q-Learning,4556,5,28.699999999999996,3.604164258188014,1.0,0.0
Independent Q-Learning,4557,5,34.73999999999999,3.232916639816123,1.0,0.0
Independent Q-Learning,4558,5,28.630000000000003,3.2281186471379875,1.0,0.0
Independent Q-Learning,4559,5,30.889999999999997,5.245760192765198,1.0,0.0
Independent Q-Learning,4560,5,27.520000000000003,2.3459006799095317,1.0,0.0
Independent Q-Learning,4561,5,31.459999999999997,5.296744283047836,1.0,0.0
Independent Q-Learning,4562,5,32.02999999999999,5.960872419369491,1.0,0.0
Independent Q-Learning,4563,5,28.7,2.448724157597175,1.0,0.0
Independent Q-Learning,4564,5,29.85,5.645573487255301,1.0,0.0
Independent Q-Learning,4565,5,33.510000000000005,2.0905740838343894,1.0,0.0
Independent Q-Learning,4566,5,30.019999999999992,6.107843318226158,1.0,0.0
Independent Q-Learning,4567,5,34.60999999999999,6.917857327236511,1.0,0.0
Independent Q-Learning,4568,5,26.589999999999986,10.53241425315205,0.998,0.004472135954999584
Independent Q-Learning,4569,5,33.98,4.414408227611028,0.998,0.004472135954999584
Independent Q-Learning,4570,5,27.49,3.5467238403912957,0.998,0.004472135954999584
Independent Q-Learning,4571,5,28.76,6.559573156844886,0.998,0.004472135954999584
Independent Q-Learning,4572,5,31.329999999999995,3.054013752424828,0.998,0.004472135954999584
Independent Q-Learning,4573,5,32.58,7.305614279442892,0.998,0.004472135954999584
Independent Q-Learning,4574,5,26.089999999999996,2.9530492715158005,0.998,0.004472135954999584
Independent Q-Learning,4575,5,32.14999999999999,6.930007215003451,0.998,0.004472135954999584
Independent Q-Learning,4576,5,29.189999999999998,2.1027957580326238,0.998,0.004472135954999584
Independent Q-Learning,4577,5,28.46,2.161133961604416,0.998,0.004472135954999584
Independent Q-Learning,4578,5,30.03,2.970605998782062,0.998,0.004472135954999584
Independent Q-Learning,4579,5,31.49,4.866389832308956,0.998,0.004472135954999584
Independent Q-Learning,4580,5,30.99,5.683242912281683,0.998,0.004472135954999584
Independent Q-Learning,4581,5,30.359999999999996,5.488897885732615,0.998,0.004472135954999584
Independent Q-Learning,4582,5,27.01,4.0945695744485775,0.998,0.004472135954999584
Independent Q-Learning,4583,5,28.519999999999992,4.6032054049325115,0.998,0.004472135954999584
Independent Q-Learning,4584,5,30.929999999999996,6.415567005339426,0.998,0.004472135954999584
Independent Q-Learning,4585,5,30.309999999999995,4.206156202520295,0.998,0.004472135954999584
Independent Q-Learning,4586,5,27.65,6.420961765966216,0.998,0.004472135954999584
Independent Q-Learning,4587,5,28.389999999999997,3.312929217475071,0.998,0.004472135954999584
Independent Q-Learning,4588,5,31.93999999999999,2.9770791054320305,0.998,0.004472135954999584
Independent Q-Learning,4589,5,28.47,2.779073586647174,0.998,0.004472135954999584
Independent Q-Learning,4590,5,30.3,4.289084984002993,0.998,0.004472135954999584
Independent Q-Learning,4591,5,28.51,3.719274122728788,0.998,0.004472135954999584
Independent Q-Learning,4592,5,28.25,3.828511460084712,0.998,0.004472135954999584
Independent Q-Learning,4593,5,26.3,4.506384359994162,0.998,0.004472135954999584
Independent Q-Learning,4594,5,33.21999999999999,4.687429999477321,0.998,0.004472135954999584
Independent Q-Learning,4595,5,32.769999999999996,2.1463923220138463,0.998,0.004472135954999584
Independent Q-Learning,4596,5,32.519999999999996,6.047065403979022,0.998,0.004472135954999584
Independent Q-Learning,4597,5,26.71,3.6712395726784166,0.998,0.004472135954999584
Independent Q-Learning,4598,5,27.2,2.9308701779505673,0.998,0.004472135954999584
Independent Q-Learning,4599,5,26.869999999999997,4.439960585410637,0.998,0.004472135954999584
Independent Q-Learning,4600,5,31.689999999999987,1.723513852569793,0.998,0.004472135954999584
Independent Q-Learning,4601,5,30.95,2.8731515797117266,0.998,0.004472135954999584
Independent Q-Learning,4602,5,28.77,7.77484726538084,0.998,0.004472135954999584
Independent Q-Learning,4603,5,32.109999999999985,2.54125953023299,0.998,0.004472135954999584
Independent Q-Learning,4604,5,33.74999999999999,5.756843753307882,0.998,0.004472135954999584
Independent Q-Learning,4605,5,27.939999999999998,5.39483549332136,0.998,0.004472135954999584
Independent Q-Learning,4606,5,28.05,2.428476888916177,0.998,0.004472135954999584
Independent Q-Learning,4607,5,28.529999999999994,4.391839022550801,0.998,0.004472135954999584
Independent Q-Learning,4608,5,32.46999999999999,6.706862157521947,0.998,0.004472135954999584
Independent Q-Learning,4609,5,28.619999999999997,4.6514245129852405,0.998,0.004472135954999584
Independent Q-Learning,4610,5,25.79,3.5800488823478354,0.998,0.004472135954999584
Independent Q-Learning,4611,5,32.39,4.538501955491478,0.998,0.004472135954999584
Independent Q-Learning,4612,5,27.21999999999999,6.40113271226272,0.998,0.004472135954999584
Independent Q-Learning,4613,5,28.6,2.4075402385006988,0.998,0.004472135954999584
Independent Q-Learning,4614,5,31.26999999999999,5.129644237176678,0.998,0.004472135954999584
Independent Q-Learning,4615,5,25.71,2.079483108851814,0.998,0.004472135954999584
Independent Q-Learning,4616,5,32.959999999999994,4.405167420200958,0.998,0.004472135954999584
Independent Q-Learning,4617,5,30.529999999999994,2.0507925297308747,0.998,0.004472135954999584
Independent Q-Learning,4618,5,30.360000000000003,5.194877284402392,0.998,0.004472135954999584
Independent Q-Learning,4619,5,32.14999999999999,6.856475041885585,0.998,0.004472135954999584
Independent Q-Learning,4620,5,29.779999999999994,2.7204319509960055,0.998,0.004472135954999584
Independent Q-Learning,4621,5,32.9,9.344048908262407,0.998,0.004472135954999584
Independent Q-Learning,4622,5,20.279999999999998,9.800675997093263,0.9960000000000001,0.005477225575051666
Independent Q-Learning,4623,5,28.389999999999997,2.53066196873466,0.9960000000000001,0.005477225575051666
Independent Q-Learning,4624,5,30.54,2.2291814641253396,0.9960000000000001,0.005477225575051666
Independent Q-Learning,4625,5,29.429999999999996,4.8908843781058655,0.9960000000000001,0.005477225575051666
Independent Q-Learning,4626,5,28.079999999999995,2.0222512207933008,0.9960000000000001,0.005477225575051666
Independent Q-Learning,4627,5,29.25,4.861455543353242,0.9960000000000001,0.005477225575051666
Independent Q-Learning,4628,5,28.629999999999995,7.158700999483074,0.9960000000000001,0.005477225575051666
Independent Q-Learning,4629,5,31.909999999999997,3.156620027814558,0.9960000000000001,0.005477225575051666
Independent Q-Learning,4630,5,29.189999999999998,3.6821189551669833,0.9960000000000001,0.005477225575051666
Independent Q-Learning,4631,5,32.099999999999994,1.7517848041354789,0.9960000000000001,0.005477225575051666
Independent Q-Learning,4632,5,29.6,5.853204250664753,0.9960000000000001,0.005477225575051666
Independent Q-Learning,4633,5,27.589999999999996,4.782833887978963,0.9960000000000001,0.005477225575051666
Independent Q-Learning,4634,5,28.659999999999997,3.15919293491233,0.9960000000000001,0.005477225575051666
Independent Q-Learning,4635,5,29.839999999999996,3.283938184558288,0.9960000000000001,0.005477225575051666
Independent Q-Learning,4636,5,31.339999999999993,4.118312761313774,0.9960000000000001,0.005477225575051666
Independent Q-Learning,4637,5,29.779999999999994,5.705326458669997,0.9960000000000001,0.005477225575051666
Independent Q-Learning,4638,5,32.81999999999999,3.3796449517663785,0.9960000000000001,0.005477225575051666
Independent Q-Learning,4639,5,27.580000000000002,2.3023357704731082,0.9960000000000001,0.005477225575051666
Independent Q-Learning,4640,5,36.239999999999995,3.036321787953313,0.9960000000000001,0.005477225575051666
Independent Q-Learning,4641,5,33.629999999999995,4.089712703846075,0.9960000000000001,0.005477225575051666
Independent Q-Learning,4642,5,28.43,2.8232516713888574,0.9960000000000001,0.005477225575051666
Independent Q-Learning,4643,5,29.729999999999997,7.897198870485654,0.9960000000000001,0.005477225575051666
Independent Q-Learning,4644,5,30.229999999999997,4.28669453075443,0.9960000000000001,0.005477225575051666
Independent Q-Learning,4645,5,31.119999999999994,4.844145951558426,0.9960000000000001,0.005477225575051666
Independent Q-Learning,4646,5,32.169999999999995,8.465636420258067,0.9960000000000001,0.005477225575051666
Independent Q-Learning,4647,5,28.639999999999997,5.559721216032325,0.9960000000000001,0.005477225575051666
Independent Q-Learning,4648,5,29.55,3.780211634287155,0.9960000000000001,0.005477225575051666
Independent Q-Learning,4649,5,29.8,2.1803096110415128,0.9960000000000001,0.005477225575051666
Independent Q-Learning,4650,5,25.919999999999998,3.3418931760306188,0.9960000000000001,0.005477225575051666
Independent Q-Learning,4651,5,34.61999999999999,9.37960553541565,0.9960000000000001,0.005477225575051666
Independent Q-Learning,4652,5,32.49999999999999,2.6369963974188475,0.9960000000000001,0.005477225575051666
Independent Q-Learning,4653,5,29.45,7.410634250858692,0.9960000000000001,0.005477225575051666
Independent Q-Learning,4654,5,33.379999999999995,4.823717446119739,0.9960000000000001,0.005477225575051666
Independent Q-Learning,4655,5,28.330000000000002,4.879113649014538,0.9960000000000001,0.005477225575051666
Independent Q-Learning,4656,5,29.04,2.26533661957776,0.9960000000000001,0.005477225575051666
Independent Q-Learning,4657,5,30.559999999999995,7.41345061358069,0.9960000000000001,0.005477225575051666
Independent Q-Learning,4658,5,28.49,5.298985752009528,0.9960000000000001,0.005477225575051666
Independent Q-Learning,4659,5,29.889999999999997,3.440821122929811,0.9960000000000001,0.005477225575051666
Independent Q-Learning,4660,5,33.269999999999996,6.104567961780746,0.9960000000000001,0.005477225575051666
Independent Q-Learning,4661,5,30.98999999999999,3.4787569619046304,0.9960000000000001,0.005477225575051666
Independent Q-Learning,4662,5,35.49999999999999,5.669435598011492,0.9960000000000001,0.005477225575051666
Independent Q-Learning,4663,5,30.429999999999996,3.522889439082638,0.9960000000000001,0.005477225575051666
Independent Q-Learning,4664,5,26.8,4.485253616017715,0.9960000000000001,0.005477225575051666
Independent Q-Learning,4665,5,31.15,2.329967810936449,0.9960000000000001,0.005477225575051666
Independent Q-Learning,4666,5,28.79,1.4609072523606672,0.9960000000000001,0.005477225575051666
Independent Q-Learning,4667,5,31.23,3.4297594667848044,0.9960000000000001,0.005477225575051666
Independent Q-Learning,4668,5,30.2,4.464582847254598,0.998,0.004472135954999584
Independent Q-Learning,4669,5,31.359999999999996,3.7592219939769413,0.998,0.004472135954999584
Independent Q-Learning,4670,5,30.929999999999996,5.109133977495595,0.998,0.004472135954999584
Independent Q-Learning,4671,5,28.179999999999996,5.298419575684804,0.998,0.004472135954999584
Independent Q-Learning,4672,5,33.33,3.247037110967469,0.998,0.004472135954999584
Independent Q-Learning,4673,5,33.599999999999994,6.275746967493182,0.998,0.004472135954999584
Independent Q-Learning,4674,5,32.339999999999996,4.771844507106235,0.998,0.004472135954999584
Independent Q-Learning,4675,5,29.089999999999996,5.697850471888496,0.998,0.004472135954999584
Independent Q-Learning,4676,5,31.94999999999999,3.4476441231658432,0.998,0.004472135954999584
Independent Q-Learning,4677,5,29.880000000000003,2.301792779552492,0.998,0.004472135954999584
Independent Q-Learning,4678,5,27.869999999999997,2.817046325497683,0.998,0.004472135954999584
Independent Q-Learning,4679,5,32.76,5.49356441666064,0.998,0.004472135954999584
Independent Q-Learning,4680,5,30.899999999999995,1.8567444627627103,0.998,0.004472135954999584
Independent Q-Learning,4681,5,26.949999999999996,4.786178015912059,0.998,0.004472135954999584
Independent Q-Learning,4682,5,29.390000000000004,1.3291914835718739,0.998,0.004472135954999584
Independent Q-Learning,4683,5,29.95999999999999,5.374406944026469,0.998,0.004472135954999584
Independent Q-Learning,4684,5,29.089999999999996,4.113909332982433,0.998,0.004472135954999584
Independent Q-Learning,4685,5,30.2,3.915514014787839,0.998,0.004472135954999584
Independent Q-Learning,4686,5,29.1,5.945481477559237,0.998,0.004472135954999584
Independent Q-Learning,4687,5,33.33,8.253756720427369,0.998,0.004472135954999584
Independent Q-Learning,4688,5,33.92999999999999,4.776714351936902,0.998,0.004472135954999584
Independent Q-Learning,4689,5,29.32,4.153402219867464,0.998,0.004472135954999584
Independent Q-Learning,4690,5,32.839999999999996,7.290353215036975,0.998,0.004472135954999584
Independent Q-Learning,4691,5,29.619999999999997,3.791536627806726,0.998,0.004472135954999584
Independent Q-Learning,4692,5,28.659999999999997,4.214024204961331,0.998,0.004472135954999584
Independent Q-Learning,4693,5,29.78,4.083442175420139,0.998,0.004472135954999584
Independent Q-Learning,4694,5,30.639999999999993,3.0625561219347426,0.998,0.004472135954999584
Independent Q-Learning,4695,5,30.749999999999993,6.5112402812367405,0.998,0.004472135954999584
Independent Q-Learning,4696,5,29.880000000000003,3.690121949204385,0.998,0.004472135954999584
Independent Q-Learning,4697,5,30.609999999999996,2.776328510821432,0.998,0.004472135954999584
Independent Q-Learning,4698,5,29.99,5.260513282941124,0.998,0.004472135954999584
Independent Q-Learning,4699,5,31.23999999999999,5.277120426899496,0.998,0.004472135954999584
Independent Q-Learning,4700,5,29.589999999999996,3.5109471656520226,0.998,0.004472135954999584
Independent Q-Learning,4701,5,35.019999999999996,3.8882193868144808,0.998,0.004472135954999584
Independent Q-Learning,4702,5,30.349999999999994,2.2505554869853723,0.998,0.004472135954999584
Independent Q-Learning,4703,5,30.25,2.532785028382787,0.998,0.004472135954999584
Independent Q-Learning,4704,5,28.089999999999996,2.9067593639653055,0.998,0.004472135954999584
Independent Q-Learning,4705,5,30.799999999999994,6.215504806530194,0.998,0.004472135954999584
Independent Q-Learning,4706,5,31.349999999999994,6.6539461975582554,0.998,0.004472135954999584
Independent Q-Learning,4707,5,29.589999999999993,5.755801421174968,0.998,0.004472135954999584
Independent Q-Learning,4708,5,32.83999999999999,2.2117300920320213,0.998,0.004472135954999584
Independent Q-Learning,4709,5,28.1,4.9322915566701795,0.998,0.004472135954999584
Independent Q-Learning,4710,5,33.209999999999994,2.966352979670486,0.998,0.004472135954999584
Independent Q-Learning,4711,5,27.54,2.4742170478759533,0.998,0.004472135954999584
Independent Q-Learning,4712,5,31.55,6.9847154559079865,0.998,0.004472135954999584
Independent Q-Learning,4713,5,31.839999999999996,3.6256723514404867,0.998,0.004472135954999584
Independent Q-Learning,4714,5,31.209999999999997,2.233662911005148,0.998,0.004472135954999584
Independent Q-Learning,4715,5,31.309999999999995,2.730247241551576,0.998,0.004472135954999584
Independent Q-Learning,4716,5,30.82,5.473641383941769,0.998,0.004472135954999584
Independent Q-Learning,4717,5,25.05,3.824591481452627,0.998,0.004472135954999584
Independent Q-Learning,4718,5,30.35,4.990490957811663,0.998,0.004472135954999584
Independent Q-Learning,4719,5,32.39,5.08175658606352,0.998,0.004472135954999584
Independent Q-Learning,4720,5,27.54,4.044502441586594,0.998,0.004472135954999584
Independent Q-Learning,4721,5,29.93,6.200262091234528,0.998,0.004472135954999584
Independent Q-Learning,4722,5,28.97,1.2260709604260267,1.0,0.0
Independent Q-Learning,4723,5,28.379999999999995,3.085976344692226,1.0,0.0
Independent Q-Learning,4724,5,29.109999999999996,5.461844926396205,1.0,0.0
Independent Q-Learning,4725,5,31.279999999999983,6.460708165518682,1.0,0.0
Independent Q-Learning,4726,5,27.630000000000003,3.8414840882138246,1.0,0.0
Independent Q-Learning,4727,5,30.47,4.33944120826633,1.0,0.0
Independent Q-Learning,4728,5,31.05,9.597721083673973,1.0,0.0
Independent Q-Learning,4729,5,29.959999999999997,5.602722552473923,1.0,0.0
Independent Q-Learning,4730,5,31.589999999999996,2.346380190847166,1.0,0.0
Independent Q-Learning,4731,5,29.73,3.6307024113799247,1.0,0.0
Independent Q-Learning,4732,5,29.35,6.010823570859486,1.0,0.0
Independent Q-Learning,4733,5,30.209999999999997,5.430860889398654,1.0,0.0
Independent Q-Learning,4734,5,28.95,2.913974948416681,1.0,0.0
Independent Q-Learning,4735,5,30.829999999999995,4.664707922260511,1.0,0.0
Independent Q-Learning,4736,5,27.03,2.64471170451526,1.0,0.0
Independent Q-Learning,4737,5,29.669999999999995,4.650618238471091,1.0,0.0
Independent Q-Learning,4738,5,27.85,3.3561510693054317,1.0,0.0
Independent Q-Learning,4739,5,29.279999999999994,6.270426620254791,1.0,0.0
Independent Q-Learning,4740,5,32.94,6.725455374916998,1.0,0.0
Independent Q-Learning,4741,5,30.879999999999995,8.740752255956,1.0,0.0
Independent Q-Learning,4742,5,30.8,7.87630941494809,1.0,0.0
Independent Q-Learning,4743,5,30.519999999999992,4.294997089638124,1.0,0.0
Independent Q-Learning,4744,5,30.51,2.75440556200426,1.0,0.0
Independent Q-Learning,4745,5,32.15,4.4012782234255505,1.0,0.0
Independent Q-Learning,4746,5,27.54,6.052829916658816,1.0,0.0
Independent Q-Learning,4747,5,31.519999999999992,4.330502280336535,1.0,0.0
Independent Q-Learning,4748,5,30.65999999999999,8.174304251739093,1.0,0.0
Independent Q-Learning,4749,5,27.860000000000003,1.168546105209374,1.0,0.0
Independent Q-Learning,4750,5,30.77,8.391856171312748,1.0,0.0
Independent Q-Learning,4751,5,31.409999999999997,2.7942798714516743,1.0,0.0
Independent Q-Learning,4752,5,28.51,3.368864793962498,1.0,0.0
Independent Q-Learning,4753,5,30.169999999999995,2.860201041884981,1.0,0.0
Independent Q-Learning,4754,5,27.419999999999998,2.3781820788156653,1.0,0.0
Independent Q-Learning,4755,5,32.25999999999999,9.160199233641148,1.0,0.0
Independent Q-Learning,4756,5,28.119999999999997,3.3868495685518702,1.0,0.0
Independent Q-Learning,4757,5,32.29,5.298160057982393,1.0,0.0
Independent Q-Learning,4758,5,31.229999999999997,6.974740138528455,1.0,0.0
Independent Q-Learning,4759,5,29.279999999999994,7.974067343583193,1.0,0.0
Independent Q-Learning,4760,5,32.92999999999999,6.965055635097246,1.0,0.0
Independent Q-Learning,4761,5,29.45,5.68583766915658,1.0,0.0
Independent Q-Learning,4762,5,30.559999999999995,5.7721746335328366,1.0,0.0
Independent Q-Learning,4763,5,35.139999999999986,3.3474617249492127,1.0,0.0
Independent Q-Learning,4764,5,28.4,3.3105890714493698,1.0,0.0
Independent Q-Learning,4765,5,29.580000000000002,3.3874031351464464,1.0,0.0
Independent Q-Learning,4766,5,29.439999999999998,6.120600460739121,1.0,0.0
Independent Q-Learning,4767,5,34.26,6.603351421816043,1.0,0.0
Independent Q-Learning,4768,5,30.649999999999995,7.661266213883967,1.0,0.0
Independent Q-Learning,4769,5,31.32,6.615001889644475,1.0,0.0
Independent Q-Learning,4770,5,29.189999999999998,6.322123851997835,1.0,0.0
Independent Q-Learning,4771,5,31.47999999999999,8.212383941341264,1.0,0.0
Independent Q-Learning,4772,5,28.07,3.6058286148956107,1.0,0.0
Independent Q-Learning,4773,5,31.27999999999999,8.06896833554326,1.0,0.0
Independent Q-Learning,4774,5,29.379999999999995,5.250666624343993,1.0,0.0
Independent Q-Learning,4775,5,27.939999999999998,3.913502267790315,1.0,0.0
Independent Q-Learning,4776,5,29.129999999999995,2.9080921580995316,1.0,0.0
Independent Q-Learning,4777,5,29.23999999999999,6.0612911165856325,1.0,0.0
Independent Q-Learning,4778,5,31.4,4.626418701328274,1.0,0.0
Independent Q-Learning,4779,5,33.88999999999999,6.109152969111178,1.0,0.0
Independent Q-Learning,4780,5,30.22999999999999,6.133066117367388,1.0,0.0
Independent Q-Learning,4781,5,30.649999999999995,3.5965261016708827,1.0,0.0
Independent Q-Learning,4782,5,28.379999999999995,4.02253029820783,1.0,0.0
Independent Q-Learning,4783,5,32.11,4.560893552803003,1.0,0.0
Independent Q-Learning,4784,5,34.71999999999999,4.587564713440017,1.0,0.0
Independent Q-Learning,4785,5,34.98,5.831230573386715,1.0,0.0
Independent Q-Learning,4786,5,29.7,4.052005676205301,1.0,0.0
Independent Q-Learning,4787,5,31.849999999999994,7.799439082395599,1.0,0.0
Independent Q-Learning,4788,5,27.490000000000002,3.279939023823462,1.0,0.0
Independent Q-Learning,4789,5,31.939999999999998,3.371646482061841,1.0,0.0
Independent Q-Learning,4790,5,28.359999999999996,5.5405775872195795,1.0,0.0
Independent Q-Learning,4791,5,30.929999999999996,7.045264366934707,1.0,0.0
Independent Q-Learning,4792,5,32.12,3.717626931256009,1.0,0.0
Independent Q-Learning,4793,5,26.889999999999997,1.645220349983552,1.0,0.0
Independent Q-Learning,4794,5,29.109999999999996,4.48349751867891,1.0,0.0
Independent Q-Learning,4795,5,31.47,5.516520642578973,1.0,0.0
Independent Q-Learning,4796,5,28.97,5.454424809271823,1.0,0.0
Independent Q-Learning,4797,5,31.95999999999999,4.414379911153995,1.0,0.0
Independent Q-Learning,4798,5,27.79,5.34852783483455,1.0,0.0
Independent Q-Learning,4799,5,32.259999999999984,3.697701989073743,1.0,0.0
Independent Q-Learning,4800,5,31.74,4.827706494806824,1.0,0.0
Independent Q-Learning,4801,5,30.369999999999994,4.236537501309288,1.0,0.0
Independent Q-Learning,4802,5,30.899999999999995,4.738802591372632,1.0,0.0
Independent Q-Learning,4803,5,30.109999999999996,6.641385397641061,1.0,0.0
Independent Q-Learning,4804,5,29.649999999999995,2.165929361729043,1.0,0.0
Independent Q-Learning,4805,5,25.23,2.1597453553602115,1.0,0.0
Independent Q-Learning,4806,5,29.28,5.835623360019046,1.0,0.0
Independent Q-Learning,4807,5,31.209999999999997,6.961357626210558,1.0,0.0
Independent Q-Learning,4808,5,29.839999999999996,3.106525390206876,1.0,0.0
Independent Q-Learning,4809,5,29.75,4.228031456836619,1.0,0.0
Independent Q-Learning,4810,5,27.439999999999998,3.9592297230648272,1.0,0.0
Independent Q-Learning,4811,5,28.339999999999996,7.165141310539517,1.0,0.0
Independent Q-Learning,4812,5,28.919999999999998,3.2420286858693848,1.0,0.0
Independent Q-Learning,4813,5,29.509999999999998,5.390663224502153,1.0,0.0
Independent Q-Learning,4814,5,29.759999999999998,2.8542512152927237,1.0,0.0
Independent Q-Learning,4815,5,28.97,4.08451343491486,1.0,0.0
Independent Q-Learning,4816,5,33.61999999999999,4.063342220389511,1.0,0.0
Independent Q-Learning,4817,5,28.659999999999997,1.6641063667926983,1.0,0.0
Independent Q-Learning,4818,5,29.209999999999997,6.787064903181635,1.0,0.0
Independent Q-Learning,4819,5,30.2,2.6760511953249284,1.0,0.0
Independent Q-Learning,4820,5,30.22,4.00680670858977,1.0,0.0
Independent Q-Learning,4821,5,27.96,2.813227683640269,1.0,0.0
Independent Q-Learning,4822,5,29.99999999999999,3.957903485432644,1.0,0.0
Independent Q-Learning,4823,5,31.02,2.6754906092154354,1.0,0.0
Independent Q-Learning,4824,5,29.729999999999997,7.149353117590428,1.0,0.0
Independent Q-Learning,4825,5,30.839999999999996,4.704572244104658,1.0,0.0
Independent Q-Learning,4826,5,32.19,3.5294121323529213,1.0,0.0
Independent Q-Learning,4827,5,28.24,2.7003240546275147,1.0,0.0
Independent Q-Learning,4828,5,31.279999999999994,4.3232800048111555,1.0,0.0
Independent Q-Learning,4829,5,30.779999999999994,3.526613106083509,1.0,0.0
Independent Q-Learning,4830,5,29.209999999999997,3.1619614165893903,1.0,0.0
Independent Q-Learning,4831,5,31.580000000000002,2.3370922104187506,1.0,0.0
Independent Q-Learning,4832,5,30.809999999999995,5.934896797754779,1.0,0.0
Independent Q-Learning,4833,5,34.3,5.55574027470687,1.0,0.0
Independent Q-Learning,4834,5,31.329999999999995,5.628343450785493,1.0,0.0
Independent Q-Learning,4835,5,29.249999999999993,4.8272663071349164,1.0,0.0
Independent Q-Learning,4836,5,32.11999999999999,5.830158659933693,1.0,0.0
Independent Q-Learning,4837,5,32.15999999999999,5.466877536583376,1.0,0.0
Independent Q-Learning,4838,5,28.49,3.4920266322008455,1.0,0.0
Independent Q-Learning,4839,5,30.590000000000003,4.288560364504615,1.0,0.0
Independent Q-Learning,4840,5,33.07,6.4520926837732215,1.0,0.0
Independent Q-Learning,4841,5,28.21,6.264323586788917,1.0,0.0
Independent Q-Learning,4842,5,27.35,3.476348659153738,1.0,0.0
Independent Q-Learning,4843,5,31.29,5.443046022219539,1.0,0.0
Independent Q-Learning,4844,5,30.22,4.288152282743697,1.0,0.0
Independent Q-Learning,4845,5,31.360000000000003,6.066650641004471,1.0,0.0
Independent Q-Learning,4846,5,31.859999999999992,6.69051567519275,1.0,0.0
Independent Q-Learning,4847,5,28.409999999999997,3.7368770383837866,1.0,0.0
Independent Q-Learning,4848,5,27.71999999999999,3.9808290593794604,1.0,0.0
Independent Q-Learning,4849,5,32.8,3.437477272652138,1.0,0.0
Independent Q-Learning,4850,5,30.47,3.2308280672298197,1.0,0.0
Independent Q-Learning,4851,5,31.249999999999993,3.815593007646381,1.0,0.0
Independent Q-Learning,4852,5,28.689999999999998,3.900544833737971,1.0,0.0
Independent Q-Learning,4853,5,29.18,2.7112266596505696,1.0,0.0
Independent Q-Learning,4854,5,25.09,3.647499143248699,1.0,0.0
Independent Q-Learning,4855,5,29.409999999999997,4.629173792373751,1.0,0.0
Independent Q-Learning,4856,5,32.92999999999999,5.73024868570291,1.0,0.0
Independent Q-Learning,4857,5,29.329999999999995,6.575960005961105,1.0,0.0
Independent Q-Learning,4858,5,31.909999999999997,4.159687488261583,1.0,0.0
Independent Q-Learning,4859,5,32.44,3.4444520609234752,1.0,0.0
Independent Q-Learning,4860,5,34.64999999999999,7.548592584051671,1.0,0.0
Independent Q-Learning,4861,5,24.05,15.233720819287711,0.998,0.004472135954999584
Independent Q-Learning,4862,5,27.22,1.9743986426251408,0.998,0.004472135954999584
Independent Q-Learning,4863,5,30.189999999999998,4.017835238035527,0.998,0.004472135954999584
Independent Q-Learning,4864,5,30.139999999999997,6.02633802570018,0.998,0.004472135954999584
Independent Q-Learning,4865,5,31.249999999999993,6.399023362982816,0.998,0.004472135954999584
Independent Q-Learning,4866,5,34.33,6.21717379522239,0.998,0.004472135954999584
Independent Q-Learning,4867,5,28.559999999999995,4.714525426805964,0.998,0.004472135954999584
Independent Q-Learning,4868,5,30.04999999999999,4.274488273466182,0.998,0.004472135954999584
Independent Q-Learning,4869,5,27.029999999999994,5.540825750734266,0.998,0.004472135954999584
Independent Q-Learning,4870,5,31.299999999999994,4.484974916317809,0.998,0.004472135954999584
Independent Q-Learning,4871,5,31.879999999999995,2.740574757236151,0.998,0.004472135954999584
Independent Q-Learning,4872,5,28.119999999999997,4.06979729224933,0.998,0.004472135954999584
Independent Q-Learning,4873,5,29.5,4.002811511925084,0.998,0.004472135954999584
Independent Q-Learning,4874,5,32.5,4.9197306836858425,0.998,0.004472135954999584
Independent Q-Learning,4875,5,31.29,2.5496078129783015,0.998,0.004472135954999584
Independent Q-Learning,4876,5,30.099999999999994,5.576401169212981,0.998,0.004472135954999584
Independent Q-Learning,4877,5,30.139999999999997,3.766862089325804,0.998,0.004472135954999584
Independent Q-Learning,4878,5,31.359999999999996,5.7610111959620385,0.998,0.004472135954999584
Independent Q-Learning,4879,5,29.57,6.983247811727715,0.998,0.004472135954999584
Independent Q-Learning,4880,5,27.590000000000003,3.258335464619932,0.998,0.004472135954999584
Independent Q-Learning,4881,5,28.389999999999997,4.087389142227585,0.998,0.004472135954999584
Independent Q-Learning,4882,5,30.609999999999996,3.104110178456937,0.998,0.004472135954999584
Independent Q-Learning,4883,5,30.429999999999986,2.8654406292924515,0.998,0.004472135954999584
Independent Q-Learning,4884,5,28.579999999999995,2.4886241178611064,0.998,0.004472135954999584
Independent Q-Learning,4885,5,32.05999999999999,4.624310759453772,0.998,0.004472135954999584
Independent Q-Learning,4886,5,32.94,5.140209139714061,0.998,0.004472135954999584
Independent Q-Learning,4887,5,32.48,6.816395675135062,0.998,0.004472135954999584
Independent Q-Learning,4888,5,28.07,5.068111087969557,0.998,0.004472135954999584
Independent Q-Learning,4889,5,25.15,4.107614879708172,0.998,0.004472135954999584
Independent Q-Learning,4890,5,29.48,3.930744204346042,0.998,0.004472135954999584
Independent Q-Learning,4891,5,27.6,3.634384404545012,0.998,0.004472135954999584
Independent Q-Learning,4892,5,29.369999999999997,5.724574219974788,0.998,0.004472135954999584
Independent Q-Learning,4893,5,34.239999999999995,4.474706694298518,0.998,0.004472135954999584
Independent Q-Learning,4894,5,28.22,3.764239631054322,0.998,0.004472135954999584
Independent Q-Learning,4895,5,28.929999999999996,5.290274094978443,0.998,0.004472135954999584
Independent Q-Learning,4896,5,28.560000000000002,4.879216125567713,0.998,0.004472135954999584
Independent Q-Learning,4897,5,30.79,2.9732978323740107,0.998,0.004472135954999584
Independent Q-Learning,4898,5,28.709999999999997,3.3523126345852607,0.998,0.004472135954999584
Independent Q-Learning,4899,5,28.07,5.423398381089108,0.998,0.004472135954999584
Independent Q-Learning,4900,5,30.07,5.593925276583515,0.998,0.004472135954999584
Independent Q-Learning,4901,5,29.009999999999998,4.7057677375748135,0.998,0.004472135954999584
Independent Q-Learning,4902,5,29.389999999999997,5.252784975610554,0.998,0.004472135954999584
Independent Q-Learning,4903,5,32.64999999999999,4.399005569444068,0.998,0.004472135954999584
Independent Q-Learning,4904,5,29.689999999999998,5.769358716529938,0.998,0.004472135954999584
Independent Q-Learning,4905,5,29.29,3.5990276464623054,0.998,0.004472135954999584
Independent Q-Learning,4906,5,29.22,4.795649069729767,0.998,0.004472135954999584
Independent Q-Learning,4907,5,27.619999999999994,3.8656500100241793,0.998,0.004472135954999584
Independent Q-Learning,4908,5,29.439999999999998,2.4034870501003236,0.998,0.004472135954999584
Independent Q-Learning,4909,5,33.55,5.754020333644984,0.998,0.004472135954999584
Independent Q-Learning,4910,5,31.169999999999995,3.2822629388883433,0.998,0.004472135954999584
Independent Q-Learning,4911,5,32.08,4.852396315224049,0.998,0.004472135954999584
Independent Q-Learning,4912,5,26.0,2.123381736758608,0.998,0.004472135954999584
Independent Q-Learning,4913,5,33.489999999999995,6.285439523215533,0.998,0.004472135954999584
Independent Q-Learning,4914,5,29.639999999999997,5.991181018797543,0.998,0.004472135954999584
Independent Q-Learning,4915,5,28.829999999999995,4.510487778500231,0.998,0.004472135954999584
Independent Q-Learning,4916,5,29.859999999999996,1.5167399249706552,0.998,0.004472135954999584
Independent Q-Learning,4917,5,27.8,2.346007246365618,0.998,0.004472135954999584
Independent Q-Learning,4918,5,31.17999999999999,4.262129749315472,0.998,0.004472135954999584
Independent Q-Learning,4919,5,29.25,3.486402156952061,0.998,0.004472135954999584
Independent Q-Learning,4920,5,29.71,8.110209615046944,0.998,0.004472135954999584
Independent Q-Learning,4921,5,34.139999999999986,2.692907350801358,0.998,0.004472135954999584
Independent Q-Learning,4922,5,28.389999999999997,2.7409852243308412,0.998,0.004472135954999584
Independent Q-Learning,4923,5,32.58,4.267259073456871,0.998,0.004472135954999584
Independent Q-Learning,4924,5,32.56999999999999,3.632767540044363,0.998,0.004472135954999584
Independent Q-Learning,4925,5,27.99,6.080645524942227,0.998,0.004472135954999584
Independent Q-Learning,4926,5,30.539999999999992,4.213579238604631,0.998,0.004472135954999584
Independent Q-Learning,4927,5,27.97,3.516496836341531,0.998,0.004472135954999584
Independent Q-Learning,4928,5,30.459999999999997,5.1946366571686164,0.998,0.004472135954999584
Independent Q-Learning,4929,5,32.68999999999999,5.327452486883381,0.998,0.004472135954999584
Independent Q-Learning,4930,5,29.359999999999996,5.240395977404753,0.998,0.004472135954999584
Independent Q-Learning,4931,5,34.12999999999999,3.615694953947294,0.998,0.004472135954999584
Independent Q-Learning,4932,5,29.819999999999993,4.477527219347745,0.998,0.004472135954999584
Independent Q-Learning,4933,5,26.869999999999997,6.2281217072244175,0.998,0.004472135954999584
Independent Q-Learning,4934,5,33.019999999999996,6.029780261336219,0.998,0.004472135954999584
Independent Q-Learning,4935,5,28.809999999999995,3.9407169398473627,0.998,0.004472135954999584
Independent Q-Learning,4936,5,29.869999999999997,1.174521179034244,0.998,0.004472135954999584
Independent Q-Learning,4937,5,34.459999999999994,6.616966827784464,0.998,0.004472135954999584
Independent Q-Learning,4938,5,32.639999999999986,6.359775939449423,0.998,0.004472135954999584
Independent Q-Learning,4939,5,29.110000000000003,5.408373138014793,0.998,0.004472135954999584
Independent Q-Learning,4940,5,35.35999999999999,5.569941651399942,0.998,0.004472135954999584
Independent Q-Learning,4941,5,29.18,2.509880475241797,0.998,0.004472135954999584
Independent Q-Learning,4942,5,28.810000000000002,1.9037463066280607,0.998,0.004472135954999584
Independent Q-Learning,4943,5,29.209999999999997,4.604535807223128,0.998,0.004472135954999584
Independent Q-Learning,4944,5,30.829999999999995,5.235527671591465,0.998,0.004472135954999584
Independent Q-Learning,4945,5,27.169999999999998,4.545134761478474,0.998,0.004472135954999584
Independent Q-Learning,4946,5,27.29,5.141789571734726,0.998,0.004472135954999584
Independent Q-Learning,4947,5,30.4,5.594528577101021,0.998,0.004472135954999584
Independent Q-Learning,4948,5,30.119999999999997,2.584956479324166,0.998,0.004472135954999584
Independent Q-Learning,4949,5,33.34999999999999,4.532245580283566,0.998,0.004472135954999584
Independent Q-Learning,4950,5,26.27,4.320098378509452,0.998,0.004472135954999584
Independent Q-Learning,4951,5,28.419999999999998,2.9722886804615722,0.998,0.004472135954999584
Independent Q-Learning,4952,5,29.529999999999994,3.6596789476674005,0.998,0.004472135954999584
Independent Q-Learning,4953,5,28.889999999999997,6.036286109852637,0.998,0.004472135954999584
Independent Q-Learning,4954,5,30.369999999999987,8.771160128512062,0.998,0.004472135954999584
Independent Q-Learning,4955,5,29.189999999999998,1.4104077424631458,0.998,0.004472135954999584
Independent Q-Learning,4956,5,30.649999999999995,4.168782795972939,0.998,0.004472135954999584
Independent Q-Learning,4957,5,31.79,3.0992741085615503,0.998,0.004472135954999584
Independent Q-Learning,4958,5,30.789999999999992,3.8406379678381506,0.998,0.004472135954999584
Independent Q-Learning,4959,5,28.77,2.205844509479304,0.998,0.004472135954999584
Independent Q-Learning,4960,5,31.169999999999998,5.517200377002808,0.998,0.004472135954999584
Independent Q-Learning,4961,5,31.979999999999997,6.407183468576497,1.0,0.0
Independent Q-Learning,4962,5,29.72,4.005402601487146,1.0,0.0
Independent Q-Learning,4963,5,24.919999999999998,2.421672975444868,1.0,0.0
Independent Q-Learning,4964,5,29.609999999999992,4.556506337096431,1.0,0.0
Independent Q-Learning,4965,5,28.369999999999997,3.3702002907839166,1.0,0.0
Independent Q-Learning,4966,5,29.549999999999994,4.057862737944689,1.0,0.0
Independent Q-Learning,4967,5,31.159999999999997,3.164529980897634,1.0,0.0
Independent Q-Learning,4968,5,28.4,3.973034105063783,1.0,0.0
Independent Q-Learning,4969,5,28.410000000000004,6.0787951108751805,1.0,0.0
Independent Q-Learning,4970,5,26.619999999999997,2.9621782525702205,1.0,0.0
Independent Q-Learning,4971,5,30.310000000000002,4.501583054881914,1.0,0.0
Independent Q-Learning,4972,5,31.639999999999997,5.558259619701115,1.0,0.0
Independent Q-Learning,4973,5,34.33,5.286846886377547,1.0,0.0
Independent Q-Learning,4974,5,30.529999999999994,2.751726730618425,1.0,0.0
Independent Q-Learning,4975,5,31.79,7.993544270222062,1.0,0.0
Independent Q-Learning,4976,5,34.23,3.329151543561809,1.0,0.0
Independent Q-Learning,4977,5,32.07999999999999,3.1584410711615165,1.0,0.0
Independent Q-Learning,4978,5,31.279999999999994,4.571186935578108,1.0,0.0
Independent Q-Learning,4979,5,31.049999999999994,6.066712454039662,1.0,0.0
Independent Q-Learning,4980,5,33.129999999999995,3.908100561653955,1.0,0.0
Independent Q-Learning,4981,5,27.429999999999996,4.918663436341209,1.0,0.0
Independent Q-Learning,4982,5,32.24999999999999,3.397609453718892,1.0,0.0
Independent Q-Learning,4983,5,31.859999999999996,3.3515667977827883,1.0,0.0
Independent Q-Learning,4984,5,28.769999999999992,6.408061329294524,1.0,0.0
Independent Q-Learning,4985,5,33.769999999999996,4.023462439243094,1.0,0.0
Independent Q-Learning,4986,5,27.74,4.4054511687226725,1.0,0.0
Independent Q-Learning,4987,5,31.779999999999994,7.395234952318956,1.0,0.0
Independent Q-Learning,4988,5,29.24,4.143881031110809,1.0,0.0
Independent Q-Learning,4989,5,27.15,3.307756036953148,1.0,0.0
Independent Q-Learning,4990,5,32.71999999999999,8.522587635219711,1.0,0.0
Independent Q-Learning,4991,5,30.999999999999993,4.912356868143839,1.0,0.0
Independent Q-Learning,4992,5,31.839999999999993,5.5697172280107585,1.0,0.0
Independent Q-Learning,4993,5,26.769999999999992,4.7316223433405895,1.0,0.0
Independent Q-Learning,4994,5,29.80999999999999,3.6846641638010835,1.0,0.0
Independent Q-Learning,4995,5,32.499999999999986,3.3352286278454653,1.0,0.0
Independent Q-Learning,4996,5,28.679999999999996,3.0092773218831086,1.0,0.0
Independent Q-Learning,4997,5,29.50999999999999,5.795946859659767,1.0,0.0
Independent Q-Learning,4998,5,32.19,5.148349250002369,1.0,0.0
Independent Q-Learning,4999,5,28.75,4.161730409336959,1.0,0.0
Cooperative Q-Learning,0,5,-7.599999999999999,8.473488065725958,0.0,0.0
Cooperative Q-Learning,1,5,2.7100000000000053,16.648438365204104,0.1,0.223606797749979
Cooperative Q-Learning,2,5,-4.599999999999995,5.1283525619832355,0.06666666666666667,0.14907119849998599
Cooperative Q-Learning,3,5,-5.599999999999993,3.1304951684997078,0.05,0.1118033988749895
Cooperative Q-Learning,4,5,1.8500000000000056,14.705016150960185,0.08,0.10954451150103323
Cooperative Q-Learning,5,5,-8.800000000000002,7.463243262818114,0.06666666666666667,0.09128709291752768
Cooperative Q-Learning,6,5,-3.9400000000000106,14.937134932777456,0.08571428571428572,0.07824607964359516
Cooperative Q-Learning,7,5,-3.3999999999999972,4.277849927241494,0.075,0.06846531968814577
Cooperative Q-Learning,8,5,-1.2000000000000153,8.012490249604037,0.06666666666666667,0.06085806194501846
Cooperative Q-Learning,9,5,-3.399999999999995,6.228964600958975,0.06000000000000001,0.05477225575051661
Cooperative Q-Learning,10,5,7.089999999999998,18.618686849506872,0.09090909090909091,0.0642824346533225
Cooperative Q-Learning,11,5,0.5300000000000011,17.039791665393103,0.1,0.09128709291752768
Cooperative Q-Learning,12,5,-3.8000000000000043,7.981227975693971,0.09230769230769231,0.08426500884694864
Cooperative Q-Learning,13,5,-2.7900000000000014,17.51986015925927,0.1,0.10832679205787929
Cooperative Q-Learning,14,5,-2.9999999999999956,10.000000000000005,0.09333333333333334,0.10110500592068734
Cooperative Q-Learning,15,5,-3.0200000000000022,15.205328013561566,0.1,0.09478594305064439
Cooperative Q-Learning,16,5,-3.4000000000000035,4.929503017546511,0.09411764705882353,0.08921029934178294
Cooperative Q-Learning,17,5,-8.600000000000026,6.228964600958996,0.08888888888888888,0.08425417160057277
Cooperative Q-Learning,18,5,-1.9999999999999993,7.0,0.08421052631578947,0.07981974151633212
Cooperative Q-Learning,19,5,1.9499999999999822,15.922075869684832,0.09,0.09617692030835673
Cooperative Q-Learning,20,5,-1.5600000000000072,12.808903153666208,0.09523809523809523,0.11167656571008165
Cooperative Q-Learning,21,5,-8.00000000000001,5.244044240850768,0.09090909090909091,0.10660035817780521
Cooperative Q-Learning,22,5,0.03999999999999604,14.103474749153138,0.09565217391304348,0.10380292509837671
Cooperative Q-Learning,23,5,-7.599999999999999,8.080841540334772,0.09166666666666666,0.09947780321927768
Cooperative Q-Learning,24,5,-3.199999999999998,6.610597552415369,0.088,0.09549869109050657
Cooperative Q-Learning,25,5,-4.599999999999996,7.86129760281343,0.08461538461538462,0.09182566451010248
Cooperative Q-Learning,26,5,-8.00000000000001,8.276472678623433,0.08148148148148147,0.08842471397269126
Cooperative Q-Learning,27,5,-2.599999999999991,5.128352561983234,0.07857142857142857,0.08526668847366659
Cooperative Q-Learning,28,5,-2.0000000000000084,8.154753215150036,0.07586206896551724,0.0823264578366436
Cooperative Q-Learning,29,5,11.100000000000005,15.470900103096778,0.08666666666666667,0.06912147117775908
Cooperative Q-Learning,30,5,-5.400000000000008,9.633275663033828,0.08387096774193548,0.06689174630105717
Cooperative Q-Learning,31,5,-2.9999999999999987,7.681145747868609,0.08125,0.06480137922914912
Cooperative Q-Learning,32,5,-0.1800000000000077,13.762703222841076,0.08484848484848485,0.06569540420811758
Cooperative Q-Learning,33,5,-0.5999999999999941,6.841052550594825,0.08235294117647059,0.06376318643729059
Cooperative Q-Learning,34,5,-4.4000000000000075,4.335896677735754,0.08,0.061941381110510854
Cooperative Q-Learning,35,5,-6.400000000000001,5.594640292279755,0.07777777777777777,0.060220787190774436
Cooperative Q-Learning,36,5,4.850000000000006,12.13414603505331,0.08108108108108109,0.05405405405405406
Cooperative Q-Learning,37,5,-10.200000000000005,5.805170109479998,0.07894736842105263,0.05263157894736842
Cooperative Q-Learning,38,5,-0.8000000000000019,5.357238094391561,0.07692307692307693,0.05128205128205129
Cooperative Q-Learning,39,5,4.510000000000006,16.595195087735487,0.08,0.05419870847169699
Cooperative Q-Learning,40,5,-4.199999999999995,4.494441010848849,0.07804878048780488,0.05287678875287512
Cooperative Q-Learning,41,5,1.3399999999999919,18.437136437093482,0.08095238095238096,0.057340926565677595
Cooperative Q-Learning,42,5,2.2500000000000018,13.193274801958763,0.08372093023255814,0.05095093558187592
Cooperative Q-Learning,43,5,-6.600000000000004,4.774934554525346,0.08181818181818182,0.049792959773196914
Cooperative Q-Learning,44,5,4.160000000000003,15.0009333042981,0.08444444444444445,0.04554200340426488
Cooperative Q-Learning,45,5,-2.799999999999996,5.357238094391548,0.08260869565217391,0.04455195985199825
Cooperative Q-Learning,46,5,3.500000000000007,14.832396974191326,0.08510638297872339,0.049898039998121584
Cooperative Q-Learning,47,5,-1.7700000000000018,17.008512574590412,0.0875,0.04516559039308083
Cooperative Q-Learning,48,5,-5.6000000000000085,7.503332592921631,0.08571428571428572,0.04424384365036489
Cooperative Q-Learning,49,5,-3.600000000000004,4.9295030175465016,0.08399999999999999,0.0433589667773576
Cooperative Q-Learning,50,5,-0.1500000000000008,16.948082487408424,0.08627450980392157,0.047221939524675675
Cooperative Q-Learning,51,5,6.87999999999999,16.863333003887455,0.08846153846153845,0.04427255551238976
Cooperative Q-Learning,52,5,-6.599999999999997,8.173126696681024,0.08679245283018869,0.04343722427630694
Cooperative Q-Learning,53,5,-3.7999999999999985,6.610597552415371,0.08518518518518518,0.0426328312341531
Cooperative Q-Learning,54,5,1.7999999999999943,15.401298646542775,0.08727272727272727,0.03726163914894399
Cooperative Q-Learning,55,5,8.889999999999997,12.816512786245724,0.09285714285714286,0.040720550896397784
Cooperative Q-Learning,56,5,-0.5600000000000179,20.009197884972814,0.09473684210526315,0.03637972167250477
Cooperative Q-Learning,57,5,-4.8,8.671793355471522,0.09310344827586206,0.03575248509194435
Cooperative Q-Learning,58,5,-8.600000000000014,9.762171889492631,0.09152542372881356,0.03514651076835207
Cooperative Q-Learning,59,5,-0.6199999999999994,15.61960306793998,0.09333333333333334,0.04013864859597432
Cooperative Q-Learning,60,5,8.62,18.872784638203242,0.09836065573770492,0.03477574333704332
Cooperative Q-Learning,61,5,-3.7999999999999914,2.774887385102327,0.0967741935483871,0.03421484425096198
Cooperative Q-Learning,62,5,4.190000000000001,13.120804091213316,0.09841269841269841,0.036196045241242474
Cooperative Q-Learning,63,5,-2.4000000000000035,8.17312669668101,0.096875,0.035630482034348064
Cooperative Q-Learning,64,5,-7.400000000000004,4.774934554525336,0.09538461538461539,0.03508232077228117
Cooperative Q-Learning,65,5,4.950000000000007,14.366192954293771,0.09696969696969697,0.03141885053534503
Cooperative Q-Learning,66,5,5.470000000000004,11.115507185909248,0.09850746268656715,0.03436078935289952
Cooperative Q-Learning,67,5,-2.9999999999999982,4.472135954999586,0.09705882352941177,0.03385548362712158
Cooperative Q-Learning,68,5,1.3999999999999995,6.542170893518441,0.09565217391304348,0.03336482444411982
Cooperative Q-Learning,69,5,-4.800000000000001,11.054410884348398,0.09428571428571428,0.0328881840949181
Cooperative Q-Learning,70,5,-0.7299999999999969,11.755403013082965,0.09577464788732394,0.030534483646026477
Cooperative Q-Learning,71,5,4.68,12.83012081003137,0.09722222222222222,0.025983731852596816
Cooperative Q-Learning,72,5,1.3199999999999998,19.917630381147255,0.09863013698630137,0.02969792245024493
Cooperative Q-Learning,73,5,-8.000000000000004,6.0415229867973075,0.0972972972972973,0.02929659917389027
Cooperative Q-Learning,74,5,1.599999999999992,8.619744775803962,0.096,0.02890597785157173
Cooperative Q-Learning,75,5,9.909999999999993,19.89423283265782,0.1,0.03168840678629552
Cooperative Q-Learning,76,5,-0.7500000000000017,13.672508913875323,0.10129870129870129,0.03100606853587876
Cooperative Q-Learning,77,5,-2.600000000000004,6.5421708935184615,0.1,0.030608554836700826
Cooperative Q-Learning,78,5,2.179999999999992,15.246704561970107,0.10126582278481014,0.02685215624759041
Cooperative Q-Learning,79,5,1.5999999999999996,4.50555213042751,0.1,0.02651650429449554
Cooperative Q-Learning,80,5,-6.200000000000006,5.848076606885396,0.09876543209876543,0.026189140043946204
Cooperative Q-Learning,81,5,-5.3999999999999995,3.8470768123342745,0.0975609756097561,0.025869760287312717
Cooperative Q-Learning,82,5,-5.400000000000007,7.797435475847193,0.0963855421686747,0.025558076428429433
Cooperative Q-Learning,83,5,-4.399999999999993,6.107372593840991,0.09523809523809523,0.02525381361380527
Cooperative Q-Learning,84,5,-3.200000000000016,5.449770637375509,0.09411764705882353,0.02495670992423109
Cooperative Q-Learning,85,5,1.9199999999999933,14.789590934167183,0.09534883720930233,0.022366725653106215
Cooperative Q-Learning,86,5,8.209999999999994,19.229807591341107,0.09885057471264368,0.022406423781170037
Cooperative Q-Learning,87,5,1.0000000000000004,5.612486080160915,0.09772727272727273,0.022151805329111283
Cooperative Q-Learning,88,5,-10.600000000000012,7.3688533707762245,0.09662921348314606,0.021902908640020143
Cooperative Q-Learning,89,5,-1.4000000000000117,8.414273587185038,0.09555555555555555,0.021659542988464363
Cooperative Q-Learning,90,5,-0.5999999999999973,3.78153408023781,0.0945054945054945,0.021421526032547173
Cooperative Q-Learning,91,5,6.169999999999993,14.913735279935738,0.09565217391304348,0.024786422284763868
Cooperative Q-Learning,92,5,9.020000000000007,16.916323477635437,0.0989247311827957,0.020683208668463807
Cooperative Q-Learning,93,5,4.5699999999999985,15.553118658327017,0.1,0.019325427792111646
Cooperative Q-Learning,94,5,1.9499999999999933,14.53917122809963,0.10105263157894737,0.019122002236405214
Cooperative Q-Learning,95,5,-8.400000000000004,5.366563145999507,0.1,0.01892281471310932
Cooperative Q-Learning,96,5,-3.8000000000000007,3.6331804249169912,0.09896907216494846,0.018727734149056652
Cooperative Q-Learning,97,5,-5.599999999999995,5.59464029227975,0.09795918367346938,0.018536634821005052
Cooperative Q-Learning,98,5,3.279999999999994,11.987159797049511,0.09898989898989899,0.019429680870375096
Cooperative Q-Learning,99,5,10.560000000000004,18.585323510770532,0.10200000000000001,0.02049390153191919
Cooperative Q-Learning,100,5,-1.389999999999996,12.917449438646939,0.10400000000000001,0.020736441353327716
Cooperative Q-Learning,101,5,-2.199999999999993,6.418722614352488,0.10200000000000001,0.01923538406167134
Cooperative Q-Learning,102,5,-4.8000000000000025,3.3466401061363094,0.10200000000000001,0.01923538406167134
Cooperative Q-Learning,103,5,-4.799999999999992,5.403702434442522,0.10200000000000001,0.01923538406167134
Cooperative Q-Learning,104,5,-7.000000000000012,5.567764362830033,0.1,0.01732050807568877
Cooperative Q-Learning,105,5,-2.8000000000000065,5.630275304103692,0.1,0.01732050807568877
Cooperative Q-Learning,106,5,-5.199999999999997,3.7682887362833584,0.098,0.017888543819998316
Cooperative Q-Learning,107,5,-1.0200000000000113,13.725960804257035,0.1,0.01414213562373095
Cooperative Q-Learning,108,5,-8.199999999999996,8.043631020876084,0.1,0.01414213562373095
Cooperative Q-Learning,109,5,-7.40000000000003,7.89303490426845,0.1,0.01414213562373095
Cooperative Q-Learning,110,5,2.639999999999998,13.547988780627186,0.098,0.008366600265340758
Cooperative Q-Learning,111,5,-2.8000000000000105,6.534523701081808,0.096,0.008944271909999161
Cooperative Q-Learning,112,5,-2.199999999999998,5.495452665613628,0.096,0.008944271909999161
Cooperative Q-Learning,113,5,-3.999999999999998,5.477225575051667,0.094,0.01140175425099138
Cooperative Q-Learning,114,5,9.639999999999993,18.776161748344627,0.098,0.010954451150103324
Cooperative Q-Learning,115,5,0.7899999999999989,16.372095162195958,0.098,0.010954451150103324
Cooperative Q-Learning,116,5,11.220000000000002,19.71172240064272,0.10200000000000001,0.013038404810405297
Cooperative Q-Learning,117,5,-3.8000000000000056,5.403702434442545,0.10200000000000001,0.013038404810405297
Cooperative Q-Learning,118,5,5.740000000000001,16.32446017484192,0.10400000000000001,0.011401754250991379
Cooperative Q-Learning,119,5,2.670000000000001,14.88017136998093,0.10400000000000001,0.0151657508881031
Cooperative Q-Learning,120,5,15.560000000000006,17.73366854319771,0.10800000000000001,0.019235384061671346
Cooperative Q-Learning,121,5,3.4099999999999975,18.671247949722055,0.11000000000000001,0.0223606797749979
Cooperative Q-Learning,122,5,5.400000000000001,13.352902306240393,0.11000000000000001,0.015811388300841896
Cooperative Q-Learning,123,5,24.68999999999999,5.564440672700195,0.118,0.01923538406167135
Cooperative Q-Learning,124,5,1.7400000000000067,14.1151691452848,0.12,0.0158113883008419
Cooperative Q-Learning,125,5,3.4000000000000044,20.586403279834958,0.122,0.01483239697419133
Cooperative Q-Learning,126,5,-3.800000000000007,6.5726706900620036,0.122,0.01483239697419133
Cooperative Q-Learning,127,5,-2.799999999999995,2.588435821108961,0.122,0.01483239697419133
Cooperative Q-Learning,128,5,-3.5999999999999956,2.7018512172212654,0.122,0.01483239697419133
Cooperative Q-Learning,129,5,3.2900000000000005,16.387357932259857,0.12,0.0158113883008419
Cooperative Q-Learning,130,5,8.290000000000006,11.223658048960688,0.122,0.017888543819998323
Cooperative Q-Learning,131,5,2.2800000000000056,11.466996119298202,0.124,0.02073644135332772
Cooperative Q-Learning,132,5,6.129999999999999,13.418625115860419,0.124,0.016733200530681516
Cooperative Q-Learning,133,5,6.379999999999997,10.882187280138126,0.126,0.019493588689617928
Cooperative Q-Learning,134,5,7.759999999999996,18.39654858934143,0.13,0.018708286933869705
Cooperative Q-Learning,135,5,8.669999999999998,13.468277543917779,0.134,0.016733200530681506
Cooperative Q-Learning,136,5,5.459999999999999,11.751936010717547,0.134,0.02073644135332772
Cooperative Q-Learning,137,5,12.390000000000002,18.19060196914879,0.138,0.023874672772626646
Cooperative Q-Learning,138,5,12.910000000000002,14.401319384000898,0.142,0.025884358211089573
Cooperative Q-Learning,139,5,-7.400000000000003,6.426507605223859,0.13999999999999999,0.024494897427831785
Cooperative Q-Learning,140,5,5.820000000000002,19.939050880119645,0.144,0.026076809620810593
Cooperative Q-Learning,141,5,2.649999999999994,14.030769757928475,0.144,0.025099800796022264
Cooperative Q-Learning,142,5,0.09000000000000248,14.36803744427192,0.144,0.02190890230020664
Cooperative Q-Learning,143,5,-5.000000000000006,10.63014581273466,0.144,0.02190890230020664
Cooperative Q-Learning,144,5,-4.8000000000000025,4.658325879540848,0.14200000000000002,0.017888543819998323
Cooperative Q-Learning,145,5,0.11999999999998287,19.17998957246851,0.144,0.018165902124584955
Cooperative Q-Learning,146,5,1.2300000000000073,14.904345004058376,0.144,0.018165902124584955
Cooperative Q-Learning,147,5,2.610000000000005,14.1919167133971,0.144,0.02190890230020664
Cooperative Q-Learning,148,5,12.33,16.00881007445588,0.148,0.019235384061671336
Cooperative Q-Learning,149,5,3.999999999999994,7.7781745930519985,0.148,0.019235384061671336
Cooperative Q-Learning,150,5,10.340000000000003,17.785436457956266,0.15,0.023452078799117145
Cooperative Q-Learning,151,5,18.380000000000006,18.59914648579337,0.154,0.027018512172212593
Cooperative Q-Learning,152,5,4.320000000000002,15.106687260945067,0.156,0.0260768096208106
Cooperative Q-Learning,153,5,7.7399999999999975,17.56809608352595,0.16,0.023452078799117152
Cooperative Q-Learning,154,5,11.440000000000003,15.905792969858487,0.162,0.02280350850198276
Cooperative Q-Learning,155,5,9.179999999999998,23.734194740921787,0.162,0.02280350850198276
Cooperative Q-Learning,156,5,14.009999999999991,16.531046548842593,0.166,0.02073644135332773
Cooperative Q-Learning,157,5,11.449999999999992,15.97631058786728,0.17,0.017320508075688777
Cooperative Q-Learning,158,5,0.21000000000000157,13.575547871080566,0.172,0.01788854381999832
Cooperative Q-Learning,159,5,-3.4000000000000035,5.272570530585632,0.16999999999999998,0.020000000000000004
Cooperative Q-Learning,160,5,2.0199999999999867,21.538384340521,0.16799999999999998,0.02489979919597747
Cooperative Q-Learning,161,5,1.000000000000007,1.0000000000000007,0.16799999999999998,0.02489979919597747
Cooperative Q-Learning,162,5,11.000000000000002,10.921595579401389,0.16999999999999998,0.025495097567963924
Cooperative Q-Learning,163,5,11.120000000000005,17.36168914593278,0.174,0.021908902300206638
Cooperative Q-Learning,164,5,12.650000000000006,13.332572894981672,0.178,0.019235384061671336
Cooperative Q-Learning,165,5,8.380000000000006,18.920412257665003,0.18,0.026457513110645904
Cooperative Q-Learning,166,5,1.1899999999999922,17.43360261104974,0.18,0.025495097567963927
Cooperative Q-Learning,167,5,9.949999999999996,19.175505208468426,0.184,0.029664793948382655
Cooperative Q-Learning,168,5,2.5999999999999934,13.649175799292799,0.186,0.027018512172212593
Cooperative Q-Learning,169,5,6.119999999999999,19.997674864843663,0.19,0.025495097567963927
Cooperative Q-Learning,170,5,18.99,12.366355566617035,0.194,0.025099800796022267
Cooperative Q-Learning,171,5,5.120000000000003,13.710288107840768,0.194,0.020736441353327716
Cooperative Q-Learning,172,5,15.179999999999998,16.314050692577855,0.198,0.027748873851023214
Cooperative Q-Learning,173,5,2.179999999999989,14.883279208561543,0.2,0.025495097567963927
Cooperative Q-Learning,174,5,5.729999999999995,17.42955822733325,0.20400000000000001,0.02408318915758459
Cooperative Q-Learning,175,5,12.409999999999993,21.10149283818566,0.20600000000000002,0.028809720581775868
Cooperative Q-Learning,176,5,10.909999999999998,22.533985444212924,0.20800000000000002,0.034928498393145956
Cooperative Q-Learning,177,5,8.280000000000006,15.680943849143773,0.21200000000000002,0.034205262752974135
Cooperative Q-Learning,178,5,15.190000000000003,16.489936324922542,0.21600000000000003,0.033615472627943226
Cooperative Q-Learning,179,5,15.739999999999991,11.29144587730023,0.22200000000000003,0.030331501776206204
Cooperative Q-Learning,180,5,0.8,4.658325879540848,0.22200000000000003,0.030331501776206204
Cooperative Q-Learning,181,5,4.570000000000006,17.633760234277887,0.22600000000000003,0.025099800796022264
Cooperative Q-Learning,182,5,4.2,11.861703081766972,0.22800000000000004,0.022803508501982758
Cooperative Q-Learning,183,5,8.339999999999995,20.786485994510958,0.23199999999999998,0.022803508501982764
Cooperative Q-Learning,184,5,13.550000000000006,13.542802516466079,0.236,0.02302172886644268
Cooperative Q-Learning,185,5,0.8000000000000069,4.324349662087933,0.23399999999999999,0.020736441353327726
Cooperative Q-Learning,186,5,3.3200000000000003,12.442347045473369,0.23199999999999998,0.01788854381999832
Cooperative Q-Learning,187,5,5.0300000000000065,14.4249610051466,0.23399999999999999,0.0151657508881031
Cooperative Q-Learning,188,5,4.800000000000006,5.2153619241621145,0.23399999999999999,0.0151657508881031
Cooperative Q-Learning,189,5,9.779999999999983,13.53299671174129,0.238,0.013038404810405295
Cooperative Q-Learning,190,5,18.080000000000002,15.469671942222943,0.244,0.013416407864998736
Cooperative Q-Learning,191,5,8.41,19.896117711754727,0.246,0.020736441353327726
Cooperative Q-Learning,192,5,24.26,13.452202421908462,0.25,0.015811388300841903
Cooperative Q-Learning,193,5,15.160000000000002,14.336247765716095,0.252,0.0204939015319192
Cooperative Q-Learning,194,5,3.2300000000000053,16.996014238638423,0.252,0.0204939015319192
Cooperative Q-Learning,195,5,5.529999999999996,10.775179812884803,0.254,0.02190890230020665
Cooperative Q-Learning,196,5,9.880000000000006,16.96752781049732,0.258,0.02588435821108958
Cooperative Q-Learning,197,5,18.720000000000006,12.110770000293128,0.266,0.0240831891575846
Cooperative Q-Learning,198,5,28.129999999999985,10.925463376900785,0.27199999999999996,0.02049390153191919
Cooperative Q-Learning,199,5,13.59999999999999,19.405669274724865,0.274,0.015165750888103085
Cooperative Q-Learning,200,5,8.130000000000003,15.065506961267513,0.27599999999999997,0.013416407864998722
Cooperative Q-Learning,201,5,13.580000000000007,16.347346879539806,0.27999999999999997,0.015811388300841885
Cooperative Q-Learning,202,5,10.88,17.042799065881162,0.284,0.0167332005306815
Cooperative Q-Learning,203,5,21.400000000000002,12.635713276265804,0.292,0.014832396974191319
Cooperative Q-Learning,204,5,15.24,17.725313819506834,0.298,0.01303840481040529
Cooperative Q-Learning,205,5,16.859999999999992,16.056673067606482,0.304,0.008944271909999166
Cooperative Q-Learning,206,5,11.710000000000004,16.661197435958798,0.308,0.004472135954999584
Cooperative Q-Learning,207,5,25.009999999999998,9.724158061241086,0.314,0.005477225575051666
Cooperative Q-Learning,208,5,3.649999999999995,18.74799989332195,0.316,0.005477225575051666
Cooperative Q-Learning,209,5,15.620000000000005,17.480045766530466,0.322,0.008366600265340763
Cooperative Q-Learning,210,5,12.600000000000003,13.318408313308314,0.324,0.015165750888103114
Cooperative Q-Learning,211,5,23.029999999999998,14.685307283131673,0.332,0.01923538406167135
Cooperative Q-Learning,212,5,17.49,22.142447922485882,0.33799999999999997,0.02387467277262664
Cooperative Q-Learning,213,5,8.929999999999996,15.574562594179024,0.34199999999999997,0.02683281572999747
Cooperative Q-Learning,214,5,7.130000000000008,15.790487642881706,0.34199999999999997,0.02588435821108957
Cooperative Q-Learning,215,5,10.519999999999985,21.677886197690043,0.346,0.021908902300206638
Cooperative Q-Learning,216,5,16.420000000000005,14.397855743130641,0.348,0.016431676725154973
Cooperative Q-Learning,217,5,13.770000000000001,10.647511446342754,0.352,0.013038404810405286
Cooperative Q-Learning,218,5,13.810000000000002,19.452679763981102,0.356,0.008944271909999142
Cooperative Q-Learning,219,5,10.09,15.074498333277962,0.358,0.004472135954999584
Cooperative Q-Learning,220,5,18.48999999999999,12.892943806594372,0.358,0.01303840481040529
Cooperative Q-Learning,221,5,26.810000000000002,3.959703271711151,0.366,0.01341640786499875
Cooperative Q-Learning,222,5,16.050000000000004,16.113969095167086,0.37,0.007071067811865481
Cooperative Q-Learning,223,5,15.359999999999994,22.13135219547147,0.368,0.008366600265340763
Cooperative Q-Learning,224,5,20.88999999999999,8.52191293079202,0.372,0.008366600265340763
Cooperative Q-Learning,225,5,11.249999999999993,23.42197152248291,0.376,0.015165750888103114
Cooperative Q-Learning,226,5,21.38,11.131969726872239,0.384,0.015165750888103114
Cooperative Q-Learning,227,5,6.389999999999984,10.021751343951802,0.386,0.016733200530681527
Cooperative Q-Learning,228,5,9.880000000000004,19.679831046022727,0.392,0.014832396974191323
Cooperative Q-Learning,229,5,23.520000000000003,12.180958500873398,0.398,0.010954451150103317
Cooperative Q-Learning,230,5,14.659999999999997,21.03373480863537,0.4,0.015811388300841885
Cooperative Q-Learning,231,5,13.339999999999993,23.846577322542544,0.404,0.011401754250991363
Cooperative Q-Learning,232,5,21.319999999999986,11.152387636735021,0.40800000000000003,0.014832396974191314
Cooperative Q-Learning,233,5,23.549999999999994,16.741677036665106,0.414,0.018165902124584948
Cooperative Q-Learning,234,5,15.159999999999993,19.910342789615648,0.41600000000000004,0.0151657508881031
Cooperative Q-Learning,235,5,12.329999999999991,15.18533832352773,0.41600000000000004,0.02190890230020665
Cooperative Q-Learning,236,5,15.529999999999987,12.721124164160964,0.418,0.0216794833886788
Cooperative Q-Learning,237,5,8.330000000000007,18.208363462980405,0.418,0.027748873851023217
Cooperative Q-Learning,238,5,26.25,3.604857833535187,0.42400000000000004,0.028809720581775847
Cooperative Q-Learning,239,5,13.770000000000007,16.303205206339022,0.42800000000000005,0.027748873851023207
Cooperative Q-Learning,240,5,25.799999999999994,9.571246000390955,0.43200000000000005,0.030331501776206193
Cooperative Q-Learning,241,5,9.329999999999998,15.988026770055148,0.434,0.034351128074635334
Cooperative Q-Learning,242,5,16.540000000000006,15.23148055836989,0.438,0.03271085446759226
Cooperative Q-Learning,243,5,-1.0300000000000067,15.891963377757962,0.44000000000000006,0.03082207001484489
Cooperative Q-Learning,244,5,17.13,19.779427443685016,0.446,0.03209361307176243
Cooperative Q-Learning,245,5,15.749999999999995,18.89801576885786,0.45,0.03082207001484489
Cooperative Q-Learning,246,5,15.039999999999997,20.114031172293643,0.454,0.027928480087537885
Cooperative Q-Learning,247,5,28.660000000000004,3.425529156203461,0.462,0.02949576240750525
Cooperative Q-Learning,248,5,14.65,15.69693441408226,0.46399999999999997,0.03209361307176243
Cooperative Q-Learning,249,5,28.02,4.801640344715544,0.47400000000000003,0.03209361307176243
Cooperative Q-Learning,250,5,16.080000000000005,14.954957372055595,0.476,0.03209361307176243
Cooperative Q-Learning,251,5,30.8,1.9934266979249577,0.48,0.03674234614174768
Cooperative Q-Learning,252,5,29.309999999999995,2.956433662370929,0.488,0.03563705936241093
Cooperative Q-Learning,253,5,20.769999999999996,17.70189255418752,0.49000000000000005,0.030822070014844893
Cooperative Q-Learning,254,5,18.069999999999983,16.16854971851219,0.492,0.025884358211089573
Cooperative Q-Learning,255,5,24.619999999999997,13.412195942499494,0.496,0.0260768096208106
Cooperative Q-Learning,256,5,17.530000000000005,17.96359513015142,0.496,0.027018512172212617
Cooperative Q-Learning,257,5,21.41,19.02220413096232,0.5,0.025495097567963948
Cooperative Q-Learning,258,5,18.919999999999995,11.163254453787212,0.504,0.027928480087537906
Cooperative Q-Learning,259,5,4.989999999999997,22.013927409710433,0.508,0.024899799195977488
Cooperative Q-Learning,260,5,22.369999999999997,8.04344453576949,0.514,0.021908902300206663
Cooperative Q-Learning,261,5,16.469999999999995,17.6097132287837,0.518,0.019235384061671364
Cooperative Q-Learning,262,5,14.459999999999997,17.438405890447676,0.52,0.017320508075688787
Cooperative Q-Learning,263,5,24.249999999999996,16.517301535057104,0.524,0.016733200530681527
Cooperative Q-Learning,264,5,25.790000000000003,2.8869101129061825,0.53,0.01581138830084191
Cooperative Q-Learning,265,5,25.759999999999998,13.80051629468984,0.534,0.01341640786499875
Cooperative Q-Learning,266,5,7.739999999999997,12.968731626493016,0.534,0.008944271909999166
Cooperative Q-Learning,267,5,1.5399999999999938,19.203072670799333,0.532,0.008366600265340763
Cooperative Q-Learning,268,5,26.25,2.853725635025204,0.54,0.007071067811865481
Cooperative Q-Learning,269,5,28.35,2.161885750912847,0.546,0.008944271909999166
Cooperative Q-Learning,270,5,24.229999999999997,14.038278028305315,0.548,0.013038404810405262
Cooperative Q-Learning,271,5,16.370000000000005,14.842868658045859,0.552,0.010954451150103286
Cooperative Q-Learning,272,5,14.66,15.166303109195724,0.552,0.017888543819998288
Cooperative Q-Learning,273,5,12.200000000000003,16.893193895767602,0.554,0.02073644135332769
Cooperative Q-Learning,274,5,28.4,2.671610001478508,0.56,0.02345207879911712
Cooperative Q-Learning,275,5,13.01,20.980866283354462,0.56,0.01870828693386968
Cooperative Q-Learning,276,5,24.000000000000004,13.920084410663604,0.5640000000000001,0.018165902124584916
Cooperative Q-Learning,277,5,24.389999999999997,14.75438070540407,0.568,0.016431676725154942
Cooperative Q-Learning,278,5,30.380000000000003,3.1763973303099196,0.5720000000000001,0.017888543819998277
Cooperative Q-Learning,279,5,29.440000000000005,3.338113239541162,0.576,0.015165750888103085
Cooperative Q-Learning,280,5,23.28,8.362535500672037,0.584,0.01140175425099139
Cooperative Q-Learning,281,5,24.740000000000002,10.606684213268538,0.588,0.004472135954999584
Cooperative Q-Learning,282,5,22.590000000000003,12.299918698918297,0.594,0.005477225575051666
Cooperative Q-Learning,283,5,17.23,20.04306613270534,0.596,0.01140175425099139
Cooperative Q-Learning,284,5,11.920000000000003,12.598541582262603,0.596,0.008944271909999166
Cooperative Q-Learning,285,5,28.520000000000003,1.6445364088398888,0.606,0.008944271909999166
Cooperative Q-Learning,286,5,11.470000000000002,17.282635794345723,0.608,0.014832396974191338
Cooperative Q-Learning,287,5,22.26999999999999,17.036196758666538,0.614,0.018165902124584965
Cooperative Q-Learning,288,5,27.9,3.532527423814286,0.624,0.018165902124584965
Cooperative Q-Learning,289,5,5.639999999999992,16.16316800630372,0.622,0.017888543819998333
Cooperative Q-Learning,290,5,19.24999999999998,23.795062513050894,0.622,0.01923538406167136
Cooperative Q-Learning,291,5,24.16,12.811781687181531,0.626,0.021908902300206666
Cooperative Q-Learning,292,5,17.55,21.33770137573398,0.624,0.028809720581775892
Cooperative Q-Learning,293,5,28.089999999999996,2.8667054260945566,0.63,0.025495097567963948
Cooperative Q-Learning,294,5,20.619999999999997,11.5381215975565,0.636,0.021908902300206666
Cooperative Q-Learning,295,5,27.669999999999998,4.42091619463658,0.644,0.018165902124584965
Cooperative Q-Learning,296,5,24.92,12.600128967593939,0.648,0.017888543819998333
Cooperative Q-Learning,297,5,32.58999999999999,7.543987672312298,0.65,0.014142135623730963
Cooperative Q-Learning,298,5,14.169999999999996,15.129424972549353,0.646,0.008944271909999166
Cooperative Q-Learning,299,5,26.75,5.669545837190132,0.65,0.007071067811865481
Cooperative Q-Learning,300,5,27.840000000000003,2.5537717204166848,0.656,0.01140175425099139
Cooperative Q-Learning,301,5,29.419999999999998,7.142531063985636,0.662,0.014832396974191338
Cooperative Q-Learning,302,5,20.43,14.969911489384298,0.666,0.015165750888103114
Cooperative Q-Learning,303,5,10.480000000000006,17.637658574765524,0.662,0.022803508501982747
Cooperative Q-Learning,304,5,23.029999999999998,19.258751257545224,0.664,0.019493588689617907
Cooperative Q-Learning,305,5,22.489999999999988,20.830488472429064,0.666,0.02073644135332771
Cooperative Q-Learning,306,5,24.039999999999992,15.660116538519107,0.67,0.025495097567963892
Cooperative Q-Learning,307,5,30.060000000000002,2.0622802913280225,0.6719999999999999,0.02387467277262661
Cooperative Q-Learning,308,5,24.769999999999992,16.607024116318964,0.678,0.025884358211089534
Cooperative Q-Learning,309,5,19.250000000000007,17.064693082502238,0.678,0.02489979919597743
Cooperative Q-Learning,310,5,22.53,11.286861831350636,0.682,0.031144823004794844
Cooperative Q-Learning,311,5,13.080000000000004,16.359118252522045,0.6799999999999999,0.03240370349203927
Cooperative Q-Learning,312,5,15.690000000000003,13.378919986306823,0.6799999999999999,0.03240370349203927
Cooperative Q-Learning,313,5,21.749999999999993,7.734015774486122,0.682,0.036331804249169874
Cooperative Q-Learning,314,5,22.28,11.226898503148584,0.686,0.04098780306383837
Cooperative Q-Learning,315,5,31.1,3.1672148648299707,0.6900000000000001,0.038078865529319515
Cooperative Q-Learning,316,5,29.269999999999992,8.31802260155621,0.694,0.04037325847637268
Cooperative Q-Learning,317,5,19.09,17.141229535829684,0.696,0.04037325847637268
Cooperative Q-Learning,318,5,28.82,2.619780525158537,0.7,0.03872983346207415
Cooperative Q-Learning,319,5,21.330000000000002,17.801285065972063,0.704,0.038470768123342665
Cooperative Q-Learning,320,5,27.419999999999998,4.5228033342165075,0.708,0.03768288736283352
Cooperative Q-Learning,321,5,17.88,19.98316791702457,0.704,0.03577708763999662
Cooperative Q-Learning,322,5,26.589999999999993,16.67109774429987,0.7060000000000001,0.03974921382870356
Cooperative Q-Learning,323,5,22.45,13.408253055487876,0.708,0.03962322551231789
Cooperative Q-Learning,324,5,30.259999999999998,4.990916749455951,0.712,0.03898717737923586
Cooperative Q-Learning,325,5,31.069999999999993,5.255663611762058,0.716,0.03974921382870358
Cooperative Q-Learning,326,5,13.089999999999998,17.99876384644234,0.712,0.03701351104664347
Cooperative Q-Learning,327,5,27.080000000000002,3.175413358918804,0.72,0.03391164991562634
Cooperative Q-Learning,328,5,28.889999999999993,13.605118522085709,0.722,0.028635642126552733
Cooperative Q-Learning,329,5,26.85,2.2646743695286533,0.724,0.03209361307176246
Cooperative Q-Learning,330,5,17.04,14.40188355736846,0.726,0.027018512172212617
Cooperative Q-Learning,331,5,29.589999999999996,3.669536755504695,0.73,0.028284271247461926
Cooperative Q-Learning,332,5,28.440000000000005,1.9135699621388274,0.734,0.025099800796022288
Cooperative Q-Learning,333,5,17.470000000000002,18.949063301387742,0.732,0.0268328157299975
Cooperative Q-Learning,334,5,25.619999999999997,9.397512968865751,0.734,0.02073644135332774
Cooperative Q-Learning,335,5,20.490000000000002,9.336179625521345,0.738,0.024899799195977488
Cooperative Q-Learning,336,5,23.990000000000002,12.274994908349239,0.742,0.03271085446759228
Cooperative Q-Learning,337,5,30.54,5.825954857360284,0.748,0.0311448230047949
Cooperative Q-Learning,338,5,20.15,14.774851945112685,0.746,0.031304951684997084
Cooperative Q-Learning,339,5,13.099999999999994,15.647324052373945,0.746,0.03209361307176246
Cooperative Q-Learning,340,5,30.809999999999995,3.7939754875328275,0.748,0.031144823004794903
Cooperative Q-Learning,341,5,19.95,15.480350448229522,0.752,0.023874672772626667
Cooperative Q-Learning,342,5,28.95,5.447132273040559,0.756,0.019493588689617945
Cooperative Q-Learning,343,5,31.560000000000002,6.06531120388723,0.764,0.016733200530681527
Cooperative Q-Learning,344,5,21.950000000000006,16.42760633811268,0.766,0.02073644135332774
Cooperative Q-Learning,345,5,30.139999999999993,5.1524751333703716,0.77,0.018708286933869726
Cooperative Q-Learning,346,5,22.950000000000003,15.170819028648388,0.772,0.024899799195977488
Cooperative Q-Learning,347,5,24.359999999999996,16.318601349380398,0.77,0.024494897427831803
Cooperative Q-Learning,348,5,28.139999999999997,5.1201074207481225,0.774,0.023021728866442697
Cooperative Q-Learning,349,5,27.009999999999998,5.7789921266601425,0.774,0.023021728866442697
Cooperative Q-Learning,350,5,22.209999999999997,9.593839168966715,0.776,0.025099800796022288
Cooperative Q-Learning,351,5,30.089999999999996,4.540429495102853,0.776,0.025099800796022288
Cooperative Q-Learning,352,5,25.1,13.52751824984908,0.774,0.023021728866442697
Cooperative Q-Learning,353,5,30.0,6.02567423613324,0.778,0.025884358211089593
Cooperative Q-Learning,354,5,25.610000000000003,5.071414989921452,0.782,0.025884358211089593
Cooperative Q-Learning,355,5,28.880000000000003,2.7250229356832927,0.784,0.027018512172212617
Cooperative Q-Learning,356,5,28.140000000000004,3.719106075389621,0.788,0.02280350850198278
Cooperative Q-Learning,357,5,28.65999999999999,5.555672776541105,0.79,0.02345207879911717
Cooperative Q-Learning,358,5,29.360000000000003,1.4871953469534553,0.794,0.02073644135332774
Cooperative Q-Learning,359,5,28.130000000000003,2.685051209939945,0.8,0.018708286933869694
Cooperative Q-Learning,360,5,26.7,3.1835514759463184,0.8019999999999999,0.021679483388678783
Cooperative Q-Learning,361,5,12.550000000000002,18.789691322637523,0.804,0.02190890230020663
Cooperative Q-Learning,362,5,30.75,5.0208316044257,0.808,0.025884358211089545
Cooperative Q-Learning,363,5,29.130000000000003,2.2540519071219256,0.8099999999999999,0.02236067977499787
Cooperative Q-Learning,364,5,24.97,11.897195047573184,0.808,0.022803508501982726
Cooperative Q-Learning,365,5,24.43,15.731560634596935,0.808,0.027748873851023186
Cooperative Q-Learning,366,5,26.829999999999995,6.697443542128591,0.8160000000000001,0.030495901363953786
Cooperative Q-Learning,367,5,30.48,2.6978231965790473,0.8240000000000001,0.03130495168499703
Cooperative Q-Learning,368,5,19.470000000000002,15.245023778269411,0.82,0.029154759474226473
Cooperative Q-Learning,369,5,27.040000000000003,6.899945651959878,0.82,0.029154759474226473
Cooperative Q-Learning,370,5,27.829999999999995,4.915740025672629,0.8220000000000001,0.026832815729997444
Cooperative Q-Learning,371,5,25.660000000000004,1.7100438590866618,0.826,0.024083189157584565
Cooperative Q-Learning,372,5,27.860000000000003,3.4306340521833607,0.8300000000000001,0.025495097567963903
Cooperative Q-Learning,373,5,27.73,6.627650413230916,0.836,0.023021728866442697
Cooperative Q-Learning,374,5,32.029999999999994,6.965773467462174,0.836,0.023021728866442697
Cooperative Q-Learning,375,5,30.369999999999997,3.7564278244097777,0.8400000000000001,0.025495097567963948
Cooperative Q-Learning,376,5,26.22,2.143186879392462,0.842,0.024899799195977488
Cooperative Q-Learning,377,5,28.009999999999998,14.51862596804532,0.842,0.01923538406167136
Cooperative Q-Learning,378,5,29.380000000000003,4.767415442354482,0.842,0.01923538406167136
Cooperative Q-Learning,379,5,21.68,15.617642267640782,0.8400000000000001,0.021213203435596444
Cooperative Q-Learning,380,5,26.630000000000003,3.1981635355309774,0.842,0.021679483388678818
Cooperative Q-Learning,381,5,21.030000000000005,11.35173995473821,0.842,0.02588435821108956
Cooperative Q-Learning,382,5,16.71,14.535878026455784,0.8400000000000001,0.025495097567963903
Cooperative Q-Learning,383,5,18.369999999999997,14.52676839493217,0.8400000000000001,0.019999999999999976
Cooperative Q-Learning,384,5,27.669999999999998,4.065956222095855,0.8460000000000001,0.021908902300206617
Cooperative Q-Learning,385,5,31.110000000000003,6.466780497279918,0.8460000000000001,0.021908902300206617
Cooperative Q-Learning,386,5,25.889999999999997,4.137541540576967,0.852,0.021679483388678818
Cooperative Q-Learning,387,5,30.22,4.807104117865553,0.8539999999999999,0.018165902124584965
Cooperative Q-Learning,388,5,30.449999999999996,4.864925487610259,0.8539999999999999,0.018165902124584965
Cooperative Q-Learning,389,5,29.47,3.736743234422188,0.8619999999999999,0.016431676725154998
Cooperative Q-Learning,390,5,32.29,3.7863901014026466,0.866,0.02073644135332774
Cooperative Q-Learning,391,5,31.479999999999997,6.901684576971039,0.868,0.021679483388678818
Cooperative Q-Learning,392,5,31.639999999999997,3.0472118403550463,0.8720000000000001,0.020493901531919215
Cooperative Q-Learning,393,5,27.95,3.5351803348627016,0.8720000000000001,0.020493901531919215
Cooperative Q-Learning,394,5,27.390000000000004,4.454969135695555,0.874,0.021908902300206663
Cooperative Q-Learning,395,5,30.029999999999994,5.351588549206672,0.874,0.021908902300206663
Cooperative Q-Learning,396,5,21.79,13.628206044817487,0.874,0.027018512172212617
Cooperative Q-Learning,397,5,26.28,11.650032188796734,0.8720000000000001,0.024899799195977488
Cooperative Q-Learning,398,5,29.529999999999994,5.435140292577541,0.8779999999999999,0.0268328157299975
Cooperative Q-Learning,399,5,28.360000000000003,3.383674038674528,0.8779999999999999,0.0268328157299975
Cooperative Q-Learning,400,5,30.999999999999993,3.3020826761303197,0.8779999999999999,0.0268328157299975
Cooperative Q-Learning,401,5,27.35,5.884407361833469,0.8779999999999999,0.0268328157299975
Cooperative Q-Learning,402,5,25.959999999999997,5.0944086997413125,0.8800000000000001,0.02345207879911717
Cooperative Q-Learning,403,5,27.53,2.1510462570572524,0.8859999999999999,0.02073644135332774
Cooperative Q-Learning,404,5,31.85,4.29636474243051,0.8880000000000001,0.021679483388678818
Cooperative Q-Learning,405,5,32.8,2.6638787509944954,0.89,0.02345207879911717
Cooperative Q-Learning,406,5,33.249999999999986,5.754672014980517,0.892,0.025884358211089593
Cooperative Q-Learning,407,5,30.029999999999994,4.460184973742676,0.892,0.025884358211089593
Cooperative Q-Learning,408,5,30.860000000000003,4.104479260515272,0.8939999999999999,0.023021728866442697
Cooperative Q-Learning,409,5,31.259999999999998,4.7957533297699895,0.898,0.021679483388678818
Cooperative Q-Learning,410,5,24.5,8.42733647127015,0.898,0.021679483388678818
Cooperative Q-Learning,411,5,23.55,13.118403104036709,0.9,0.021213203435596444
Cooperative Q-Learning,412,5,29.82,2.5459772190654006,0.9039999999999999,0.023021728866442652
Cooperative Q-Learning,413,5,31.669999999999995,8.248984786020634,0.908,0.02489979919597744
Cooperative Q-Learning,414,5,28.940000000000005,3.8455168703309535,0.9099999999999999,0.02915475947422648
Cooperative Q-Learning,415,5,28.26,4.073297190237901,0.9099999999999999,0.02915475947422648
Cooperative Q-Learning,416,5,21.07,18.869572067219757,0.908,0.031144823004794854
Cooperative Q-Learning,417,5,25.72,11.903234854441878,0.9099999999999999,0.03535533905932736
Cooperative Q-Learning,418,5,25.06,12.002624712953407,0.908,0.03768288736283353
Cooperative Q-Learning,419,5,28.75,4.581620892217073,0.9099999999999999,0.03674234614174766
Cooperative Q-Learning,420,5,27.860000000000003,3.9781277003132995,0.9099999999999999,0.03674234614174766
Cooperative Q-Learning,421,5,28.589999999999996,3.9158970875139176,0.914,0.033615472627943205
Cooperative Q-Learning,422,5,28.759999999999998,4.58331212116302,0.916,0.03781534080237806
Cooperative Q-Learning,423,5,30.249999999999993,3.1503968004046716,0.9179999999999999,0.035637059362410906
Cooperative Q-Learning,424,5,13.469999999999994,24.311252538690802,0.914,0.037815340802378056
Cooperative Q-Learning,425,5,27.429999999999996,17.59678947990228,0.9120000000000001,0.03898717737923584
Cooperative Q-Learning,426,5,33.56999999999999,6.509761900407721,0.9179999999999999,0.03492849839314594
Cooperative Q-Learning,427,5,26.950000000000006,3.8469143478897494,0.9179999999999999,0.03492849839314594
Cooperative Q-Learning,428,5,33.14,3.7053002577389047,0.9199999999999999,0.034641016151377525
Cooperative Q-Learning,429,5,31.009999999999998,3.9923990281533714,0.9199999999999999,0.034641016151377525
Cooperative Q-Learning,430,5,32.279999999999994,3.2381707799311568,0.924,0.033615472627943205
Cooperative Q-Learning,431,5,27.43,4.873474120173408,0.924,0.033615472627943205
Cooperative Q-Learning,432,5,29.68,1.9816659657974605,0.924,0.033615472627943205
Cooperative Q-Learning,433,5,29.689999999999998,4.804867323870659,0.9280000000000002,0.031144823004794854
Cooperative Q-Learning,434,5,26.649999999999995,4.824546610822623,0.93,0.02915475947422648
Cooperative Q-Learning,435,5,26.55,4.4522466238967455,0.932,0.027748873851023193
Cooperative Q-Learning,436,5,27.7,11.191682179190046,0.932,0.022803508501982733
Cooperative Q-Learning,437,5,26.24,12.509066711789481,0.93,0.02345207879911712
Cooperative Q-Learning,438,5,32.5,2.2214859891523044,0.932,0.027748873851023193
Cooperative Q-Learning,439,5,28.340000000000003,3.6622056195686232,0.9380000000000001,0.03033150177620618
Cooperative Q-Learning,440,5,30.73999999999999,4.017212964232783,0.9380000000000001,0.03033150177620618
Cooperative Q-Learning,441,5,27.689999999999998,0.7987490219086335,0.9400000000000001,0.02915475947422648
Cooperative Q-Learning,442,5,27.23,4.237422565664179,0.9400000000000001,0.02915475947422648
Cooperative Q-Learning,443,5,23.540000000000003,12.300477633002707,0.9380000000000001,0.031144823004794854
Cooperative Q-Learning,444,5,29.439999999999998,6.0013956710085345,0.9400000000000001,0.02915475947422648
Cooperative Q-Learning,445,5,30.380000000000003,4.254203803298565,0.9400000000000001,0.02915475947422648
Cooperative Q-Learning,446,5,29.74,3.7408889317914786,0.942,0.027748873851023193
Cooperative Q-Learning,447,5,28.48,2.312358103754695,0.944,0.027928480087537854
Cooperative Q-Learning,448,5,28.470000000000006,3.050122948341591,0.944,0.027928480087537854
Cooperative Q-Learning,449,5,31.979999999999997,3.48040945867005,0.944,0.027928480087537854
Cooperative Q-Learning,450,5,32.699999999999996,8.097453303354078,0.9460000000000001,0.026076809620810566
Cooperative Q-Learning,451,5,32.42999999999999,4.959158194693928,0.9460000000000001,0.026076809620810566
Cooperative Q-Learning,452,5,21.770000000000003,10.908345429074013,0.9460000000000001,0.027018512172212572
Cooperative Q-Learning,453,5,29.119999999999997,4.123499727173509,0.9460000000000001,0.027018512172212572
Cooperative Q-Learning,454,5,32.64999999999999,5.4536684901082815,0.9460000000000001,0.027018512172212572
Cooperative Q-Learning,455,5,27.020000000000003,1.81679663143677,0.9460000000000001,0.027018512172212572
Cooperative Q-Learning,456,5,23.0,9.18429365819713,0.944,0.02701851217221258
Cooperative Q-Learning,457,5,27.25,3.119294792096445,0.944,0.02701851217221258
Cooperative Q-Learning,458,5,32.99999999999999,5.716861026822319,0.944,0.02701851217221258
Cooperative Q-Learning,459,5,28.78,3.4379499705493104,0.944,0.02701851217221258
Cooperative Q-Learning,460,5,31.669999999999998,5.235288912753523,0.944,0.02701851217221258
Cooperative Q-Learning,461,5,25.550000000000004,2.6422055181230677,0.9480000000000001,0.024899799195977446
Cooperative Q-Learning,462,5,29.43,4.752315225234956,0.9480000000000001,0.024899799195977446
Cooperative Q-Learning,463,5,29.99,2.8085583490467045,0.9480000000000001,0.024899799195977446
Cooperative Q-Learning,464,5,28.669999999999998,4.304445376584533,0.95,0.024494897427831758
Cooperative Q-Learning,465,5,29.6,3.47347088659168,0.952,0.02489979919597744
Cooperative Q-Learning,466,5,30.859999999999996,2.3287335614019864,0.952,0.02489979919597744
Cooperative Q-Learning,467,5,28.18,3.466734774971976,0.952,0.02489979919597744
Cooperative Q-Learning,468,5,28.6,4.956939580023139,0.9560000000000001,0.023021728866442666
Cooperative Q-Learning,469,5,28.889999999999997,11.536864825419423,0.954,0.026076809620810583
Cooperative Q-Learning,470,5,27.0,5.702192560761168,0.954,0.026076809620810583
Cooperative Q-Learning,471,5,27.77,2.008917619017765,0.954,0.026076809620810583
Cooperative Q-Learning,472,5,30.579999999999995,5.43858897141528,0.954,0.026076809620810583
Cooperative Q-Learning,473,5,30.929999999999996,4.378156004529751,0.954,0.026076809620810583
Cooperative Q-Learning,474,5,29.669999999999998,4.059495042489889,0.954,0.026076809620810583
Cooperative Q-Learning,475,5,32.32,2.7732201499340072,0.954,0.026076809620810583
Cooperative Q-Learning,476,5,31.879999999999995,5.37408131683918,0.954,0.026076809620810583
Cooperative Q-Learning,477,5,31.599999999999994,6.0147734786939315,0.9560000000000001,0.025099800796022247
Cooperative Q-Learning,478,5,27.720000000000006,2.8787149911028003,0.9560000000000001,0.025099800796022247
Cooperative Q-Learning,479,5,29.7,2.260807377907279,0.958,0.021679483388678783
Cooperative Q-Learning,480,5,33.0,5.801185223727986,0.958,0.021679483388678783
Cooperative Q-Learning,481,5,29.01,2.9422355446156923,0.96,0.018708286933869726
Cooperative Q-Learning,482,5,30.979999999999997,8.211470635641325,0.9640000000000001,0.015165750888103114
Cooperative Q-Learning,483,5,32.239999999999995,3.4081519919158496,0.968,0.014832396974191338
Cooperative Q-Learning,484,5,29.939999999999998,3.5826666046396194,0.968,0.014832396974191338
Cooperative Q-Learning,485,5,37.80999999999999,6.645430761056797,0.968,0.014832396974191338
Cooperative Q-Learning,486,5,27.18,3.5038550198317266,0.968,0.014832396974191338
Cooperative Q-Learning,487,5,22.500000000000004,16.559929045741708,0.966,0.015165750888103114
Cooperative Q-Learning,488,5,29.410000000000004,2.1326040420106125,0.966,0.015165750888103114
Cooperative Q-Learning,489,5,29.409999999999997,3.8087727682286308,0.966,0.015165750888103114
Cooperative Q-Learning,490,5,27.05,2.66903540628445,0.966,0.015165750888103114
Cooperative Q-Learning,491,5,27.57,3.3971679381508375,0.966,0.015165750888103114
Cooperative Q-Learning,492,5,29.369999999999997,3.7357395519495196,0.966,0.015165750888103114
Cooperative Q-Learning,493,5,28.869999999999997,5.794458559693045,0.966,0.015165750888103114
Cooperative Q-Learning,494,5,32.660000000000004,4.613892066357858,0.966,0.015165750888103114
Cooperative Q-Learning,495,5,28.689999999999998,3.0100664444493592,0.966,0.015165750888103114
Cooperative Q-Learning,496,5,27.919999999999998,6.062652059948678,0.968,0.013038404810405309
Cooperative Q-Learning,497,5,26.259999999999998,4.162991712698932,0.97,0.012247448713915901
Cooperative Q-Learning,498,5,32.94,4.9389270089767425,0.97,0.012247448713915901
Cooperative Q-Learning,499,5,30.23,3.7049966261792986,0.97,0.012247448713915901
Cooperative Q-Learning,500,5,27.49,3.2598696292950136,0.97,0.012247448713915901
Cooperative Q-Learning,501,5,30.7,3.847889031663982,0.97,0.012247448713915901
Cooperative Q-Learning,502,5,28.45,8.236579994148057,0.97,0.012247448713915901
Cooperative Q-Learning,503,5,28.6,4.003123780249618,0.97,0.012247448713915901
Cooperative Q-Learning,504,5,32.14,4.853915944884082,0.97,0.012247448713915901
Cooperative Q-Learning,505,5,28.259999999999998,5.556347721300377,0.97,0.012247448713915901
Cooperative Q-Learning,506,5,27.68,3.3633316815324643,0.97,0.012247448713915901
Cooperative Q-Learning,507,5,30.569999999999993,4.824753879733132,0.97,0.012247448713915901
Cooperative Q-Learning,508,5,27.729999999999997,3.536170244770459,0.97,0.012247448713915901
Cooperative Q-Learning,509,5,27.2,3.555101967595304,0.97,0.012247448713915901
Cooperative Q-Learning,510,5,30.8,4.85708245760765,0.9719999999999999,0.013038404810405309
Cooperative Q-Learning,511,5,28.82,3.8567473342183036,0.974,0.01341640786499875
Cooperative Q-Learning,512,5,29.74,5.38671978109127,0.974,0.01341640786499875
Cooperative Q-Learning,513,5,31.72,4.306477679031899,0.974,0.01341640786499875
Cooperative Q-Learning,514,5,28.45,2.221204628124117,0.974,0.01341640786499875
Cooperative Q-Learning,515,5,30.380000000000003,6.8720993881054975,0.974,0.01341640786499875
Cooperative Q-Learning,516,5,26.199999999999996,11.81656676027347,0.974,0.018165902124584965
Cooperative Q-Learning,517,5,29.119999999999994,7.28865556875888,0.976,0.016733200530681527
Cooperative Q-Learning,518,5,32.44,6.098196454690517,0.978,0.01923538406167136
Cooperative Q-Learning,519,5,26.080000000000002,5.30454993378326,0.978,0.01923538406167136
Cooperative Q-Learning,520,5,30.279999999999994,6.79002945501711,0.978,0.01923538406167136
Cooperative Q-Learning,521,5,31.609999999999996,5.330970830908755,0.978,0.01923538406167136
Cooperative Q-Learning,522,5,29.160000000000004,3.9481641303269024,0.978,0.01923538406167136
Cooperative Q-Learning,523,5,32.69,5.43810628803814,0.978,0.01923538406167136
Cooperative Q-Learning,524,5,25.98999999999999,16.091511737559017,0.9800000000000001,0.014142135623730963
Cooperative Q-Learning,525,5,29.919999999999998,5.8168505224047085,0.982,0.014832396974191338
Cooperative Q-Learning,526,5,27.360000000000003,2.0403431084011343,0.982,0.014832396974191338
Cooperative Q-Learning,527,5,29.599999999999994,5.431390245600099,0.982,0.014832396974191338
Cooperative Q-Learning,528,5,27.320000000000004,5.602967963499346,0.982,0.014832396974191338
Cooperative Q-Learning,529,5,30.609999999999996,3.5894637482498615,0.982,0.014832396974191338
Cooperative Q-Learning,530,5,32.65,5.2578512721453015,0.982,0.014832396974191338
Cooperative Q-Learning,531,5,30.309999999999995,4.918765088922211,0.982,0.014832396974191338
Cooperative Q-Learning,532,5,25.41,7.847642958239117,0.9800000000000001,0.018708286933869722
Cooperative Q-Learning,533,5,28.73,5.542517478547088,0.9800000000000001,0.018708286933869722
Cooperative Q-Learning,534,5,29.77,6.9693615202542025,0.9800000000000001,0.018708286933869722
Cooperative Q-Learning,535,5,27.82,3.0425318404250086,0.9800000000000001,0.018708286933869722
Cooperative Q-Learning,536,5,29.18,3.5662655537690937,0.982,0.019235384061671364
Cooperative Q-Learning,537,5,27.829999999999995,3.9797298903317535,0.984,0.015165750888103114
Cooperative Q-Learning,538,5,30.919999999999998,2.636427507063294,0.984,0.015165750888103114
Cooperative Q-Learning,539,5,29.02,4.269309077590888,0.984,0.015165750888103114
Cooperative Q-Learning,540,5,30.55,4.8519326046432205,0.984,0.015165750888103114
Cooperative Q-Learning,541,5,26.839999999999996,10.791397036528679,0.982,0.014832396974191338
Cooperative Q-Learning,542,5,30.029999999999994,4.152348732946209,0.982,0.014832396974191338
Cooperative Q-Learning,543,5,30.299999999999994,5.3292823156593885,0.984,0.01140175425099139
Cooperative Q-Learning,544,5,27.820000000000004,2.0717142660125702,0.984,0.01140175425099139
Cooperative Q-Learning,545,5,30.55,5.238439653179173,0.984,0.01140175425099139
Cooperative Q-Learning,546,5,30.649999999999988,5.746194392813374,0.984,0.01140175425099139
Cooperative Q-Learning,547,5,27.469999999999988,7.920353527463293,0.982,0.014832396974191338
Cooperative Q-Learning,548,5,21.699999999999996,12.671227249165725,0.9800000000000001,0.01581138830084191
Cooperative Q-Learning,549,5,26.74,3.2338831147708476,0.9800000000000001,0.01581138830084191
Cooperative Q-Learning,550,5,34.79999999999999,4.954795656734986,0.9800000000000001,0.01581138830084191
Cooperative Q-Learning,551,5,28.889999999999997,7.2954951853866605,0.9800000000000001,0.01581138830084191
Cooperative Q-Learning,552,5,32.199999999999996,4.794658486274069,0.982,0.017888543819998333
Cooperative Q-Learning,553,5,30.679999999999996,7.951304924350461,0.982,0.017888543819998333
Cooperative Q-Learning,554,5,30.369999999999997,1.4302971719191766,0.982,0.017888543819998333
Cooperative Q-Learning,555,5,29.97,6.597025845030468,0.982,0.017888543819998333
Cooperative Q-Learning,556,5,27.47,3.249923076012722,0.984,0.018165902124584965
Cooperative Q-Learning,557,5,30.3,2.9165476166179776,0.984,0.018165902124584965
Cooperative Q-Learning,558,5,26.71999999999999,5.560980129437605,0.984,0.018165902124584965
Cooperative Q-Learning,559,5,28.139999999999997,3.8968577084620333,0.984,0.018165902124584965
Cooperative Q-Learning,560,5,26.9,2.42487113059643,0.984,0.018165902124584965
Cooperative Q-Learning,561,5,32.3,5.11651737024316,0.984,0.018165902124584965
Cooperative Q-Learning,562,5,30.019999999999992,3.0210925176167587,0.984,0.018165902124584965
Cooperative Q-Learning,563,5,28.65,1.906239754070825,0.984,0.018165902124584965
Cooperative Q-Learning,564,5,29.71,2.6597462284962425,0.984,0.018165902124584965
Cooperative Q-Learning,565,5,31.709999999999997,6.629045934370939,0.984,0.018165902124584965
Cooperative Q-Learning,566,5,27.169999999999998,4.079920342359638,0.984,0.018165902124584965
Cooperative Q-Learning,567,5,25.819999999999993,13.92311926257907,0.982,0.016431676725154998
Cooperative Q-Learning,568,5,27.25,3.186494939584872,0.982,0.016431676725154998
Cooperative Q-Learning,569,5,32.4,4.383206588788622,0.984,0.01341640786499875
Cooperative Q-Learning,570,5,29.149999999999995,2.039301350953313,0.984,0.01341640786499875
Cooperative Q-Learning,571,5,28.609999999999996,3.1163680783886933,0.984,0.01341640786499875
Cooperative Q-Learning,572,5,29.23,2.5474497050972347,0.984,0.01341640786499875
Cooperative Q-Learning,573,5,30.24,2.350904081412085,0.984,0.01341640786499875
Cooperative Q-Learning,574,5,30.169999999999995,4.042523964060074,0.984,0.01341640786499875
Cooperative Q-Learning,575,5,32.51,4.8049973985424765,0.984,0.01341640786499875
Cooperative Q-Learning,576,5,29.839999999999996,2.7102582902741927,0.984,0.01341640786499875
Cooperative Q-Learning,577,5,31.389999999999997,5.147742223538387,0.984,0.01341640786499875
Cooperative Q-Learning,578,5,26.920000000000005,3.500642798115797,0.984,0.01341640786499875
Cooperative Q-Learning,579,5,27.199999999999996,5.416525639189747,0.984,0.01341640786499875
Cooperative Q-Learning,580,5,29.819999999999993,3.7717038590005925,0.984,0.01341640786499875
Cooperative Q-Learning,581,5,26.620000000000005,3.2696712372958845,0.984,0.01341640786499875
Cooperative Q-Learning,582,5,28.169999999999998,4.1896598907309865,0.984,0.01341640786499875
Cooperative Q-Learning,583,5,30.339999999999996,3.922594804462985,0.984,0.01341640786499875
Cooperative Q-Learning,584,5,32.059999999999995,5.245521899677856,0.984,0.01341640786499875
Cooperative Q-Learning,585,5,27.640000000000004,1.6946238520686538,0.984,0.01341640786499875
Cooperative Q-Learning,586,5,30.93,4.095057997147292,0.984,0.01341640786499875
Cooperative Q-Learning,587,5,30.54,6.524415682649282,0.986,0.015165750888103114
Cooperative Q-Learning,588,5,30.610000000000003,4.208235972471121,0.986,0.015165750888103114
Cooperative Q-Learning,589,5,28.189999999999998,3.8378705032869465,0.986,0.015165750888103114
Cooperative Q-Learning,590,5,30.47,5.833373809383381,0.986,0.015165750888103114
Cooperative Q-Learning,591,5,32.65,4.19761837236307,0.986,0.015165750888103114
Cooperative Q-Learning,592,5,31.73999999999999,5.973629549946993,0.986,0.015165750888103114
Cooperative Q-Learning,593,5,29.65,3.64434493427831,0.986,0.015165750888103114
Cooperative Q-Learning,594,5,31.639999999999997,4.2306027939290125,0.986,0.015165750888103114
Cooperative Q-Learning,595,5,29.939999999999998,2.7327641683833597,0.986,0.015165750888103114
Cooperative Q-Learning,596,5,26.089999999999996,4.070994964379101,0.986,0.015165750888103114
Cooperative Q-Learning,597,5,27.22,3.2368194265358676,0.986,0.015165750888103114
Cooperative Q-Learning,598,5,24.950000000000003,10.969958978957026,0.984,0.018165902124584965
Cooperative Q-Learning,599,5,31.22,7.1563433400026275,0.984,0.018165902124584965
Cooperative Q-Learning,600,5,26.579999999999995,4.140893623361998,0.984,0.018165902124584965
Cooperative Q-Learning,601,5,30.459999999999997,4.716778561688045,0.984,0.018165902124584965
Cooperative Q-Learning,602,5,28.809999999999995,6.3136162379416065,0.984,0.018165902124584965
Cooperative Q-Learning,603,5,31.879999999999995,2.8977577538503745,0.984,0.018165902124584965
Cooperative Q-Learning,604,5,29.77,6.066877285721207,0.984,0.018165902124584965
Cooperative Q-Learning,605,5,29.919999999999995,6.889357734941616,0.984,0.018165902124584965
Cooperative Q-Learning,606,5,26.810000000000002,4.912789431677282,0.984,0.018165902124584965
Cooperative Q-Learning,607,5,29.82,5.079074718883352,0.984,0.018165902124584965
Cooperative Q-Learning,608,5,25.199999999999996,5.768340315896781,0.982,0.021679483388678818
Cooperative Q-Learning,609,5,27.660000000000004,4.842829751292107,0.982,0.021679483388678818
Cooperative Q-Learning,610,5,29.85,4.7552602452442025,0.982,0.021679483388678818
Cooperative Q-Learning,611,5,28.829999999999995,4.427696918263485,0.982,0.021679483388678818
Cooperative Q-Learning,612,5,29.75,3.03253194542118,0.982,0.021679483388678818
Cooperative Q-Learning,613,5,25.689999999999998,6.008889248438517,0.982,0.021679483388678818
Cooperative Q-Learning,614,5,29.630000000000003,3.82942554438652,0.982,0.021679483388678818
Cooperative Q-Learning,615,5,33.87999999999999,4.260076290396678,0.982,0.021679483388678818
Cooperative Q-Learning,616,5,31.99,4.145690533554082,0.984,0.018165902124584965
Cooperative Q-Learning,617,5,32.559999999999995,4.427386362178026,0.984,0.018165902124584965
Cooperative Q-Learning,618,5,29.979999999999997,5.581509652414834,0.984,0.018165902124584965
Cooperative Q-Learning,619,5,33.96999999999999,4.44038286637537,0.984,0.018165902124584965
Cooperative Q-Learning,620,5,30.709999999999997,4.2221736108312715,0.984,0.018165902124584965
Cooperative Q-Learning,621,5,30.859999999999996,2.383379952923996,0.984,0.018165902124584965
Cooperative Q-Learning,622,5,30.8,4.542163581378369,0.984,0.018165902124584965
Cooperative Q-Learning,623,5,25.57,1.6350076452420628,0.984,0.018165902124584965
Cooperative Q-Learning,624,5,31.259999999999998,4.923083383409213,0.986,0.016733200530681527
Cooperative Q-Learning,625,5,31.18,2.0358045092788206,0.986,0.016733200530681527
Cooperative Q-Learning,626,5,27.97,12.122633789733975,0.984,0.015165750888103114
Cooperative Q-Learning,627,5,29.899999999999995,4.769958071094542,0.984,0.015165750888103114
Cooperative Q-Learning,628,5,27.619999999999997,2.7916393033484828,0.984,0.015165750888103114
Cooperative Q-Learning,629,5,32.89999999999999,1.7259055594093173,0.984,0.015165750888103114
Cooperative Q-Learning,630,5,30.669999999999998,5.179358068332405,0.984,0.015165750888103114
Cooperative Q-Learning,631,5,30.47,1.7108477430794349,0.984,0.015165750888103114
Cooperative Q-Learning,632,5,28.98,3.9301081410057894,0.986,0.01140175425099139
Cooperative Q-Learning,633,5,30.589999999999996,4.716778561688046,0.986,0.01140175425099139
Cooperative Q-Learning,634,5,27.369999999999997,3.284927700878662,0.986,0.01140175425099139
Cooperative Q-Learning,635,5,30.689999999999998,6.345214732379039,0.986,0.01140175425099139
Cooperative Q-Learning,636,5,31.749999999999993,5.877712139940159,0.986,0.01140175425099139
Cooperative Q-Learning,637,5,31.02,4.528879552383792,0.986,0.01140175425099139
Cooperative Q-Learning,638,5,29.65,2.638418086657229,0.986,0.01140175425099139
Cooperative Q-Learning,639,5,32.739999999999995,3.9793843744981414,0.986,0.01140175425099139
Cooperative Q-Learning,640,5,28.45,2.3046149352983027,0.986,0.01140175425099139
Cooperative Q-Learning,641,5,34.339999999999996,3.5514785653302154,0.9879999999999999,0.010954451150103333
Cooperative Q-Learning,642,5,28.389999999999997,4.714392855925349,0.9879999999999999,0.010954451150103333
Cooperative Q-Learning,643,5,29.130000000000003,4.331079542100329,0.9879999999999999,0.010954451150103333
Cooperative Q-Learning,644,5,31.470000000000006,2.940790709996208,0.9879999999999999,0.010954451150103333
Cooperative Q-Learning,645,5,28.03,2.6903995985726734,0.9879999999999999,0.010954451150103333
Cooperative Q-Learning,646,5,29.299999999999994,6.640971314499103,0.9879999999999999,0.010954451150103333
Cooperative Q-Learning,647,5,30.889999999999997,4.032276032218032,0.99,0.007071067811865481
Cooperative Q-Learning,648,5,32.36,2.1941399226120444,0.992,0.008366600265340763
Cooperative Q-Learning,649,5,30.419999999999998,1.9315149494632433,0.992,0.008366600265340763
Cooperative Q-Learning,650,5,31.54,3.642526595647586,0.992,0.008366600265340763
Cooperative Q-Learning,651,5,27.440000000000005,1.9417775361765846,0.992,0.008366600265340763
Cooperative Q-Learning,652,5,30.419999999999998,2.876543064165733,0.992,0.008366600265340763
Cooperative Q-Learning,653,5,32.94,4.969582477432078,0.992,0.008366600265340763
Cooperative Q-Learning,654,5,28.609999999999996,5.968605364739734,0.992,0.008366600265340763
Cooperative Q-Learning,655,5,28.160000000000004,4.230159571458265,0.992,0.008366600265340763
Cooperative Q-Learning,656,5,30.779999999999994,8.500264701760754,0.992,0.008366600265340763
Cooperative Q-Learning,657,5,28.920000000000005,5.302075065481439,0.992,0.008366600265340763
Cooperative Q-Learning,658,5,27.079999999999995,3.068509410120815,0.992,0.008366600265340763
Cooperative Q-Learning,659,5,34.199999999999996,1.6132265804901635,0.992,0.008366600265340763
Cooperative Q-Learning,660,5,33.809999999999995,6.151056819766823,0.992,0.008366600265340763
Cooperative Q-Learning,661,5,32.23,7.417260275870058,0.992,0.008366600265340763
Cooperative Q-Learning,662,5,29.330000000000002,4.211086558122492,0.992,0.008366600265340763
Cooperative Q-Learning,663,5,25.99,12.482557830829377,0.99,0.007071067811865481
Cooperative Q-Learning,664,5,32.68,3.9275628575491948,0.99,0.007071067811865481
Cooperative Q-Learning,665,5,30.609999999999996,5.459899266470031,0.99,0.007071067811865481
Cooperative Q-Learning,666,5,29.169999999999998,4.408316005006896,0.99,0.007071067811865481
Cooperative Q-Learning,667,5,28.810000000000002,3.791009100490263,0.992,0.008366600265340763
Cooperative Q-Learning,668,5,29.440000000000005,3.6526360344277387,0.992,0.008366600265340763
Cooperative Q-Learning,669,5,35.62999999999999,4.755601959794361,0.992,0.008366600265340763
Cooperative Q-Learning,670,5,28.020000000000003,3.003040126272041,0.992,0.008366600265340763
Cooperative Q-Learning,671,5,28.799999999999994,6.726161609714703,0.992,0.008366600265340763
Cooperative Q-Learning,672,5,30.439999999999998,3.5343669871703995,0.992,0.008366600265340763
Cooperative Q-Learning,673,5,27.669999999999998,3.501892345575458,0.992,0.008366600265340763
Cooperative Q-Learning,674,5,27.869999999999997,3.826649970927572,0.992,0.008366600265340763
Cooperative Q-Learning,675,5,29.35,1.718284027743955,0.992,0.008366600265340763
Cooperative Q-Learning,676,5,27.23,4.237127564754216,0.992,0.008366600265340763
Cooperative Q-Learning,677,5,30.589999999999993,5.366726190146094,0.992,0.008366600265340763
Cooperative Q-Learning,678,5,22.000000000000004,12.577609073269846,0.99,0.010000000000000009
Cooperative Q-Learning,679,5,29.32,4.65357389540555,0.99,0.010000000000000009
Cooperative Q-Learning,680,5,34.03999999999999,5.256115485793666,0.99,0.010000000000000009
Cooperative Q-Learning,681,5,27.72,3.0194370336206715,0.99,0.010000000000000009
Cooperative Q-Learning,682,5,33.129999999999995,3.2910104831191234,0.99,0.010000000000000009
Cooperative Q-Learning,683,5,29.060000000000002,5.3720806025226375,0.99,0.010000000000000009
Cooperative Q-Learning,684,5,31.29,3.593988035594997,0.99,0.010000000000000009
Cooperative Q-Learning,685,5,25.56,2.016618456724028,0.99,0.010000000000000009
Cooperative Q-Learning,686,5,29.919999999999995,5.1520141692351675,0.99,0.010000000000000009
Cooperative Q-Learning,687,5,32.94,3.6035399262391934,0.99,0.010000000000000009
Cooperative Q-Learning,688,5,33.11,6.124479569726711,0.99,0.010000000000000009
Cooperative Q-Learning,689,5,28.05,4.545464772715762,0.99,0.010000000000000009
Cooperative Q-Learning,690,5,31.75,4.2340878592679205,0.99,0.010000000000000009
Cooperative Q-Learning,691,5,32.879999999999995,6.009950082987371,0.99,0.010000000000000009
Cooperative Q-Learning,692,5,29.689999999999998,3.946897515771091,0.99,0.010000000000000009
Cooperative Q-Learning,693,5,30.04,5.008917048624381,0.99,0.010000000000000009
Cooperative Q-Learning,694,5,27.580000000000002,3.694015430395494,0.99,0.010000000000000009
Cooperative Q-Learning,695,5,29.080000000000002,1.4342245291445836,0.99,0.010000000000000009
Cooperative Q-Learning,696,5,26.3,2.5816661286851166,0.99,0.010000000000000009
Cooperative Q-Learning,697,5,33.42,3.085773808949709,0.99,0.010000000000000009
Cooperative Q-Learning,698,5,33.379999999999995,4.54898340291542,0.992,0.008366600265340763
Cooperative Q-Learning,699,5,29.139999999999997,6.316090562998601,0.992,0.008366600265340763
Cooperative Q-Learning,700,5,26.389999999999997,2.6672551434011713,0.992,0.008366600265340763
Cooperative Q-Learning,701,5,30.689999999999998,5.58327860669696,0.992,0.008366600265340763
Cooperative Q-Learning,702,5,32.7,4.44803327325684,0.992,0.008366600265340763
Cooperative Q-Learning,703,5,28.869999999999997,3.20402091129256,0.992,0.008366600265340763
Cooperative Q-Learning,704,5,27.93,4.169322486927579,0.992,0.008366600265340763
Cooperative Q-Learning,705,5,28.85,3.7654680983909556,0.992,0.008366600265340763
Cooperative Q-Learning,706,5,26.23,2.25099977787649,0.992,0.008366600265340763
Cooperative Q-Learning,707,5,28.889999999999997,3.229821976518216,0.992,0.008366600265340763
Cooperative Q-Learning,708,5,33.14999999999999,8.03958954176144,0.994,0.008944271909999166
Cooperative Q-Learning,709,5,31.089999999999996,3.961281358348579,0.994,0.008944271909999166
Cooperative Q-Learning,710,5,29.189999999999998,4.0651568235432185,0.994,0.008944271909999166
Cooperative Q-Learning,711,5,30.8,2.5942243542145693,0.994,0.008944271909999166
Cooperative Q-Learning,712,5,27.79,4.034290520029514,0.994,0.008944271909999166
Cooperative Q-Learning,713,5,29.830000000000002,3.883233188980543,0.994,0.008944271909999166
Cooperative Q-Learning,714,5,29.159999999999997,2.041261864631773,0.994,0.008944271909999166
Cooperative Q-Learning,715,5,24.580000000000002,2.3080294625502513,0.994,0.008944271909999166
Cooperative Q-Learning,716,5,23.130000000000003,12.94017967417763,0.992,0.008366600265340763
Cooperative Q-Learning,717,5,29.0,3.596873642484538,0.992,0.008366600265340763
Cooperative Q-Learning,718,5,32.309999999999995,4.654352801410739,0.992,0.008366600265340763
Cooperative Q-Learning,719,5,28.419999999999998,6.769564240037904,0.992,0.008366600265340763
Cooperative Q-Learning,720,5,30.279999999999994,3.6899525742209662,0.992,0.008366600265340763
Cooperative Q-Learning,721,5,28.27,3.967776455396649,0.992,0.008366600265340763
Cooperative Q-Learning,722,5,28.04,3.9205229243048683,0.992,0.008366600265340763
Cooperative Q-Learning,723,5,34.56999999999999,3.434494140335657,0.992,0.008366600265340763
Cooperative Q-Learning,724,5,29.22,5.551306152609485,0.992,0.008366600265340763
Cooperative Q-Learning,725,5,27.330000000000002,3.316360957435122,0.992,0.008366600265340763
Cooperative Q-Learning,726,5,25.740000000000002,0.9996249296611213,0.994,0.005477225575051666
Cooperative Q-Learning,727,5,27.169999999999998,5.53834361519759,0.994,0.005477225575051666
Cooperative Q-Learning,728,5,31.99,5.3464240385513735,0.994,0.005477225575051666
Cooperative Q-Learning,729,5,29.929999999999996,5.068357722181805,0.994,0.005477225575051666
Cooperative Q-Learning,730,5,29.95,6.797793759742933,0.994,0.005477225575051666
Cooperative Q-Learning,731,5,27.910000000000004,3.5744580008723013,0.994,0.005477225575051666
Cooperative Q-Learning,732,5,31.07,1.0952168735004033,0.994,0.005477225575051666
Cooperative Q-Learning,733,5,32.419999999999995,4.278521941044588,0.994,0.005477225575051666
Cooperative Q-Learning,734,5,28.330000000000002,4.158064453564903,0.994,0.005477225575051666
Cooperative Q-Learning,735,5,30.060000000000002,3.6788924963907252,0.994,0.005477225575051666
Cooperative Q-Learning,736,5,27.18,3.396615962984334,0.994,0.005477225575051666
Cooperative Q-Learning,737,5,26.139999999999997,2.6493867214885802,0.994,0.005477225575051666
Cooperative Q-Learning,738,5,28.7,3.9620070671315037,0.994,0.005477225575051666
Cooperative Q-Learning,739,5,31.909999999999997,4.610910972898949,0.994,0.005477225575051666
Cooperative Q-Learning,740,5,28.319999999999993,4.531776693527612,0.994,0.005477225575051666
Cooperative Q-Learning,741,5,33.58,1.8029836383062345,0.994,0.005477225575051666
Cooperative Q-Learning,742,5,29.35,5.095708979131363,0.994,0.005477225575051666
Cooperative Q-Learning,743,5,26.589999999999996,1.584061236190067,0.994,0.005477225575051666
Cooperative Q-Learning,744,5,27.009999999999998,2.675443888404313,0.994,0.005477225575051666
Cooperative Q-Learning,745,5,28.369999999999997,3.009692675340789,0.994,0.005477225575051666
Cooperative Q-Learning,746,5,31.119999999999997,5.338141062205078,0.994,0.005477225575051666
Cooperative Q-Learning,747,5,29.79,5.818440512714717,0.994,0.005477225575051666
Cooperative Q-Learning,748,5,32.879999999999995,5.25934881900791,0.994,0.005477225575051666
Cooperative Q-Learning,749,5,29.5,3.461033082765897,0.994,0.005477225575051666
Cooperative Q-Learning,750,5,33.01,6.285439523215537,0.994,0.005477225575051666
Cooperative Q-Learning,751,5,28.05,3.1911988342940973,0.994,0.005477225575051666
Cooperative Q-Learning,752,5,28.419999999999998,3.521469863565496,0.994,0.005477225575051666
Cooperative Q-Learning,753,5,30.35,3.1884557390686785,0.994,0.005477225575051666
Cooperative Q-Learning,754,5,28.21,2.4711839267848905,0.994,0.005477225575051666
Cooperative Q-Learning,755,5,32.08,1.6983815825661779,0.994,0.005477225575051666
Cooperative Q-Learning,756,5,26.170000000000005,1.3325726997053469,0.994,0.005477225575051666
Cooperative Q-Learning,757,5,29.169999999999998,4.433762510554663,0.994,0.005477225575051666
Cooperative Q-Learning,758,5,30.379999999999995,16.366299215155504,0.992,0.008366600265340763
Cooperative Q-Learning,759,5,31.839999999999996,4.031966021682223,0.992,0.008366600265340763
Cooperative Q-Learning,760,5,32.129999999999995,3.18366926674238,0.992,0.008366600265340763
Cooperative Q-Learning,761,5,27.889999999999997,4.2990405906434495,0.992,0.008366600265340763
Cooperative Q-Learning,762,5,29.7,5.32071423776921,0.992,0.008366600265340763
Cooperative Q-Learning,763,5,30.01,4.647095867313262,0.994,0.008944271909999166
Cooperative Q-Learning,764,5,29.579999999999995,5.152256787078834,0.994,0.008944271909999166
Cooperative Q-Learning,765,5,29.119999999999997,7.086924579815988,0.994,0.008944271909999166
Cooperative Q-Learning,766,5,28.54,2.627831805881036,0.994,0.008944271909999166
Cooperative Q-Learning,767,5,25.44,2.5304149857286258,0.994,0.008944271909999166
Cooperative Q-Learning,768,5,28.49,2.2105994662082042,0.994,0.008944271909999166
Cooperative Q-Learning,769,5,31.139999999999993,6.133351449248595,0.994,0.008944271909999166
Cooperative Q-Learning,770,5,30.03,2.735552960554775,0.994,0.008944271909999166
Cooperative Q-Learning,771,5,29.329999999999995,6.965952913995321,0.994,0.008944271909999166
Cooperative Q-Learning,772,5,29.04,5.596807125495746,0.994,0.008944271909999166
Cooperative Q-Learning,773,5,29.04,4.231341394877038,0.994,0.008944271909999166
Cooperative Q-Learning,774,5,27.03,3.2250193797867337,0.994,0.008944271909999166
Cooperative Q-Learning,775,5,28.78,5.025261187241913,0.994,0.008944271909999166
Cooperative Q-Learning,776,5,27.99,11.253410594126562,0.992,0.010954451150103331
Cooperative Q-Learning,777,5,33.019999999999996,4.74296847976032,0.992,0.010954451150103331
Cooperative Q-Learning,778,5,30.799999999999994,5.715220905616854,0.994,0.008944271909999166
Cooperative Q-Learning,779,5,34.46999999999999,5.774361436557283,0.994,0.008944271909999166
Cooperative Q-Learning,780,5,29.580000000000002,2.9903177088730875,0.994,0.008944271909999166
Cooperative Q-Learning,781,5,28.6,4.934445257574551,0.994,0.008944271909999166
Cooperative Q-Learning,782,5,29.52,4.793172227241578,0.994,0.008944271909999166
Cooperative Q-Learning,783,5,30.419999999999998,4.899693867988076,0.994,0.008944271909999166
Cooperative Q-Learning,784,5,25.130000000000003,9.977637495920558,0.992,0.008366600265340763
Cooperative Q-Learning,785,5,27.82,5.062682095490491,0.992,0.008366600265340763
Cooperative Q-Learning,786,5,35.02999999999999,6.888631939652451,0.992,0.008366600265340763
Cooperative Q-Learning,787,5,28.78,4.757178785793111,0.992,0.008366600265340763
Cooperative Q-Learning,788,5,30.189999999999998,0.6561249880929702,0.992,0.008366600265340763
Cooperative Q-Learning,789,5,32.339999999999996,3.597116901075079,0.992,0.008366600265340763
Cooperative Q-Learning,790,5,32.059999999999995,4.629578814535936,0.992,0.008366600265340763
Cooperative Q-Learning,791,5,34.279999999999994,6.415469585307059,0.992,0.008366600265340763
Cooperative Q-Learning,792,5,28.57,5.026504749823673,0.992,0.008366600265340763
Cooperative Q-Learning,793,5,28.659999999999997,4.255202697874684,0.992,0.008366600265340763
Cooperative Q-Learning,794,5,27.73,3.2071404708868014,0.992,0.008366600265340763
Cooperative Q-Learning,795,5,31.65,2.2756867095450537,0.992,0.008366600265340763
Cooperative Q-Learning,796,5,32.379999999999995,3.0954805765825775,0.992,0.008366600265340763
Cooperative Q-Learning,797,5,26.119999999999997,2.1842046607403804,0.992,0.008366600265340763
Cooperative Q-Learning,798,5,32.32,4.56489320795131,0.992,0.008366600265340763
Cooperative Q-Learning,799,5,35.05,4.2752192926211325,0.992,0.008366600265340763
Cooperative Q-Learning,800,5,29.51,3.9804836389564526,0.992,0.008366600265340763
Cooperative Q-Learning,801,5,28.6,4.260134974387545,0.992,0.008366600265340763
Cooperative Q-Learning,802,5,31.919999999999998,6.200866874881282,0.992,0.008366600265340763
Cooperative Q-Learning,803,5,34.519999999999996,6.852244157938325,0.992,0.008366600265340763
Cooperative Q-Learning,804,5,28.359999999999996,4.979131450363605,0.992,0.008366600265340763
Cooperative Q-Learning,805,5,27.829999999999995,6.004331769647639,0.992,0.008366600265340763
Cooperative Q-Learning,806,5,32.44,7.749306420577256,0.992,0.008366600265340763
Cooperative Q-Learning,807,5,26.929999999999996,7.230715732207978,0.992,0.008366600265340763
Cooperative Q-Learning,808,5,29.799999999999994,5.880901291468841,0.992,0.008366600265340763
Cooperative Q-Learning,809,5,26.72,3.6398145557157173,0.992,0.008366600265340763
Cooperative Q-Learning,810,5,28.080000000000002,1.7108477430794344,0.992,0.008366600265340763
Cooperative Q-Learning,811,5,29.980000000000008,3.2885407097981925,0.992,0.008366600265340763
Cooperative Q-Learning,812,5,28.689999999999998,2.92732813329835,0.992,0.008366600265340763
Cooperative Q-Learning,813,5,29.29,6.0242634404547735,0.992,0.008366600265340763
Cooperative Q-Learning,814,5,29.2,2.085065946199304,0.992,0.008366600265340763
Cooperative Q-Learning,815,5,18.729999999999993,18.55709433074048,0.99,0.010000000000000009
Cooperative Q-Learning,816,5,30.569999999999993,6.700055969915463,0.992,0.008366600265340763
Cooperative Q-Learning,817,5,28.46,1.5578029400408768,0.992,0.008366600265340763
Cooperative Q-Learning,818,5,31.47,4.716672555944496,0.992,0.008366600265340763
Cooperative Q-Learning,819,5,29.93999999999999,10.278703712044624,0.99,0.012247448713915901
Cooperative Q-Learning,820,5,28.53,3.369829372535055,0.99,0.012247448713915901
Cooperative Q-Learning,821,5,30.889999999999997,4.990666288182368,0.99,0.012247448713915901
Cooperative Q-Learning,822,5,30.25,3.768620437242251,0.99,0.012247448713915901
Cooperative Q-Learning,823,5,33.33,6.293905782580474,0.99,0.012247448713915901
Cooperative Q-Learning,824,5,28.839999999999996,3.8166411935103355,0.99,0.012247448713915901
Cooperative Q-Learning,825,5,31.70999999999999,6.26771489460073,0.99,0.012247448713915901
Cooperative Q-Learning,826,5,30.839999999999996,2.5341172032879604,0.99,0.012247448713915901
Cooperative Q-Learning,827,5,32.989999999999995,5.819084979616636,0.99,0.012247448713915901
Cooperative Q-Learning,828,5,28.509999999999998,5.319233967405452,0.99,0.012247448713915901
Cooperative Q-Learning,829,5,31.80999999999999,3.8799806700549375,0.99,0.012247448713915901
Cooperative Q-Learning,830,5,32.339999999999996,6.367338533484764,0.99,0.012247448713915901
Cooperative Q-Learning,831,5,28.079999999999995,4.038811706430492,0.99,0.012247448713915901
Cooperative Q-Learning,832,5,27.610000000000003,3.578128002182147,0.99,0.012247448713915901
Cooperative Q-Learning,833,5,29.589999999999996,4.010205730383417,0.99,0.012247448713915901
Cooperative Q-Learning,834,5,32.919999999999995,3.0993144403238557,0.99,0.012247448713915901
Cooperative Q-Learning,835,5,31.209999999999997,5.158657771164895,0.99,0.012247448713915901
Cooperative Q-Learning,836,5,33.489999999999995,5.187653612183445,0.99,0.012247448713915901
Cooperative Q-Learning,837,5,32.809999999999995,4.246527993549545,0.99,0.012247448713915901
Cooperative Q-Learning,838,5,31.089999999999996,3.117370686973238,0.99,0.012247448713915901
Cooperative Q-Learning,839,5,28.879999999999995,4.8038526205536245,0.99,0.012247448713915901
Cooperative Q-Learning,840,5,29.669999999999998,4.9843003521056,0.99,0.012247448713915901
Cooperative Q-Learning,841,5,29.459999999999997,5.079296211090662,0.99,0.012247448713915901
Cooperative Q-Learning,842,5,33.51,3.8748225765833455,0.99,0.012247448713915901
Cooperative Q-Learning,843,5,27.089999999999996,3.5387851022632044,0.99,0.012247448713915901
Cooperative Q-Learning,844,5,28.43999999999999,5.4107993864123145,0.99,0.012247448713915901
Cooperative Q-Learning,845,5,30.54,2.7003240546275173,0.99,0.012247448713915901
Cooperative Q-Learning,846,5,32.699999999999996,5.243805869785796,0.99,0.012247448713915901
Cooperative Q-Learning,847,5,33.04,6.062734531545968,0.99,0.012247448713915901
Cooperative Q-Learning,848,5,33.529999999999994,5.147523676487555,0.99,0.012247448713915901
Cooperative Q-Learning,849,5,29.04,4.6391540177062405,0.99,0.012247448713915901
Cooperative Q-Learning,850,5,32.489999999999995,6.688366766259155,0.99,0.012247448713915901
Cooperative Q-Learning,851,5,33.39999999999999,7.981776118133099,0.99,0.012247448713915901
Cooperative Q-Learning,852,5,28.309999999999995,3.8287400016193285,0.99,0.012247448713915901
Cooperative Q-Learning,853,5,28.32,3.1501190453695536,0.99,0.012247448713915901
Cooperative Q-Learning,854,5,29.78,5.605644476775171,0.99,0.012247448713915901
Cooperative Q-Learning,855,5,28.99,3.251422765498205,0.99,0.012247448713915901
Cooperative Q-Learning,856,5,28.79,3.69178141281414,0.99,0.012247448713915901
Cooperative Q-Learning,857,5,28.01,2.439108443673632,0.99,0.012247448713915901
Cooperative Q-Learning,858,5,33.529999999999994,2.535645874328666,0.992,0.013038404810405309
Cooperative Q-Learning,859,5,31.669999999999998,3.525904139366234,0.992,0.013038404810405309
Cooperative Q-Learning,860,5,33.33,3.8434359627812187,0.992,0.013038404810405309
Cooperative Q-Learning,861,5,27.35,4.187481343242021,0.992,0.013038404810405309
Cooperative Q-Learning,862,5,30.76,3.384782120018952,0.992,0.013038404810405309
Cooperative Q-Learning,863,5,29.789999999999992,4.408996484462185,0.992,0.013038404810405309
Cooperative Q-Learning,864,5,30.329999999999995,6.3990819654072215,0.992,0.013038404810405309
Cooperative Q-Learning,865,5,29.860000000000003,2.7969626382917583,0.992,0.013038404810405309
Cooperative Q-Learning,866,5,30.169999999999998,4.639046238183011,0.992,0.013038404810405309
Cooperative Q-Learning,867,5,32.739999999999995,7.4002026999265285,0.992,0.013038404810405309
Cooperative Q-Learning,868,5,28.96,2.3495744295510193,0.992,0.013038404810405309
Cooperative Q-Learning,869,5,29.98,6.031438468557889,0.992,0.013038404810405309
Cooperative Q-Learning,870,5,33.86,7.206368711077715,0.992,0.013038404810405309
Cooperative Q-Learning,871,5,28.639999999999997,3.7058062550543527,0.992,0.013038404810405309
Cooperative Q-Learning,872,5,30.869999999999997,4.572827352962269,0.992,0.013038404810405309
Cooperative Q-Learning,873,5,30.24,3.5414333256465516,0.992,0.013038404810405309
Cooperative Q-Learning,874,5,27.619999999999997,5.954578070694845,0.992,0.013038404810405309
Cooperative Q-Learning,875,5,29.3,3.0022907920453004,0.992,0.013038404810405309
Cooperative Q-Learning,876,5,29.659999999999997,5.485139013735201,0.994,0.01341640786499875
Cooperative Q-Learning,877,5,31.729999999999997,3.702127766568841,0.994,0.01341640786499875
Cooperative Q-Learning,878,5,28.72,3.2610581104911303,0.994,0.01341640786499875
Cooperative Q-Learning,879,5,30.24,3.830045691633456,0.994,0.01341640786499875
Cooperative Q-Learning,880,5,28.77,4.79630065779867,0.994,0.01341640786499875
Cooperative Q-Learning,881,5,29.369999999999997,2.9666058046191424,0.994,0.01341640786499875
Cooperative Q-Learning,882,5,30.129999999999995,5.0858381806738535,0.994,0.01341640786499875
Cooperative Q-Learning,883,5,29.580000000000002,3.208504324447761,0.994,0.01341640786499875
Cooperative Q-Learning,884,5,29.560000000000002,6.259432881659487,0.9960000000000001,0.008944271909999166
Cooperative Q-Learning,885,5,31.569999999999993,6.034546378974972,0.9960000000000001,0.008944271909999166
Cooperative Q-Learning,886,5,30.74,4.182313952825627,0.9960000000000001,0.008944271909999166
Cooperative Q-Learning,887,5,31.069999999999993,3.266037354348534,0.9960000000000001,0.008944271909999166
Cooperative Q-Learning,888,5,31.3,2.5785170156506605,0.9960000000000001,0.008944271909999166
Cooperative Q-Learning,889,5,32.19,7.515350956542211,0.9960000000000001,0.008944271909999166
Cooperative Q-Learning,890,5,30.49,1.3035528374408158,0.9960000000000001,0.008944271909999166
Cooperative Q-Learning,891,5,26.130000000000003,4.495914812360216,0.9960000000000001,0.008944271909999166
Cooperative Q-Learning,892,5,28.189999999999998,2.9577018105278956,0.9960000000000001,0.008944271909999166
Cooperative Q-Learning,893,5,26.24,3.7933164908823556,0.9960000000000001,0.008944271909999166
Cooperative Q-Learning,894,5,33.81999999999999,5.419248102827547,0.9960000000000001,0.008944271909999166
Cooperative Q-Learning,895,5,26.75,1.787456293171948,0.9960000000000001,0.008944271909999166
Cooperative Q-Learning,896,5,29.699999999999996,4.812483766206382,0.9960000000000001,0.008944271909999166
Cooperative Q-Learning,897,5,32.01,2.7584869040834694,0.9960000000000001,0.008944271909999166
Cooperative Q-Learning,898,5,32.2,4.665029474719316,0.9960000000000001,0.008944271909999166
Cooperative Q-Learning,899,5,35.39999999999999,4.3201562471744,0.9960000000000001,0.008944271909999166
Cooperative Q-Learning,900,5,29.229999999999997,6.885727993465899,0.9960000000000001,0.008944271909999166
Cooperative Q-Learning,901,5,27.48,2.949279573048307,0.9960000000000001,0.008944271909999166
Cooperative Q-Learning,902,5,31.669999999999995,2.752635101134904,0.9960000000000001,0.008944271909999166
Cooperative Q-Learning,903,5,32.44,4.592167244341167,0.9960000000000001,0.008944271909999166
Cooperative Q-Learning,904,5,30.620000000000005,3.594022815731695,0.9960000000000001,0.008944271909999166
Cooperative Q-Learning,905,5,28.860000000000003,3.2317564883511882,0.9960000000000001,0.008944271909999166
Cooperative Q-Learning,906,5,26.35,2.552204929076033,0.9960000000000001,0.008944271909999166
Cooperative Q-Learning,907,5,26.77,3.540233043176679,0.9960000000000001,0.008944271909999166
Cooperative Q-Learning,908,5,27.27,2.152498548199278,0.9960000000000001,0.008944271909999166
Cooperative Q-Learning,909,5,30.21999999999999,4.205740125114718,0.9960000000000001,0.008944271909999166
Cooperative Q-Learning,910,5,32.519999999999996,4.505635360301582,0.9960000000000001,0.008944271909999166
Cooperative Q-Learning,911,5,28.5,1.9222382786741077,0.9960000000000001,0.008944271909999166
Cooperative Q-Learning,912,5,29.95,3.5165679291036,0.9960000000000001,0.008944271909999166
Cooperative Q-Learning,913,5,29.909999999999997,2.5664664424067523,0.9960000000000001,0.008944271909999166
Cooperative Q-Learning,914,5,30.5,6.542839597605919,0.9960000000000001,0.008944271909999166
Cooperative Q-Learning,915,5,29.54,5.8916678453558395,0.998,0.004472135954999584
Cooperative Q-Learning,916,5,30.749999999999993,5.0618672444069395,0.998,0.004472135954999584
Cooperative Q-Learning,917,5,29.53,5.499386329400764,0.998,0.004472135954999584
Cooperative Q-Learning,918,5,28.439999999999998,5.1120446007443965,0.998,0.004472135954999584
Cooperative Q-Learning,919,5,27.23,3.6417028983704864,1.0,0.0
Cooperative Q-Learning,920,5,28.899999999999995,3.7744204853195646,1.0,0.0
Cooperative Q-Learning,921,5,28.26,1.992924986044381,1.0,0.0
Cooperative Q-Learning,922,5,32.699999999999996,5.836630020825369,1.0,0.0
Cooperative Q-Learning,923,5,23.979999999999997,3.698918760935416,1.0,0.0
Cooperative Q-Learning,924,5,29.359999999999996,2.264232761886461,1.0,0.0
Cooperative Q-Learning,925,5,31.589999999999996,7.355049286034723,1.0,0.0
Cooperative Q-Learning,926,5,29.169999999999998,3.6806249469349592,1.0,0.0
Cooperative Q-Learning,927,5,29.360000000000003,5.25575874636574,1.0,0.0
Cooperative Q-Learning,928,5,28.590000000000003,4.264299473536074,1.0,0.0
Cooperative Q-Learning,929,5,28.279999999999994,3.347312354710865,1.0,0.0
Cooperative Q-Learning,930,5,32.919999999999995,5.79693884735728,1.0,0.0
Cooperative Q-Learning,931,5,24.59,13.304999060503533,0.998,0.004472135954999584
Cooperative Q-Learning,932,5,30.419999999999995,7.21574666961086,0.9960000000000001,0.005477225575051666
Cooperative Q-Learning,933,5,32.39999999999999,5.896397205073613,0.9960000000000001,0.005477225575051666
Cooperative Q-Learning,934,5,30.349999999999994,3.224709289222824,0.9960000000000001,0.005477225575051666
Cooperative Q-Learning,935,5,29.729999999999997,2.773896176860261,0.9960000000000001,0.005477225575051666
Cooperative Q-Learning,936,5,30.51,5.423029596083721,0.9960000000000001,0.005477225575051666
Cooperative Q-Learning,937,5,30.619999999999997,4.524185009479604,0.9960000000000001,0.005477225575051666
Cooperative Q-Learning,938,5,29.160000000000004,2.9183471349378567,0.9960000000000001,0.005477225575051666
Cooperative Q-Learning,939,5,30.919999999999998,2.531945891996903,0.9960000000000001,0.005477225575051666
Cooperative Q-Learning,940,5,31.2,2.9671113898874766,0.9960000000000001,0.005477225575051666
Cooperative Q-Learning,941,5,29.24,4.14915654079236,0.9960000000000001,0.005477225575051666
Cooperative Q-Learning,942,5,32.06999999999999,2.9880177375644865,0.9960000000000001,0.005477225575051666
Cooperative Q-Learning,943,5,29.49,2.777903886026293,0.9960000000000001,0.005477225575051666
Cooperative Q-Learning,944,5,30.199999999999996,5.907093193779825,0.9960000000000001,0.005477225575051666
Cooperative Q-Learning,945,5,27.919999999999998,4.82255119205592,0.9960000000000001,0.005477225575051666
Cooperative Q-Learning,946,5,30.35,3.953953717483295,0.9960000000000001,0.005477225575051666
Cooperative Q-Learning,947,5,30.929999999999996,3.0301815127150387,0.9960000000000001,0.005477225575051666
Cooperative Q-Learning,948,5,28.95,3.35391562207519,0.9960000000000001,0.005477225575051666
Cooperative Q-Learning,949,5,29.880000000000003,3.2533828548143515,0.9960000000000001,0.005477225575051666
Cooperative Q-Learning,950,5,30.07,2.6376125568399944,0.9960000000000001,0.005477225575051666
Cooperative Q-Learning,951,5,34.30999999999999,8.936120522911482,0.9960000000000001,0.005477225575051666
Cooperative Q-Learning,952,5,30.659999999999997,3.2709708039051626,0.9960000000000001,0.005477225575051666
Cooperative Q-Learning,953,5,30.03,3.1554714386284624,0.9960000000000001,0.005477225575051666
Cooperative Q-Learning,954,5,29.309999999999995,6.057887420545217,0.9960000000000001,0.005477225575051666
Cooperative Q-Learning,955,5,30.919999999999998,5.066631030576426,0.9960000000000001,0.005477225575051666
Cooperative Q-Learning,956,5,29.48,6.920946467066476,0.9960000000000001,0.005477225575051666
Cooperative Q-Learning,957,5,28.05,4.058632774716131,0.9960000000000001,0.005477225575051666
Cooperative Q-Learning,958,5,28.54,5.623877665810308,0.9960000000000001,0.005477225575051666
Cooperative Q-Learning,959,5,27.0,4.158876050088531,0.9960000000000001,0.005477225575051666
Cooperative Q-Learning,960,5,28.98,4.792128963206229,0.9960000000000001,0.005477225575051666
Cooperative Q-Learning,961,5,33.41,5.236816781213565,0.9960000000000001,0.005477225575051666
Cooperative Q-Learning,962,5,27.5,4.091454509095757,0.9960000000000001,0.005477225575051666
Cooperative Q-Learning,963,5,27.789999999999992,7.335819654271758,0.9960000000000001,0.005477225575051666
Cooperative Q-Learning,964,5,32.33,6.485811437283689,0.9960000000000001,0.005477225575051666
Cooperative Q-Learning,965,5,28.24,2.069541011915437,0.9960000000000001,0.005477225575051666
Cooperative Q-Learning,966,5,31.04,4.520011061933364,0.9960000000000001,0.005477225575051666
Cooperative Q-Learning,967,5,28.790000000000003,3.020637349964409,0.9960000000000001,0.005477225575051666
Cooperative Q-Learning,968,5,31.229999999999997,7.0097788838165185,0.9960000000000001,0.005477225575051666
Cooperative Q-Learning,969,5,29.55,2.000624902374255,0.9960000000000001,0.005477225575051666
Cooperative Q-Learning,970,5,29.2,4.157673628364782,0.9960000000000001,0.005477225575051666
Cooperative Q-Learning,971,5,28.619999999999997,4.319809023556482,0.9960000000000001,0.005477225575051666
Cooperative Q-Learning,972,5,29.72,4.010081046562523,0.9960000000000001,0.005477225575051666
Cooperative Q-Learning,973,5,28.77,3.446121007741891,0.9960000000000001,0.005477225575051666
Cooperative Q-Learning,974,5,27.71,4.333791642430447,0.9960000000000001,0.005477225575051666
Cooperative Q-Learning,975,5,28.82,2.9117434639748057,0.9960000000000001,0.005477225575051666
Cooperative Q-Learning,976,5,28.4,5.003124024047371,0.9960000000000001,0.005477225575051666
Cooperative Q-Learning,977,5,31.189999999999998,3.2789861237888718,0.9960000000000001,0.005477225575051666
Cooperative Q-Learning,978,5,30.27,1.8899735447883892,0.9960000000000001,0.005477225575051666
Cooperative Q-Learning,979,5,28.270000000000003,4.360991859657615,0.9960000000000001,0.005477225575051666
Cooperative Q-Learning,980,5,27.75,2.8423141979731947,0.9960000000000001,0.005477225575051666
Cooperative Q-Learning,981,5,31.109999999999996,3.906948937470257,0.9960000000000001,0.005477225575051666
Cooperative Q-Learning,982,5,30.96,5.543396972976046,0.9960000000000001,0.005477225575051666
Cooperative Q-Learning,983,5,31.599999999999994,3.1454331975103185,0.9960000000000001,0.005477225575051666
Cooperative Q-Learning,984,5,31.399999999999995,4.49138063405897,0.9960000000000001,0.005477225575051666
Cooperative Q-Learning,985,5,29.95,2.548038461248173,0.9960000000000001,0.005477225575051666
Cooperative Q-Learning,986,5,32.11,2.566222905361107,0.9960000000000001,0.005477225575051666
Cooperative Q-Learning,987,5,27.03,2.7965603873329825,0.9960000000000001,0.005477225575051666
Cooperative Q-Learning,988,5,33.41,4.455670544373762,0.9960000000000001,0.005477225575051666
Cooperative Q-Learning,989,5,29.389999999999997,4.775117799594057,0.9960000000000001,0.005477225575051666
Cooperative Q-Learning,990,5,30.509999999999998,4.936268833846058,0.9960000000000001,0.005477225575051666
Cooperative Q-Learning,991,5,26.85,14.145891629727684,0.994,0.005477225575051666
Cooperative Q-Learning,992,5,32.65999999999999,2.672872986133074,0.994,0.005477225575051666
Cooperative Q-Learning,993,5,29.419999999999998,4.226345939461177,0.994,0.005477225575051666
Cooperative Q-Learning,994,5,31.51,4.93829423991726,0.994,0.005477225575051666
Cooperative Q-Learning,995,5,31.209999999999997,4.673649537566967,0.994,0.005477225575051666
Cooperative Q-Learning,996,5,22.609999999999992,16.6225148518508,0.992,0.004472135954999584
Cooperative Q-Learning,997,5,21.619999999999997,8.74225371400304,0.99,0.0
Cooperative Q-Learning,998,5,28.25,4.812873362140331,0.99,0.0
Cooperative Q-Learning,999,5,29.880000000000003,6.829952415646829,0.99,0.0
Cooperative Q-Learning,1000,5,24.759999999999998,12.50791749253248,0.9879999999999999,0.004472135954999584
Cooperative Q-Learning,1001,5,30.720000000000006,2.728232028255658,0.9879999999999999,0.004472135954999584
Cooperative Q-Learning,1002,5,27.110000000000003,2.8364590601663884,0.9879999999999999,0.004472135954999584
Cooperative Q-Learning,1003,5,29.139999999999997,4.41466306755113,0.9879999999999999,0.004472135954999584
Cooperative Q-Learning,1004,5,29.130000000000003,1.623884232326923,0.9879999999999999,0.004472135954999584
Cooperative Q-Learning,1005,5,31.74,3.4583955817690906,0.9879999999999999,0.004472135954999584
Cooperative Q-Learning,1006,5,28.439999999999998,2.6843062418435033,0.9879999999999999,0.004472135954999584
Cooperative Q-Learning,1007,5,30.5,6.310408069213907,0.9879999999999999,0.004472135954999584
Cooperative Q-Learning,1008,5,30.470000000000006,2.5631035874501826,0.9879999999999999,0.004472135954999584
Cooperative Q-Learning,1009,5,28.18,2.761928673952317,0.9879999999999999,0.004472135954999584
Cooperative Q-Learning,1010,5,32.49999999999999,2.3973944189473673,0.9879999999999999,0.004472135954999584
Cooperative Q-Learning,1011,5,29.029999999999994,5.232184056395568,0.9879999999999999,0.004472135954999584
Cooperative Q-Learning,1012,5,28.48,3.843435962781219,0.9879999999999999,0.004472135954999584
Cooperative Q-Learning,1013,5,32.1,5.0618672444069475,0.9879999999999999,0.004472135954999584
Cooperative Q-Learning,1014,5,28.47,4.297324749189894,0.9879999999999999,0.004472135954999584
Cooperative Q-Learning,1015,5,27.9,4.775327213919483,0.9879999999999999,0.004472135954999584
Cooperative Q-Learning,1016,5,28.0,3.5195880440756153,0.9879999999999999,0.004472135954999584
Cooperative Q-Learning,1017,5,28.73,4.419360813511382,0.9879999999999999,0.004472135954999584
Cooperative Q-Learning,1018,5,29.829999999999995,5.962025662474117,0.9879999999999999,0.004472135954999584
Cooperative Q-Learning,1019,5,28.689999999999998,3.4565879129569366,0.9879999999999999,0.004472135954999584
Cooperative Q-Learning,1020,5,27.52,2.0735235711223523,0.9879999999999999,0.004472135954999584
Cooperative Q-Learning,1021,5,27.95,4.763926951581019,0.9879999999999999,0.004472135954999584
Cooperative Q-Learning,1022,5,30.55,6.050206608042401,0.9879999999999999,0.004472135954999584
Cooperative Q-Learning,1023,5,30.1,4.012792045446656,0.9879999999999999,0.004472135954999584
Cooperative Q-Learning,1024,5,29.74,2.8760650201273212,0.9879999999999999,0.004472135954999584
Cooperative Q-Learning,1025,5,27.8,4.563715591489021,0.9879999999999999,0.004472135954999584
Cooperative Q-Learning,1026,5,31.15,4.597145853679215,0.9879999999999999,0.004472135954999584
Cooperative Q-Learning,1027,5,28.620000000000005,2.072015926579717,0.9879999999999999,0.004472135954999584
Cooperative Q-Learning,1028,5,28.830000000000002,4.486730435406164,0.9879999999999999,0.004472135954999584
Cooperative Q-Learning,1029,5,30.479999999999997,3.0034563422829983,0.9879999999999999,0.004472135954999584
Cooperative Q-Learning,1030,5,28.32,3.4083720454199233,0.9879999999999999,0.004472135954999584
Cooperative Q-Learning,1031,5,28.880000000000003,4.035560679756903,0.99,0.007071067811865481
Cooperative Q-Learning,1032,5,30.069999999999993,6.311160749022315,0.992,0.008366600265340763
Cooperative Q-Learning,1033,5,30.0,3.771438717518817,0.992,0.008366600265340763
Cooperative Q-Learning,1034,5,30.85,3.87120782185612,0.992,0.008366600265340763
Cooperative Q-Learning,1035,5,33.529999999999994,4.955123610970765,0.992,0.008366600265340763
Cooperative Q-Learning,1036,5,32.08,3.722667054680011,0.992,0.008366600265340763
Cooperative Q-Learning,1037,5,28.4,4.021815510438041,0.992,0.008366600265340763
Cooperative Q-Learning,1038,5,27.75,1.7106285394556007,0.992,0.008366600265340763
Cooperative Q-Learning,1039,5,30.689999999999998,3.7673598182281394,0.992,0.008366600265340763
Cooperative Q-Learning,1040,5,29.529999999999994,4.325592444972133,0.992,0.008366600265340763
Cooperative Q-Learning,1041,5,29.82,5.107788171018841,0.992,0.008366600265340763
Cooperative Q-Learning,1042,5,31.5,2.7196047506944807,0.992,0.008366600265340763
Cooperative Q-Learning,1043,5,28.059999999999995,5.714170980991025,0.992,0.008366600265340763
Cooperative Q-Learning,1044,5,35.86999999999999,5.183218112331373,0.992,0.008366600265340763
Cooperative Q-Learning,1045,5,30.15,4.8018225706496045,0.992,0.008366600265340763
Cooperative Q-Learning,1046,5,29.209999999999997,4.350775792890273,0.992,0.008366600265340763
Cooperative Q-Learning,1047,5,29.640000000000004,2.830503488780749,0.992,0.008366600265340763
Cooperative Q-Learning,1048,5,27.2,4.259694824749774,0.992,0.008366600265340763
Cooperative Q-Learning,1049,5,31.32,3.427024948844109,0.992,0.008366600265340763
Cooperative Q-Learning,1050,5,29.859999999999996,2.681277680509794,0.992,0.008366600265340763
Cooperative Q-Learning,1051,5,31.4,1.183215956619923,0.992,0.008366600265340763
Cooperative Q-Learning,1052,5,27.669999999999998,3.399926469793133,0.992,0.008366600265340763
Cooperative Q-Learning,1053,5,33.53,2.8106049170952447,0.992,0.008366600265340763
Cooperative Q-Learning,1054,5,31.0,4.37764205937397,0.992,0.008366600265340763
Cooperative Q-Learning,1055,5,30.919999999999995,5.874159514347554,0.992,0.008366600265340763
Cooperative Q-Learning,1056,5,29.610000000000003,2.479768134322235,0.992,0.008366600265340763
Cooperative Q-Learning,1057,5,32.64,3.640467003009364,0.992,0.008366600265340763
Cooperative Q-Learning,1058,5,32.33,4.773704012609074,0.992,0.008366600265340763
Cooperative Q-Learning,1059,5,32.209999999999994,3.7661983484675883,0.992,0.008366600265340763
Cooperative Q-Learning,1060,5,34.14999999999999,5.807430585035006,0.992,0.008366600265340763
Cooperative Q-Learning,1061,5,29.95,2.526113615813819,0.992,0.008366600265340763
Cooperative Q-Learning,1062,5,29.619999999999994,5.901334594818359,0.992,0.008366600265340763
Cooperative Q-Learning,1063,5,27.04,3.1850039246443638,0.992,0.008366600265340763
Cooperative Q-Learning,1064,5,28.410000000000004,2.552057993071473,0.992,0.008366600265340763
Cooperative Q-Learning,1065,5,34.669999999999995,8.302153335129377,0.992,0.008366600265340763
Cooperative Q-Learning,1066,5,29.839999999999996,2.376552124402071,0.992,0.008366600265340763
Cooperative Q-Learning,1067,5,29.04,2.54420911090264,0.992,0.008366600265340763
Cooperative Q-Learning,1068,5,31.389999999999997,4.148704617106401,0.992,0.008366600265340763
Cooperative Q-Learning,1069,5,28.76,6.867805326303298,0.992,0.008366600265340763
Cooperative Q-Learning,1070,5,32.11,1.9692638218379974,0.992,0.008366600265340763
Cooperative Q-Learning,1071,5,27.57,1.9379757480422708,0.992,0.008366600265340763
Cooperative Q-Learning,1072,5,30.29,5.323931817745225,0.992,0.008366600265340763
Cooperative Q-Learning,1073,5,30.889999999999997,4.051296088907843,0.992,0.008366600265340763
Cooperative Q-Learning,1074,5,30.079999999999995,2.7061504023242944,0.992,0.008366600265340763
Cooperative Q-Learning,1075,5,31.099999999999994,3.497141690009141,0.992,0.008366600265340763
Cooperative Q-Learning,1076,5,28.82,1.5670832779402628,0.992,0.008366600265340763
Cooperative Q-Learning,1077,5,31.4,6.802848668021358,0.992,0.008366600265340763
Cooperative Q-Learning,1078,5,29.77,6.731047466776617,0.992,0.008366600265340763
Cooperative Q-Learning,1079,5,29.01,2.2810085488660485,0.992,0.008366600265340763
Cooperative Q-Learning,1080,5,29.869999999999997,6.857258927589071,0.992,0.008366600265340763
Cooperative Q-Learning,1081,5,31.919999999999998,5.95929945547293,0.992,0.008366600265340763
Cooperative Q-Learning,1082,5,31.889999999999997,1.6558230581798299,0.992,0.008366600265340763
Cooperative Q-Learning,1083,5,33.1,5.121889299858004,0.992,0.008366600265340763
Cooperative Q-Learning,1084,5,31.389999999999997,2.827410476036331,0.992,0.008366600265340763
Cooperative Q-Learning,1085,5,32.85,3.67610527596803,0.992,0.008366600265340763
Cooperative Q-Learning,1086,5,29.589999999999996,4.1863468561503545,0.992,0.008366600265340763
Cooperative Q-Learning,1087,5,30.40999999999999,2.7743017139453188,0.992,0.008366600265340763
Cooperative Q-Learning,1088,5,29.73,2.9896906194454287,0.992,0.008366600265340763
Cooperative Q-Learning,1089,5,30.18,3.4521008096519985,0.992,0.008366600265340763
Cooperative Q-Learning,1090,5,31.419999999999995,7.746337844426863,0.992,0.008366600265340763
Cooperative Q-Learning,1091,5,26.18,3.060963900473184,0.994,0.005477225575051666
Cooperative Q-Learning,1092,5,28.839999999999996,4.7125364720074,0.994,0.005477225575051666
Cooperative Q-Learning,1093,5,29.709999999999997,4.806688048958445,0.994,0.005477225575051666
Cooperative Q-Learning,1094,5,33.209999999999994,5.929418183936764,0.994,0.005477225575051666
Cooperative Q-Learning,1095,5,29.580000000000002,6.180675529422326,0.994,0.005477225575051666
Cooperative Q-Learning,1096,5,31.419999999999998,3.8862900046188003,0.9960000000000001,0.005477225575051666
Cooperative Q-Learning,1097,5,26.96,1.5265975239073344,0.998,0.004472135954999584
Cooperative Q-Learning,1098,5,28.27,2.7893995769699247,0.998,0.004472135954999584
Cooperative Q-Learning,1099,5,27.03,4.659211306648368,0.998,0.004472135954999584
Cooperative Q-Learning,1100,5,31.229999999999997,3.3325290696406453,1.0,0.0
Cooperative Q-Learning,1101,5,30.269999999999992,5.413478548955371,1.0,0.0
Cooperative Q-Learning,1102,5,29.339999999999996,4.2871027512762,1.0,0.0
Cooperative Q-Learning,1103,5,25.99,2.1234994702142025,1.0,0.0
Cooperative Q-Learning,1104,5,39.53999999999999,2.979177738907159,1.0,0.0
Cooperative Q-Learning,1105,5,29.829999999999995,4.22605016534352,1.0,0.0
Cooperative Q-Learning,1106,5,30.729999999999997,4.779330497046626,1.0,0.0
Cooperative Q-Learning,1107,5,28.570000000000004,5.463812771316382,1.0,0.0
Cooperative Q-Learning,1108,5,24.550000000000004,6.676638375709739,0.998,0.004472135954999584
Cooperative Q-Learning,1109,5,32.71999999999999,0.7067531393633865,0.998,0.004472135954999584
Cooperative Q-Learning,1110,5,27.759999999999998,4.167193300052206,0.998,0.004472135954999584
Cooperative Q-Learning,1111,5,29.310000000000002,4.378555697944245,0.998,0.004472135954999584
Cooperative Q-Learning,1112,5,31.05,3.870561974700829,0.998,0.004472135954999584
Cooperative Q-Learning,1113,5,30.059999999999995,2.4638384687312582,0.998,0.004472135954999584
Cooperative Q-Learning,1114,5,30.65,8.588291448245096,0.998,0.004472135954999584
Cooperative Q-Learning,1115,5,27.080000000000002,4.724484098819678,0.998,0.004472135954999584
Cooperative Q-Learning,1116,5,33.68999999999999,7.549784765143965,0.998,0.004472135954999584
Cooperative Q-Learning,1117,5,28.369999999999997,5.306081416638837,0.998,0.004472135954999584
Cooperative Q-Learning,1118,5,28.439999999999998,4.510460065226161,0.998,0.004472135954999584
Cooperative Q-Learning,1119,5,31.54,2.591186986691617,0.998,0.004472135954999584
Cooperative Q-Learning,1120,5,30.729999999999997,4.455137483849401,0.998,0.004472135954999584
Cooperative Q-Learning,1121,5,29.669999999999998,5.602856414365799,0.998,0.004472135954999584
Cooperative Q-Learning,1122,5,25.73,3.946612471474745,0.998,0.004472135954999584
Cooperative Q-Learning,1123,5,27.669999999999998,3.755096536708476,0.998,0.004472135954999584
Cooperative Q-Learning,1124,5,27.389999999999997,3.185003924644365,0.998,0.004472135954999584
Cooperative Q-Learning,1125,5,30.419999999999998,2.647309955407563,0.998,0.004472135954999584
Cooperative Q-Learning,1126,5,31.279999999999994,3.471058916238671,0.998,0.004472135954999584
Cooperative Q-Learning,1127,5,32.51,4.807208129465581,0.998,0.004472135954999584
Cooperative Q-Learning,1128,5,31.359999999999996,3.576031319773357,0.998,0.004472135954999584
Cooperative Q-Learning,1129,5,30.22,4.10466198364737,0.998,0.004472135954999584
Cooperative Q-Learning,1130,5,28.259999999999998,3.87191812929974,0.998,0.004472135954999584
Cooperative Q-Learning,1131,5,27.53,2.6003845869409385,0.998,0.004472135954999584
Cooperative Q-Learning,1132,5,28.929999999999996,6.165589996099315,0.998,0.004472135954999584
Cooperative Q-Learning,1133,5,32.39,5.063768359630994,0.998,0.004472135954999584
Cooperative Q-Learning,1134,5,28.259999999999998,4.9265099208263,0.998,0.004472135954999584
Cooperative Q-Learning,1135,5,33.17999999999999,6.450833279507378,0.998,0.004472135954999584
Cooperative Q-Learning,1136,5,31.679999999999996,3.004080558174164,0.998,0.004472135954999584
Cooperative Q-Learning,1137,5,27.95,2.5653947064730596,0.998,0.004472135954999584
Cooperative Q-Learning,1138,5,32.23,4.1424026844332715,0.998,0.004472135954999584
Cooperative Q-Learning,1139,5,28.9,4.543676925134531,0.998,0.004472135954999584
Cooperative Q-Learning,1140,5,31.79,1.7249637677354268,0.998,0.004472135954999584
Cooperative Q-Learning,1141,5,31.79,4.249911763789923,0.998,0.004472135954999584
Cooperative Q-Learning,1142,5,26.54,3.826290631930616,0.998,0.004472135954999584
Cooperative Q-Learning,1143,5,28.74,4.31326442500341,0.998,0.004472135954999584
Cooperative Q-Learning,1144,5,30.54,5.2926127763137885,0.998,0.004472135954999584
Cooperative Q-Learning,1145,5,26.410000000000004,4.191270690375414,0.998,0.004472135954999584
Cooperative Q-Learning,1146,5,29.509999999999998,3.7590557324945295,0.998,0.004472135954999584
Cooperative Q-Learning,1147,5,31.849999999999994,5.518151864528555,0.998,0.004472135954999584
Cooperative Q-Learning,1148,5,31.319999999999993,5.654710425830836,0.998,0.004472135954999584
Cooperative Q-Learning,1149,5,28.369999999999997,5.765695968397915,0.998,0.004472135954999584
Cooperative Q-Learning,1150,5,27.119999999999997,1.127275476536237,0.998,0.004472135954999584
Cooperative Q-Learning,1151,5,33.17999999999999,3.3411450133150415,0.998,0.004472135954999584
Cooperative Q-Learning,1152,5,32.91,3.8390102891240026,0.998,0.004472135954999584
Cooperative Q-Learning,1153,5,24.29999999999999,4.5685063204509335,0.9960000000000001,0.005477225575051666
Cooperative Q-Learning,1154,5,30.79,4.2678156005150925,0.9960000000000001,0.005477225575051666
Cooperative Q-Learning,1155,5,27.49,3.148293188380015,0.9960000000000001,0.005477225575051666
Cooperative Q-Learning,1156,5,30.2,1.6885644790768277,0.9960000000000001,0.005477225575051666
Cooperative Q-Learning,1157,5,30.919999999999998,2.7666767068090903,0.9960000000000001,0.005477225575051666
Cooperative Q-Learning,1158,5,29.899999999999995,3.20838744543111,0.9960000000000001,0.005477225575051666
Cooperative Q-Learning,1159,5,27.72,4.090782321268146,0.9960000000000001,0.005477225575051666
Cooperative Q-Learning,1160,5,29.65,3.4487316509116783,0.9960000000000001,0.005477225575051666
Cooperative Q-Learning,1161,5,27.6,4.067093556829002,0.9960000000000001,0.005477225575051666
Cooperative Q-Learning,1162,5,29.52,5.285428081054547,0.9960000000000001,0.005477225575051666
Cooperative Q-Learning,1163,5,28.79,3.1897100181677955,0.9960000000000001,0.005477225575051666
Cooperative Q-Learning,1164,5,31.51,4.5857660210699756,0.9960000000000001,0.005477225575051666
Cooperative Q-Learning,1165,5,28.580000000000002,3.770875229969825,0.9960000000000001,0.005477225575051666
Cooperative Q-Learning,1166,5,30.47,3.840995964590433,0.9960000000000001,0.005477225575051666
Cooperative Q-Learning,1167,5,31.459999999999997,7.493280323062783,0.9960000000000001,0.005477225575051666
Cooperative Q-Learning,1168,5,28.05,1.7730623226497142,0.9960000000000001,0.005477225575051666
Cooperative Q-Learning,1169,5,33.07,8.276820041537688,0.9960000000000001,0.005477225575051666
Cooperative Q-Learning,1170,5,28.509999999999998,4.618089431788856,0.9960000000000001,0.005477225575051666
Cooperative Q-Learning,1171,5,31.04,4.588082388100716,0.9960000000000001,0.005477225575051666
Cooperative Q-Learning,1172,5,31.32,5.809647149354248,0.9960000000000001,0.005477225575051666
Cooperative Q-Learning,1173,5,29.77,3.3813089181558027,0.9960000000000001,0.005477225575051666
Cooperative Q-Learning,1174,5,32.83,4.4500842688650195,0.9960000000000001,0.005477225575051666
Cooperative Q-Learning,1175,5,31.3,6.295137012011728,0.9960000000000001,0.005477225575051666
Cooperative Q-Learning,1176,5,29.640000000000004,4.982268559602142,0.9960000000000001,0.005477225575051666
Cooperative Q-Learning,1177,5,29.24,4.332060710562584,0.9960000000000001,0.005477225575051666
Cooperative Q-Learning,1178,5,28.25,6.296923852167818,0.9960000000000001,0.005477225575051666
Cooperative Q-Learning,1179,5,34.029999999999994,2.3878860944358253,0.9960000000000001,0.005477225575051666
Cooperative Q-Learning,1180,5,26.849999999999994,5.320126878186272,0.9960000000000001,0.005477225575051666
Cooperative Q-Learning,1181,5,32.959999999999994,5.016273517263584,0.9960000000000001,0.005477225575051666
Cooperative Q-Learning,1182,5,29.939999999999998,4.792233299830047,0.9960000000000001,0.005477225575051666
Cooperative Q-Learning,1183,5,28.74,3.7835829579910074,0.9960000000000001,0.005477225575051666
Cooperative Q-Learning,1184,5,27.909999999999997,3.1087376859426383,0.9960000000000001,0.005477225575051666
Cooperative Q-Learning,1185,5,28.65,6.756570875821547,0.9960000000000001,0.005477225575051666
Cooperative Q-Learning,1186,5,28.139999999999997,5.057840448254567,0.9960000000000001,0.005477225575051666
Cooperative Q-Learning,1187,5,30.919999999999995,3.6790963564440613,0.9960000000000001,0.005477225575051666
Cooperative Q-Learning,1188,5,31.860000000000003,4.420322386432915,0.9960000000000001,0.005477225575051666
Cooperative Q-Learning,1189,5,31.29,2.3726040546201532,0.9960000000000001,0.005477225575051666
Cooperative Q-Learning,1190,5,28.509999999999998,5.385327288104222,0.9960000000000001,0.005477225575051666
Cooperative Q-Learning,1191,5,31.349999999999987,4.09771277665967,0.9960000000000001,0.005477225575051666
Cooperative Q-Learning,1192,5,29.189999999999998,3.4096187470155637,0.9960000000000001,0.005477225575051666
Cooperative Q-Learning,1193,5,28.729999999999997,4.741782365313699,0.9960000000000001,0.005477225575051666
Cooperative Q-Learning,1194,5,31.2,4.606110072501522,0.9960000000000001,0.005477225575051666
Cooperative Q-Learning,1195,5,31.459999999999997,4.898009799908525,0.9960000000000001,0.005477225575051666
Cooperative Q-Learning,1196,5,29.809999999999995,3.1329698370715255,0.9960000000000001,0.005477225575051666
Cooperative Q-Learning,1197,5,29.410000000000004,3.6611815032855155,0.9960000000000001,0.005477225575051666
Cooperative Q-Learning,1198,5,27.97,6.008910050916055,0.9960000000000001,0.005477225575051666
Cooperative Q-Learning,1199,5,30.97,2.3120878011009878,0.9960000000000001,0.005477225575051666
Cooperative Q-Learning,1200,5,29.920000000000005,3.0266730910357658,0.9960000000000001,0.005477225575051666
Cooperative Q-Learning,1201,5,32.42999999999999,4.6520963016687364,0.9960000000000001,0.005477225575051666
Cooperative Q-Learning,1202,5,30.130000000000003,2.7601177511113515,0.9960000000000001,0.005477225575051666
Cooperative Q-Learning,1203,5,29.53,2.8994827124851077,0.9960000000000001,0.005477225575051666
Cooperative Q-Learning,1204,5,30.569999999999993,7.330637762159569,0.9960000000000001,0.005477225575051666
Cooperative Q-Learning,1205,5,29.659999999999997,3.367565886512088,0.9960000000000001,0.005477225575051666
Cooperative Q-Learning,1206,5,26.25,3.081192950790326,0.9960000000000001,0.005477225575051666
Cooperative Q-Learning,1207,5,32.44,8.396532022210115,0.9960000000000001,0.005477225575051666
Cooperative Q-Learning,1208,5,29.160000000000004,4.7934069303575715,0.998,0.004472135954999584
Cooperative Q-Learning,1209,5,31.160000000000004,3.031789900372385,0.998,0.004472135954999584
Cooperative Q-Learning,1210,5,28.610000000000003,3.135761470520357,0.998,0.004472135954999584
Cooperative Q-Learning,1211,5,30.79,5.488214645948166,0.998,0.004472135954999584
Cooperative Q-Learning,1212,5,28.46,1.5319105718024129,0.998,0.004472135954999584
Cooperative Q-Learning,1213,5,34.50999999999999,2.799866068225398,0.998,0.004472135954999584
Cooperative Q-Learning,1214,5,31.8,1.910497317454283,0.998,0.004472135954999584
Cooperative Q-Learning,1215,5,30.32,3.5259041393662396,0.998,0.004472135954999584
Cooperative Q-Learning,1216,5,29.95,3.4150402633058383,0.998,0.004472135954999584
Cooperative Q-Learning,1217,5,29.919999999999998,4.577608545954968,0.998,0.004472135954999584
Cooperative Q-Learning,1218,5,28.889999999999997,5.622877377286472,0.998,0.004472135954999584
Cooperative Q-Learning,1219,5,27.990000000000002,1.756914909721016,0.998,0.004472135954999584
Cooperative Q-Learning,1220,5,34.16,5.185122949361944,0.998,0.004472135954999584
Cooperative Q-Learning,1221,5,31.93,4.1745658456898225,0.998,0.004472135954999584
Cooperative Q-Learning,1222,5,30.310000000000002,3.5783026702614182,0.998,0.004472135954999584
Cooperative Q-Learning,1223,5,30.73,3.7855977070998934,0.998,0.004472135954999584
Cooperative Q-Learning,1224,5,28.5,2.6002403735039565,0.998,0.004472135954999584
Cooperative Q-Learning,1225,5,28.889999999999997,4.9767459247986485,0.998,0.004472135954999584
Cooperative Q-Learning,1226,5,31.049999999999994,6.836483013948024,0.998,0.004472135954999584
Cooperative Q-Learning,1227,5,32.089999999999996,3.573583635512111,0.998,0.004472135954999584
Cooperative Q-Learning,1228,5,30.5,4.194192413325833,0.998,0.004472135954999584
Cooperative Q-Learning,1229,5,30.43,4.335118222148042,0.998,0.004472135954999584
Cooperative Q-Learning,1230,5,32.120000000000005,3.485075321998074,0.998,0.004472135954999584
Cooperative Q-Learning,1231,5,30.479999999999997,5.0056967546985875,0.998,0.004472135954999584
Cooperative Q-Learning,1232,5,30.580000000000002,2.2126341767223967,0.998,0.004472135954999584
Cooperative Q-Learning,1233,5,29.389999999999997,4.313988873420976,0.998,0.004472135954999584
Cooperative Q-Learning,1234,5,31.189999999999987,8.113522662814209,0.998,0.004472135954999584
Cooperative Q-Learning,1235,5,27.82,5.946280349933052,0.998,0.004472135954999584
Cooperative Q-Learning,1236,5,31.380000000000003,4.240371445993853,0.998,0.004472135954999584
Cooperative Q-Learning,1237,5,27.549999999999994,13.526039701257718,0.9960000000000001,0.005477225575051666
Cooperative Q-Learning,1238,5,33.599999999999994,3.9471508711981063,0.9960000000000001,0.005477225575051666
Cooperative Q-Learning,1239,5,28.29,4.146293525547849,0.9960000000000001,0.005477225575051666
Cooperative Q-Learning,1240,5,31.47,4.1430061549556,0.9960000000000001,0.005477225575051666
Cooperative Q-Learning,1241,5,30.119999999999997,3.1552733637515438,0.9960000000000001,0.005477225575051666
Cooperative Q-Learning,1242,5,29.080000000000002,4.524323153798808,0.9960000000000001,0.005477225575051666
Cooperative Q-Learning,1243,5,31.54,7.344760036924281,0.9960000000000001,0.005477225575051666
Cooperative Q-Learning,1244,5,25.099999999999994,14.336840656155736,0.994,0.005477225575051666
Cooperative Q-Learning,1245,5,30.830000000000002,7.232962740122472,0.994,0.005477225575051666
Cooperative Q-Learning,1246,5,29.4,4.2905419238133495,0.994,0.005477225575051666
Cooperative Q-Learning,1247,5,26.290000000000003,3.9870728611350956,0.994,0.005477225575051666
Cooperative Q-Learning,1248,5,28.35,5.422176684690382,0.994,0.005477225575051666
Cooperative Q-Learning,1249,5,31.439999999999998,5.955921423256011,0.994,0.005477225575051666
Cooperative Q-Learning,1250,5,28.7,3.240756084619755,0.994,0.005477225575051666
Cooperative Q-Learning,1251,5,24.799999999999994,13.532969001664043,0.992,0.008366600265340763
Cooperative Q-Learning,1252,5,30.429999999999996,4.615544388260171,0.992,0.008366600265340763
Cooperative Q-Learning,1253,5,25.07,3.6137930211897866,0.994,0.008944271909999166
Cooperative Q-Learning,1254,5,29.639999999999997,3.6153146474407976,0.994,0.008944271909999166
Cooperative Q-Learning,1255,5,21.480000000000004,12.122169772775825,0.992,0.013038404810405309
Cooperative Q-Learning,1256,5,24.97,3.561530569853361,0.992,0.013038404810405309
Cooperative Q-Learning,1257,5,31.629999999999995,2.820593909090773,0.992,0.013038404810405309
Cooperative Q-Learning,1258,5,28.32,4.029050756691949,0.992,0.013038404810405309
Cooperative Q-Learning,1259,5,28.0,2.5119713374160932,0.992,0.013038404810405309
Cooperative Q-Learning,1260,5,32.11,3.6184250717681006,0.992,0.013038404810405309
Cooperative Q-Learning,1261,5,30.159999999999997,4.420746543288816,0.992,0.013038404810405309
Cooperative Q-Learning,1262,5,30.01,4.132856155251474,0.992,0.013038404810405309
Cooperative Q-Learning,1263,5,31.509999999999998,6.4958063394778,0.992,0.013038404810405309
Cooperative Q-Learning,1264,5,28.97,5.523201064600127,0.992,0.013038404810405309
Cooperative Q-Learning,1265,5,28.51,3.498106630736118,0.992,0.013038404810405309
Cooperative Q-Learning,1266,5,27.82,3.734400889031599,0.992,0.013038404810405309
Cooperative Q-Learning,1267,5,29.57,6.034753516093257,0.992,0.013038404810405309
Cooperative Q-Learning,1268,5,31.139999999999997,4.18007176971879,0.992,0.013038404810405309
Cooperative Q-Learning,1269,5,28.899999999999995,5.733236433289657,0.992,0.013038404810405309
Cooperative Q-Learning,1270,5,29.0,6.15558689322147,0.992,0.013038404810405309
Cooperative Q-Learning,1271,5,28.560000000000002,4.8269296659470795,0.992,0.013038404810405309
Cooperative Q-Learning,1272,5,27.209999999999997,4.578946385359842,0.992,0.013038404810405309
Cooperative Q-Learning,1273,5,30.47,5.590237025386308,0.992,0.013038404810405309
Cooperative Q-Learning,1274,5,31.45,3.876531955240403,0.992,0.013038404810405309
Cooperative Q-Learning,1275,5,28.05,5.357938036222514,0.992,0.013038404810405309
Cooperative Q-Learning,1276,5,29.72,5.839156617183679,0.992,0.013038404810405309
Cooperative Q-Learning,1277,5,29.21999999999999,4.260809782189294,0.992,0.013038404810405309
Cooperative Q-Learning,1278,5,26.48,4.552691511622548,0.992,0.013038404810405309
Cooperative Q-Learning,1279,5,31.089999999999996,5.27036526248418,0.992,0.013038404810405309
Cooperative Q-Learning,1280,5,28.919999999999998,4.243907397670219,0.992,0.013038404810405309
Cooperative Q-Learning,1281,5,29.07,4.30966936086749,0.992,0.013038404810405309
Cooperative Q-Learning,1282,5,31.23,3.4056203546490607,0.992,0.013038404810405309
Cooperative Q-Learning,1283,5,27.32,3.6506163863106704,0.992,0.013038404810405309
Cooperative Q-Learning,1284,5,28.15,3.836502313305703,0.992,0.013038404810405309
Cooperative Q-Learning,1285,5,31.24,7.06208184602812,0.992,0.013038404810405309
Cooperative Q-Learning,1286,5,31.369999999999994,8.009494366063311,0.992,0.013038404810405309
Cooperative Q-Learning,1287,5,32.39999999999999,2.9920728600754254,0.992,0.013038404810405309
Cooperative Q-Learning,1288,5,29.729999999999997,3.760917441263498,0.992,0.013038404810405309
Cooperative Q-Learning,1289,5,30.139999999999997,6.8808066387597275,0.992,0.013038404810405309
Cooperative Q-Learning,1290,5,34.489999999999995,2.069842989214392,0.992,0.013038404810405309
Cooperative Q-Learning,1291,5,30.559999999999995,4.869471223859938,0.992,0.013038404810405309
Cooperative Q-Learning,1292,5,29.669999999999998,5.069590713262759,0.992,0.013038404810405309
Cooperative Q-Learning,1293,5,29.02,4.378584246077717,0.992,0.013038404810405309
Cooperative Q-Learning,1294,5,32.129999999999995,4.409875281683142,0.992,0.013038404810405309
Cooperative Q-Learning,1295,5,28.419999999999998,4.823199145795245,0.992,0.013038404810405309
Cooperative Q-Learning,1296,5,32.48,3.6775671305905444,0.992,0.013038404810405309
Cooperative Q-Learning,1297,5,29.23,4.25214651676068,0.992,0.013038404810405309
Cooperative Q-Learning,1298,5,31.0,4.999124923424098,0.992,0.013038404810405309
Cooperative Q-Learning,1299,5,29.130000000000003,4.47794595769087,0.992,0.013038404810405309
Cooperative Q-Learning,1300,5,31.71999999999999,4.519347298006646,0.992,0.013038404810405309
Cooperative Q-Learning,1301,5,28.47,4.194728835097687,0.992,0.013038404810405309
Cooperative Q-Learning,1302,5,33.309999999999995,4.483776310209952,0.992,0.013038404810405309
Cooperative Q-Learning,1303,5,26.410000000000004,2.780827215056701,0.992,0.013038404810405309
Cooperative Q-Learning,1304,5,28.830000000000002,2.7546778396030263,0.992,0.013038404810405309
Cooperative Q-Learning,1305,5,29.28,4.207523024298262,0.992,0.013038404810405309
Cooperative Q-Learning,1306,5,32.21999999999999,1.2367295581492337,0.992,0.013038404810405309
Cooperative Q-Learning,1307,5,28.360000000000003,3.5922485994151354,0.992,0.013038404810405309
Cooperative Q-Learning,1308,5,31.389999999999993,4.588763449993903,0.992,0.013038404810405309
Cooperative Q-Learning,1309,5,30.689999999999998,3.2178020448747295,0.992,0.013038404810405309
Cooperative Q-Learning,1310,5,26.99,3.239868824505085,0.992,0.013038404810405309
Cooperative Q-Learning,1311,5,29.3,3.1164884084494826,0.992,0.013038404810405309
Cooperative Q-Learning,1312,5,28.78,2.0653692163872304,0.992,0.013038404810405309
Cooperative Q-Learning,1313,5,31.15,6.102151260006584,0.992,0.013038404810405309
Cooperative Q-Learning,1314,5,29.15,4.421962234121856,0.992,0.013038404810405309
Cooperative Q-Learning,1315,5,28.54,4.507826527274533,0.992,0.013038404810405309
Cooperative Q-Learning,1316,5,29.3,2.265226258014857,0.992,0.013038404810405309
Cooperative Q-Learning,1317,5,26.2,4.860684108230033,0.992,0.013038404810405309
Cooperative Q-Learning,1318,5,31.35,5.7335634643736135,0.992,0.013038404810405309
Cooperative Q-Learning,1319,5,31.339999999999996,2.640170449043014,0.992,0.013038404810405309
Cooperative Q-Learning,1320,5,30.059999999999995,3.3146266758113123,0.992,0.013038404810405309
Cooperative Q-Learning,1321,5,26.4,2.3318447632722057,0.992,0.013038404810405309
Cooperative Q-Learning,1322,5,28.139999999999997,4.333503201798745,0.992,0.013038404810405309
Cooperative Q-Learning,1323,5,29.1,0.963716763369819,0.992,0.013038404810405309
Cooperative Q-Learning,1324,5,28.7,2.318674190135389,0.992,0.013038404810405309
Cooperative Q-Learning,1325,5,31.179999999999996,4.6385073030016875,0.992,0.013038404810405309
Cooperative Q-Learning,1326,5,27.870000000000005,2.7185933862937275,0.992,0.013038404810405309
Cooperative Q-Learning,1327,5,29.02,3.4124038447991416,0.992,0.013038404810405309
Cooperative Q-Learning,1328,5,29.409999999999997,4.705369273500218,0.992,0.013038404810405309
Cooperative Q-Learning,1329,5,31.05,5.492608669839858,0.992,0.013038404810405309
Cooperative Q-Learning,1330,5,29.29,3.4103518880021713,0.992,0.013038404810405309
Cooperative Q-Learning,1331,5,31.53,5.235647046927438,0.992,0.013038404810405309
Cooperative Q-Learning,1332,5,30.589999999999996,6.841819933321834,0.992,0.013038404810405309
Cooperative Q-Learning,1333,5,26.05,1.9862024066041222,0.992,0.013038404810405309
Cooperative Q-Learning,1334,5,31.889999999999997,3.2010545137501176,0.992,0.013038404810405309
Cooperative Q-Learning,1335,5,28.610000000000003,2.084286448643755,0.992,0.013038404810405309
Cooperative Q-Learning,1336,5,32.83,1.3423859355639884,0.992,0.013038404810405309
Cooperative Q-Learning,1337,5,27.04,3.1810768616932203,0.994,0.008944271909999166
Cooperative Q-Learning,1338,5,30.29,5.6554619616791655,0.994,0.008944271909999166
Cooperative Q-Learning,1339,5,27.53,4.578018130151953,0.994,0.008944271909999166
Cooperative Q-Learning,1340,5,33.2,6.248799884777875,0.994,0.008944271909999166
Cooperative Q-Learning,1341,5,33.86,6.392808459511355,0.994,0.008944271909999166
Cooperative Q-Learning,1342,5,35.60999999999999,4.961149060449595,0.994,0.008944271909999166
Cooperative Q-Learning,1343,5,33.019999999999996,5.714411605756098,0.994,0.008944271909999166
Cooperative Q-Learning,1344,5,28.809999999999995,5.815432056176046,0.9960000000000001,0.008944271909999166
Cooperative Q-Learning,1345,5,27.369999999999997,3.5730938974507795,0.9960000000000001,0.008944271909999166
Cooperative Q-Learning,1346,5,26.02,3.58165464555141,0.9960000000000001,0.008944271909999166
Cooperative Q-Learning,1347,5,28.869999999999997,1.9489099517422561,0.9960000000000001,0.008944271909999166
Cooperative Q-Learning,1348,5,30.21,4.43331140345453,0.9960000000000001,0.008944271909999166
Cooperative Q-Learning,1349,5,27.01,14.40891217267979,0.994,0.008944271909999166
Cooperative Q-Learning,1350,5,24.439999999999998,18.903518191066972,0.992,0.013038404810405309
Cooperative Q-Learning,1351,5,29.24,4.824339333007158,0.994,0.008944271909999166
Cooperative Q-Learning,1352,5,29.55,5.772023042227049,0.994,0.008944271909999166
Cooperative Q-Learning,1353,5,31.039999999999992,5.376848519346622,0.994,0.008944271909999166
Cooperative Q-Learning,1354,5,30.23,2.3797583910977176,0.994,0.008944271909999166
Cooperative Q-Learning,1355,5,28.109999999999996,5.4280981936586175,0.9960000000000001,0.005477225575051666
Cooperative Q-Learning,1356,5,24.81,14.09984042462892,0.994,0.008944271909999166
Cooperative Q-Learning,1357,5,30.0,4.54615221918492,0.994,0.008944271909999166
Cooperative Q-Learning,1358,5,30.999999999999993,3.162080011637906,0.994,0.008944271909999166
Cooperative Q-Learning,1359,5,28.68,1.7159545448525166,0.994,0.008944271909999166
Cooperative Q-Learning,1360,5,29.139999999999997,5.610971395400264,0.994,0.008944271909999166
Cooperative Q-Learning,1361,5,28.149999999999995,6.036762377301256,0.994,0.008944271909999166
Cooperative Q-Learning,1362,5,31.689999999999998,3.6279126229830814,0.994,0.008944271909999166
Cooperative Q-Learning,1363,5,31.179999999999996,5.063052438993692,0.994,0.008944271909999166
Cooperative Q-Learning,1364,5,30.68,3.776506321985969,0.994,0.008944271909999166
Cooperative Q-Learning,1365,5,26.47,4.779199723803139,0.994,0.008944271909999166
Cooperative Q-Learning,1366,5,31.689999999999998,3.068672351359783,0.994,0.008944271909999166
Cooperative Q-Learning,1367,5,30.7,2.7903852780574923,0.994,0.008944271909999166
Cooperative Q-Learning,1368,5,31.309999999999995,4.817468214736865,0.994,0.008944271909999166
Cooperative Q-Learning,1369,5,27.98,6.499673068701225,0.994,0.008944271909999166
Cooperative Q-Learning,1370,5,32.11,3.8404752310098234,0.994,0.008944271909999166
Cooperative Q-Learning,1371,5,29.57,5.220943401340413,0.994,0.008944271909999166
Cooperative Q-Learning,1372,5,31.139999999999997,1.7383181526981721,0.994,0.008944271909999166
Cooperative Q-Learning,1373,5,28.18,2.525024752353923,0.994,0.008944271909999166
Cooperative Q-Learning,1374,5,30.47,4.166473328847791,0.994,0.008944271909999166
Cooperative Q-Learning,1375,5,31.369999999999997,4.090323948051057,0.994,0.008944271909999166
Cooperative Q-Learning,1376,5,29.25,4.664895497221773,0.994,0.008944271909999166
Cooperative Q-Learning,1377,5,26.1,2.6511789830186867,0.994,0.008944271909999166
Cooperative Q-Learning,1378,5,31.65,5.235933536629353,0.994,0.008944271909999166
Cooperative Q-Learning,1379,5,31.3,5.188087316150334,0.994,0.008944271909999166
Cooperative Q-Learning,1380,5,29.22,1.5927962832703981,0.994,0.008944271909999166
Cooperative Q-Learning,1381,5,31.359999999999996,4.98226855960214,0.994,0.008944271909999166
Cooperative Q-Learning,1382,5,28.77,2.3209911675833665,0.994,0.008944271909999166
Cooperative Q-Learning,1383,5,27.939999999999998,2.38600083822282,0.994,0.008944271909999166
Cooperative Q-Learning,1384,5,29.349999999999994,4.025543441574064,0.994,0.008944271909999166
Cooperative Q-Learning,1385,5,31.429999999999996,3.806835956539231,0.994,0.008944271909999166
Cooperative Q-Learning,1386,5,25.4,1.5132745950421589,0.994,0.008944271909999166
Cooperative Q-Learning,1387,5,33.239999999999995,4.859192319717338,0.994,0.008944271909999166
Cooperative Q-Learning,1388,5,29.669999999999998,1.981350549499001,0.994,0.008944271909999166
Cooperative Q-Learning,1389,5,29.29,2.553282201402735,0.994,0.008944271909999166
Cooperative Q-Learning,1390,5,28.359999999999996,3.990520016238483,0.994,0.008944271909999166
Cooperative Q-Learning,1391,5,31.689999999999998,3.6773631857623146,0.994,0.008944271909999166
Cooperative Q-Learning,1392,5,29.3,3.5087390897585977,0.994,0.008944271909999166
Cooperative Q-Learning,1393,5,29.57,3.0668795215984614,0.994,0.008944271909999166
Cooperative Q-Learning,1394,5,31.5,4.127347816697786,0.994,0.008944271909999166
Cooperative Q-Learning,1395,5,31.909999999999997,6.384786605674453,0.994,0.008944271909999166
Cooperative Q-Learning,1396,5,34.55,6.384355879804942,0.994,0.008944271909999166
Cooperative Q-Learning,1397,5,31.359999999999996,5.12279220738065,0.994,0.008944271909999166
Cooperative Q-Learning,1398,5,28.329999999999995,5.020657327482127,0.994,0.008944271909999166
Cooperative Q-Learning,1399,5,29.059999999999995,3.3740554233740725,0.994,0.008944271909999166
Cooperative Q-Learning,1400,5,25.52,4.121680482521662,0.994,0.008944271909999166
Cooperative Q-Learning,1401,5,28.660000000000004,2.576189045858242,0.994,0.008944271909999166
Cooperative Q-Learning,1402,5,29.310000000000002,3.3491416810878563,0.994,0.008944271909999166
Cooperative Q-Learning,1403,5,27.5,3.04877024388523,0.994,0.008944271909999166
Cooperative Q-Learning,1404,5,31.749999999999993,5.658732190164147,0.994,0.008944271909999166
Cooperative Q-Learning,1405,5,29.309999999999995,3.8045039098415954,0.994,0.008944271909999166
Cooperative Q-Learning,1406,5,30.48,0.689746330182338,0.994,0.008944271909999166
Cooperative Q-Learning,1407,5,31.95,4.163682264534603,0.994,0.008944271909999166
Cooperative Q-Learning,1408,5,27.98,3.965412967144783,0.994,0.008944271909999166
Cooperative Q-Learning,1409,5,27.26,2.827631517719379,0.994,0.008944271909999166
Cooperative Q-Learning,1410,5,32.72,3.73205707351857,0.994,0.008944271909999166
Cooperative Q-Learning,1411,5,29.330000000000002,4.111964250817363,0.994,0.008944271909999166
Cooperative Q-Learning,1412,5,28.7,4.806375973641677,0.994,0.008944271909999166
Cooperative Q-Learning,1413,5,30.439999999999998,3.6000694437746623,0.994,0.008944271909999166
Cooperative Q-Learning,1414,5,27.32,4.352528001058694,0.994,0.008944271909999166
Cooperative Q-Learning,1415,5,26.72,3.513651946337314,0.994,0.008944271909999166
Cooperative Q-Learning,1416,5,32.559999999999995,3.4268060931427002,0.994,0.008944271909999166
Cooperative Q-Learning,1417,5,29.939999999999998,2.1772689314827405,0.994,0.008944271909999166
Cooperative Q-Learning,1418,5,27.52,4.98618090325652,0.994,0.008944271909999166
Cooperative Q-Learning,1419,5,28.939999999999998,3.1686748018690714,0.994,0.008944271909999166
Cooperative Q-Learning,1420,5,30.7,5.448623679425837,0.994,0.008944271909999166
Cooperative Q-Learning,1421,5,32.78999999999999,2.3114930239998555,0.994,0.008944271909999166
Cooperative Q-Learning,1422,5,28.139999999999997,2.7911467177488176,0.994,0.008944271909999166
Cooperative Q-Learning,1423,5,33.51,5.776828714788067,0.994,0.008944271909999166
Cooperative Q-Learning,1424,5,33.379999999999995,4.256260095435893,0.994,0.008944271909999166
Cooperative Q-Learning,1425,5,30.879999999999995,5.075628039957219,0.994,0.008944271909999166
Cooperative Q-Learning,1426,5,28.140000000000004,1.316434578701123,0.994,0.008944271909999166
Cooperative Q-Learning,1427,5,28.99,2.536828728944861,0.994,0.008944271909999166
Cooperative Q-Learning,1428,5,30.439999999999998,2.615673909339614,0.994,0.008944271909999166
Cooperative Q-Learning,1429,5,32.33,7.011472741157874,0.994,0.008944271909999166
Cooperative Q-Learning,1430,5,28.109999999999996,2.653158495077139,0.994,0.008944271909999166
Cooperative Q-Learning,1431,5,29.179999999999996,6.573203176534249,0.994,0.008944271909999166
Cooperative Q-Learning,1432,5,32.95,4.3578951341215175,0.994,0.008944271909999166
Cooperative Q-Learning,1433,5,33.029999999999994,5.118544715053293,0.994,0.008944271909999166
Cooperative Q-Learning,1434,5,29.389999999999997,6.435584666524091,0.994,0.008944271909999166
Cooperative Q-Learning,1435,5,27.47,4.067185759219754,0.994,0.008944271909999166
Cooperative Q-Learning,1436,5,31.7,8.271184921158513,0.994,0.008944271909999166
Cooperative Q-Learning,1437,5,30.809999999999995,5.455776754963485,0.994,0.008944271909999166
Cooperative Q-Learning,1438,5,31.449999999999996,6.899365912893726,0.994,0.008944271909999166
Cooperative Q-Learning,1439,5,29.95,2.289923579510897,0.994,0.008944271909999166
Cooperative Q-Learning,1440,5,31.609999999999996,4.141919844709692,0.994,0.008944271909999166
Cooperative Q-Learning,1441,5,32.95,3.9601136347332258,0.994,0.008944271909999166
Cooperative Q-Learning,1442,5,28.15,3.646745124079826,0.994,0.008944271909999166
Cooperative Q-Learning,1443,5,28.57,2.6520275262523185,0.994,0.008944271909999166
Cooperative Q-Learning,1444,5,30.619999999999997,2.074728897952692,0.994,0.008944271909999166
Cooperative Q-Learning,1445,5,30.459999999999997,3.796445706183607,0.994,0.008944271909999166
Cooperative Q-Learning,1446,5,28.03,6.111321461026245,0.994,0.008944271909999166
Cooperative Q-Learning,1447,5,30.74,5.007294678766165,0.994,0.008944271909999166
Cooperative Q-Learning,1448,5,29.979999999999997,3.8432733444291967,0.994,0.008944271909999166
Cooperative Q-Learning,1449,5,28.32,5.039295585694493,0.9960000000000001,0.008944271909999166
Cooperative Q-Learning,1450,5,29.769999999999992,6.094526232612333,0.998,0.004472135954999584
Cooperative Q-Learning,1451,5,28.1,3.6467451240798283,0.998,0.004472135954999584
Cooperative Q-Learning,1452,5,31.669999999999998,2.2876297777393955,0.998,0.004472135954999584
Cooperative Q-Learning,1453,5,28.22,3.898653613749237,0.998,0.004472135954999584
Cooperative Q-Learning,1454,5,30.54,3.4359132701510364,0.998,0.004472135954999584
Cooperative Q-Learning,1455,5,31.439999999999998,1.9440293207665333,0.998,0.004472135954999584
Cooperative Q-Learning,1456,5,29.919999999999995,3.7256878559535784,1.0,0.0
Cooperative Q-Learning,1457,5,31.75,5.6513272777286545,1.0,0.0
Cooperative Q-Learning,1458,5,28.8,2.8637824638055185,1.0,0.0
Cooperative Q-Learning,1459,5,32.33999999999999,5.618318253712572,1.0,0.0
Cooperative Q-Learning,1460,5,29.080000000000002,2.614526725814827,1.0,0.0
Cooperative Q-Learning,1461,5,31.729999999999997,3.783781177605277,1.0,0.0
Cooperative Q-Learning,1462,5,30.970000000000006,2.85319995794196,1.0,0.0
Cooperative Q-Learning,1463,5,31.959999999999997,5.536176478400943,1.0,0.0
Cooperative Q-Learning,1464,5,28.619999999999997,4.303138389594271,1.0,0.0
Cooperative Q-Learning,1465,5,30.669999999999998,5.380822427845018,1.0,0.0
Cooperative Q-Learning,1466,5,28.85,1.861451046898625,1.0,0.0
Cooperative Q-Learning,1467,5,28.01,2.250944246310863,1.0,0.0
Cooperative Q-Learning,1468,5,29.779999999999994,5.517993294667907,1.0,0.0
Cooperative Q-Learning,1469,5,29.95,2.2290693125158745,1.0,0.0
Cooperative Q-Learning,1470,5,34.33,3.457708778945961,1.0,0.0
Cooperative Q-Learning,1471,5,31.209999999999997,7.198819347643048,1.0,0.0
Cooperative Q-Learning,1472,5,29.02,5.350186912622771,1.0,0.0
Cooperative Q-Learning,1473,5,27.75,2.852411260670524,1.0,0.0
Cooperative Q-Learning,1474,5,31.919999999999998,5.39833307605227,1.0,0.0
Cooperative Q-Learning,1475,5,31.29,5.911683347406215,1.0,0.0
Cooperative Q-Learning,1476,5,28.68,2.003933631635538,1.0,0.0
Cooperative Q-Learning,1477,5,31.669999999999995,2.6978231965790433,1.0,0.0
Cooperative Q-Learning,1478,5,28.35,4.840970976983851,1.0,0.0
Cooperative Q-Learning,1479,5,30.389999999999997,3.654346726844617,1.0,0.0
Cooperative Q-Learning,1480,5,31.54,1.1299336263692645,1.0,0.0
Cooperative Q-Learning,1481,5,26.610000000000003,4.724986772468257,1.0,0.0
Cooperative Q-Learning,1482,5,30.909999999999997,2.8643061987154868,1.0,0.0
Cooperative Q-Learning,1483,5,33.339999999999996,6.5105107326537714,1.0,0.0
Cooperative Q-Learning,1484,5,30.779999999999994,6.183101972311303,1.0,0.0
Cooperative Q-Learning,1485,5,27.48,3.960523955236227,1.0,0.0
Cooperative Q-Learning,1486,5,29.82,3.2088938904239255,1.0,0.0
Cooperative Q-Learning,1487,5,27.76,1.3889744418094927,1.0,0.0
Cooperative Q-Learning,1488,5,27.339999999999996,3.783252568888307,1.0,0.0
Cooperative Q-Learning,1489,5,31.68,2.81815542509635,1.0,0.0
Cooperative Q-Learning,1490,5,29.79,5.680052816655846,1.0,0.0
Cooperative Q-Learning,1491,5,28.190000000000005,2.485809727231752,1.0,0.0
Cooperative Q-Learning,1492,5,28.43,3.8756612339057708,1.0,0.0
Cooperative Q-Learning,1493,5,27.9,4.519817474190743,1.0,0.0
Cooperative Q-Learning,1494,5,26.99,4.165243090144921,1.0,0.0
Cooperative Q-Learning,1495,5,28.320000000000004,2.4286313017829615,1.0,0.0
Cooperative Q-Learning,1496,5,28.76,4.850438124540915,1.0,0.0
Cooperative Q-Learning,1497,5,30.99,0.8391960438419616,1.0,0.0
Cooperative Q-Learning,1498,5,26.71,4.072069498424603,1.0,0.0
Cooperative Q-Learning,1499,5,32.87,4.221759112029012,1.0,0.0
Cooperative Q-Learning,1500,5,31.74,2.0830866520622693,1.0,0.0
Cooperative Q-Learning,1501,5,33.629999999999995,2.026881841647406,1.0,0.0
Cooperative Q-Learning,1502,5,30.339999999999996,3.712377944121529,1.0,0.0
Cooperative Q-Learning,1503,5,33.92,3.238170779931158,1.0,0.0
Cooperative Q-Learning,1504,5,29.97,6.327282196962607,1.0,0.0
Cooperative Q-Learning,1505,5,33.28999999999999,5.143369518127193,1.0,0.0
Cooperative Q-Learning,1506,5,28.009999999999998,3.0988707620680134,1.0,0.0
Cooperative Q-Learning,1507,5,29.79,7.163745528702142,1.0,0.0
Cooperative Q-Learning,1508,5,32.309999999999995,4.845539185684081,1.0,0.0
Cooperative Q-Learning,1509,5,27.78,4.454295679453711,1.0,0.0
Cooperative Q-Learning,1510,5,27.32,3.634659543891284,1.0,0.0
Cooperative Q-Learning,1511,5,27.7,2.4261595166023215,1.0,0.0
Cooperative Q-Learning,1512,5,31.909999999999997,3.9299173019288793,1.0,0.0
Cooperative Q-Learning,1513,5,32.019999999999996,6.04179195272396,1.0,0.0
Cooperative Q-Learning,1514,5,30.419999999999998,8.332961658378128,1.0,0.0
Cooperative Q-Learning,1515,5,29.169999999999998,2.6274036614117735,1.0,0.0
Cooperative Q-Learning,1516,5,30.05999999999999,3.4551410969741836,1.0,0.0
Cooperative Q-Learning,1517,5,28.439999999999998,1.4817219712213205,1.0,0.0
Cooperative Q-Learning,1518,5,23.669999999999998,3.405987375196802,1.0,0.0
Cooperative Q-Learning,1519,5,31.659999999999997,5.5019769174361235,1.0,0.0
Cooperative Q-Learning,1520,5,31.04,3.6026726190426994,1.0,0.0
Cooperative Q-Learning,1521,5,28.99,4.193506885650719,1.0,0.0
Cooperative Q-Learning,1522,5,28.29,3.7285050623540794,1.0,0.0
Cooperative Q-Learning,1523,5,30.089999999999996,4.862792407660432,1.0,0.0
Cooperative Q-Learning,1524,5,31.249999999999993,4.406103720976163,1.0,0.0
Cooperative Q-Learning,1525,5,33.46999999999999,2.139684556190464,1.0,0.0
Cooperative Q-Learning,1526,5,30.229999999999997,5.757885896750638,1.0,0.0
Cooperative Q-Learning,1527,5,31.15,3.4941021736635,1.0,0.0
Cooperative Q-Learning,1528,5,30.419999999999998,4.568588403434915,1.0,0.0
Cooperative Q-Learning,1529,5,28.74,4.815262194315072,1.0,0.0
Cooperative Q-Learning,1530,5,32.55,6.300099205568108,1.0,0.0
Cooperative Q-Learning,1531,5,30.389999999999997,2.8344752600790115,1.0,0.0
Cooperative Q-Learning,1532,5,33.03999999999999,3.6763432919138523,1.0,0.0
Cooperative Q-Learning,1533,5,32.61,7.706442110338595,1.0,0.0
Cooperative Q-Learning,1534,5,31.53,2.618348716271382,1.0,0.0
Cooperative Q-Learning,1535,5,26.55,4.135365763750529,1.0,0.0
Cooperative Q-Learning,1536,5,32.199999999999996,6.266079316446605,1.0,0.0
Cooperative Q-Learning,1537,5,27.389999999999997,1.782343962314794,1.0,0.0
Cooperative Q-Learning,1538,5,29.689999999999998,6.6482516498700575,1.0,0.0
Cooperative Q-Learning,1539,5,29.389999999999997,6.243736861848035,1.0,0.0
Cooperative Q-Learning,1540,5,27.29,3.540727326411905,1.0,0.0
Cooperative Q-Learning,1541,5,31.849999999999994,4.07415635438798,1.0,0.0
Cooperative Q-Learning,1542,5,28.77,4.477387631197459,1.0,0.0
Cooperative Q-Learning,1543,5,28.610000000000003,4.007243441569278,1.0,0.0
Cooperative Q-Learning,1544,5,31.679999999999996,5.230750424174329,1.0,0.0
Cooperative Q-Learning,1545,5,28.26,4.240931501451067,1.0,0.0
Cooperative Q-Learning,1546,5,28.080000000000002,2.8426660021887895,1.0,0.0
Cooperative Q-Learning,1547,5,23.21,13.28473748329262,0.998,0.004472135954999584
Cooperative Q-Learning,1548,5,26.359999999999996,4.2974410990727945,0.998,0.004472135954999584
Cooperative Q-Learning,1549,5,27.690000000000005,2.085185843036539,0.998,0.004472135954999584
Cooperative Q-Learning,1550,5,28.419999999999998,2.7718676014557397,0.998,0.004472135954999584
Cooperative Q-Learning,1551,5,31.71999999999999,3.5538007822611495,0.998,0.004472135954999584
Cooperative Q-Learning,1552,5,30.330000000000002,4.08665511145729,0.998,0.004472135954999584
Cooperative Q-Learning,1553,5,29.47,2.7765986386224397,0.998,0.004472135954999584
Cooperative Q-Learning,1554,5,34.42999999999999,3.609986149557917,0.998,0.004472135954999584
Cooperative Q-Learning,1555,5,32.47,5.531794464728418,0.998,0.004472135954999584
Cooperative Q-Learning,1556,5,28.490000000000002,2.16604478254721,0.998,0.004472135954999584
Cooperative Q-Learning,1557,5,30.059999999999995,3.0400246709525214,0.998,0.004472135954999584
Cooperative Q-Learning,1558,5,30.209999999999997,6.509646687801111,0.998,0.004472135954999584
Cooperative Q-Learning,1559,5,31.879999999999995,3.6750170067633636,0.998,0.004472135954999584
Cooperative Q-Learning,1560,5,29.670000000000005,3.6186323383289443,0.998,0.004472135954999584
Cooperative Q-Learning,1561,5,29.059999999999995,3.3082094855072257,0.998,0.004472135954999584
Cooperative Q-Learning,1562,5,28.599999999999994,7.44991610691019,0.998,0.004472135954999584
Cooperative Q-Learning,1563,5,28.03,2.5912352266824414,0.998,0.004472135954999584
Cooperative Q-Learning,1564,5,31.29,2.6569249142570803,0.998,0.004472135954999584
Cooperative Q-Learning,1565,5,30.869999999999997,3.6913073564795416,0.998,0.004472135954999584
Cooperative Q-Learning,1566,5,30.189999999999998,3.8163136663539543,0.998,0.004472135954999584
Cooperative Q-Learning,1567,5,30.6,6.066609431964446,0.998,0.004472135954999584
Cooperative Q-Learning,1568,5,29.73,5.250904683956846,0.998,0.004472135954999584
Cooperative Q-Learning,1569,5,30.759999999999998,5.0879023182447165,0.998,0.004472135954999584
Cooperative Q-Learning,1570,5,31.389999999999997,4.302818843502476,0.998,0.004472135954999584
Cooperative Q-Learning,1571,5,30.54,2.9294624080195963,0.998,0.004472135954999584
Cooperative Q-Learning,1572,5,28.03,1.7890640010910728,0.998,0.004472135954999584
Cooperative Q-Learning,1573,5,31.639999999999993,3.073353217578476,0.998,0.004472135954999584
Cooperative Q-Learning,1574,5,30.859999999999996,2.88993944573238,0.998,0.004472135954999584
Cooperative Q-Learning,1575,5,29.72,5.906945064921457,0.998,0.004472135954999584
Cooperative Q-Learning,1576,5,30.74,1.9099738218101294,0.998,0.004472135954999584
Cooperative Q-Learning,1577,5,28.020000000000003,4.134700714682987,0.998,0.004472135954999584
Cooperative Q-Learning,1578,5,29.6,3.3485071300506406,0.998,0.004472135954999584
Cooperative Q-Learning,1579,5,29.15,3.007282826739113,0.998,0.004472135954999584
Cooperative Q-Learning,1580,5,32.589999999999996,4.611588663356691,0.998,0.004472135954999584
Cooperative Q-Learning,1581,5,29.57,5.03246957268496,0.998,0.004472135954999584
Cooperative Q-Learning,1582,5,31.79,3.921319930839611,0.998,0.004472135954999584
Cooperative Q-Learning,1583,5,29.27,4.678220815652033,0.998,0.004472135954999584
Cooperative Q-Learning,1584,5,27.03,3.763741489528735,0.998,0.004472135954999584
Cooperative Q-Learning,1585,5,31.669999999999998,5.848568200850525,0.998,0.004472135954999584
Cooperative Q-Learning,1586,5,31.25,2.3735521902835823,0.998,0.004472135954999584
Cooperative Q-Learning,1587,5,29.07,4.207968631061786,0.998,0.004472135954999584
Cooperative Q-Learning,1588,5,25.43,1.7665644624524768,0.998,0.004472135954999584
Cooperative Q-Learning,1589,5,25.03,7.5122067330445566,0.9960000000000001,0.008944271909999166
Cooperative Q-Learning,1590,5,32.19,4.897116498512157,0.9960000000000001,0.008944271909999166
Cooperative Q-Learning,1591,5,33.08,2.9884360458273145,0.9960000000000001,0.008944271909999166
Cooperative Q-Learning,1592,5,26.130000000000003,4.415965353124953,0.9960000000000001,0.008944271909999166
Cooperative Q-Learning,1593,5,29.909999999999997,6.03152136695212,0.9960000000000001,0.008944271909999166
Cooperative Q-Learning,1594,5,29.479999999999997,6.4043539877180375,0.9960000000000001,0.008944271909999166
Cooperative Q-Learning,1595,5,30.99,5.114122603145136,0.9960000000000001,0.008944271909999166
Cooperative Q-Learning,1596,5,30.35,3.509451524098882,0.9960000000000001,0.008944271909999166
Cooperative Q-Learning,1597,5,28.24,1.4376195602453359,0.9960000000000001,0.008944271909999166
Cooperative Q-Learning,1598,5,29.419999999999998,2.2482215193347797,0.9960000000000001,0.008944271909999166
Cooperative Q-Learning,1599,5,31.4,3.798848509746075,0.9960000000000001,0.008944271909999166
Cooperative Q-Learning,1600,5,29.8,2.6346252105375423,0.9960000000000001,0.008944271909999166
Cooperative Q-Learning,1601,5,29.79,3.64509944994646,0.9960000000000001,0.008944271909999166
Cooperative Q-Learning,1602,5,37.29,6.614888510020404,0.9960000000000001,0.008944271909999166
Cooperative Q-Learning,1603,5,33.46999999999999,3.337776205799298,0.9960000000000001,0.008944271909999166
Cooperative Q-Learning,1604,5,27.97,3.40782188501688,0.9960000000000001,0.008944271909999166
Cooperative Q-Learning,1605,5,26.909999999999997,4.038935503322626,0.9960000000000001,0.008944271909999166
Cooperative Q-Learning,1606,5,29.85,5.162726992588315,0.9960000000000001,0.008944271909999166
Cooperative Q-Learning,1607,5,26.55,4.017306311448009,0.9960000000000001,0.008944271909999166
Cooperative Q-Learning,1608,5,32.45,6.178086273272653,0.9960000000000001,0.008944271909999166
Cooperative Q-Learning,1609,5,28.810000000000002,1.1696153213770766,0.9960000000000001,0.008944271909999166
Cooperative Q-Learning,1610,5,29.609999999999992,9.270207656789564,0.9960000000000001,0.008944271909999166
Cooperative Q-Learning,1611,5,30.639999999999997,1.8108699566782807,0.9960000000000001,0.008944271909999166
Cooperative Q-Learning,1612,5,30.169999999999998,3.5776388861929607,0.9960000000000001,0.008944271909999166
Cooperative Q-Learning,1613,5,28.110000000000003,3.0755893744126492,0.9960000000000001,0.008944271909999166
Cooperative Q-Learning,1614,5,33.25999999999999,6.269908292790251,0.9960000000000001,0.008944271909999166
Cooperative Q-Learning,1615,5,31.29,4.5380888047723325,0.9960000000000001,0.008944271909999166
Cooperative Q-Learning,1616,5,30.65,3.904324525446108,0.9960000000000001,0.008944271909999166
Cooperative Q-Learning,1617,5,31.409999999999997,5.480123173798195,0.9960000000000001,0.008944271909999166
Cooperative Q-Learning,1618,5,31.839999999999996,4.099146252575039,0.9960000000000001,0.008944271909999166
Cooperative Q-Learning,1619,5,30.45,6.048966853934643,0.9960000000000001,0.008944271909999166
Cooperative Q-Learning,1620,5,31.77,5.650840645426128,0.9960000000000001,0.008944271909999166
Cooperative Q-Learning,1621,5,29.74,4.711342696089934,0.9960000000000001,0.008944271909999166
Cooperative Q-Learning,1622,5,25.8,3.7235735523821734,0.9960000000000001,0.008944271909999166
Cooperative Q-Learning,1623,5,30.849999999999994,8.140715570513436,0.9960000000000001,0.008944271909999166
Cooperative Q-Learning,1624,5,27.310000000000002,3.7238085342831466,0.9960000000000001,0.008944271909999166
Cooperative Q-Learning,1625,5,32.83,5.085100785628532,0.9960000000000001,0.008944271909999166
Cooperative Q-Learning,1626,5,30.01,3.0352924076602563,0.9960000000000001,0.008944271909999166
Cooperative Q-Learning,1627,5,31.059999999999995,7.187610868710127,0.9960000000000001,0.008944271909999166
Cooperative Q-Learning,1628,5,30.5,4.06647882079816,0.9960000000000001,0.008944271909999166
Cooperative Q-Learning,1629,5,30.589999999999996,1.2426785585983182,0.9960000000000001,0.008944271909999166
Cooperative Q-Learning,1630,5,30.409999999999997,5.4006249638352015,0.9960000000000001,0.008944271909999166
Cooperative Q-Learning,1631,5,30.599999999999994,5.202163011671198,0.9960000000000001,0.008944271909999166
Cooperative Q-Learning,1632,5,30.939999999999998,6.235122292305097,0.9960000000000001,0.008944271909999166
Cooperative Q-Learning,1633,5,28.919999999999998,5.593590081512945,0.9960000000000001,0.008944271909999166
Cooperative Q-Learning,1634,5,27.75,3.4009189934486788,0.9960000000000001,0.008944271909999166
Cooperative Q-Learning,1635,5,29.689999999999998,6.219465411110505,0.9960000000000001,0.008944271909999166
Cooperative Q-Learning,1636,5,28.82,5.133298160052659,0.9960000000000001,0.008944271909999166
Cooperative Q-Learning,1637,5,30.880000000000003,2.89538425774542,0.9960000000000001,0.008944271909999166
Cooperative Q-Learning,1638,5,33.64999999999999,6.803308018897859,0.9960000000000001,0.008944271909999166
Cooperative Q-Learning,1639,5,31.43,3.829425544386516,0.9960000000000001,0.008944271909999166
Cooperative Q-Learning,1640,5,31.779999999999994,5.641542342303209,0.9960000000000001,0.008944271909999166
Cooperative Q-Learning,1641,5,28.2,5.636488268416775,0.9960000000000001,0.008944271909999166
Cooperative Q-Learning,1642,5,27.18,3.517207699297838,0.9960000000000001,0.008944271909999166
Cooperative Q-Learning,1643,5,31.96,2.1915747762739,0.9960000000000001,0.008944271909999166
Cooperative Q-Learning,1644,5,34.10999999999999,5.4941332346422,0.9960000000000001,0.008944271909999166
Cooperative Q-Learning,1645,5,27.610000000000003,2.306891848353538,0.9960000000000001,0.008944271909999166
Cooperative Q-Learning,1646,5,29.560000000000002,2.630921891656991,0.9960000000000001,0.008944271909999166
Cooperative Q-Learning,1647,5,31.709999999999997,6.545360952613688,0.998,0.004472135954999584
Cooperative Q-Learning,1648,5,29.1,2.700231471559429,0.998,0.004472135954999584
Cooperative Q-Learning,1649,5,32.11,3.2249806200968067,0.998,0.004472135954999584
Cooperative Q-Learning,1650,5,31.589999999999996,3.9265761166695827,0.998,0.004472135954999584
Cooperative Q-Learning,1651,5,30.669999999999998,5.351004578581474,0.998,0.004472135954999584
Cooperative Q-Learning,1652,5,28.189999999999998,1.6768273614179847,0.998,0.004472135954999584
Cooperative Q-Learning,1653,5,29.579999999999995,3.886933238428461,0.998,0.004472135954999584
Cooperative Q-Learning,1654,5,30.02,6.4041588050266185,0.998,0.004472135954999584
Cooperative Q-Learning,1655,5,29.369999999999997,2.9865531972492962,0.998,0.004472135954999584
Cooperative Q-Learning,1656,5,29.979999999999997,3.2067506918998228,0.998,0.004472135954999584
Cooperative Q-Learning,1657,5,30.129999999999995,4.101310766084418,0.998,0.004472135954999584
Cooperative Q-Learning,1658,5,30.619999999999997,5.9177276044103255,0.998,0.004472135954999584
Cooperative Q-Learning,1659,5,28.840000000000003,3.5354278383245203,0.998,0.004472135954999584
Cooperative Q-Learning,1660,5,30.24,4.593800169794064,0.998,0.004472135954999584
Cooperative Q-Learning,1661,5,31.439999999999998,5.3119440885611695,0.998,0.004472135954999584
Cooperative Q-Learning,1662,5,28.85,3.2289704241445114,0.998,0.004472135954999584
Cooperative Q-Learning,1663,5,29.410000000000004,5.3972678273363455,0.998,0.004472135954999584
Cooperative Q-Learning,1664,5,30.23,5.2779730958010775,0.998,0.004472135954999584
Cooperative Q-Learning,1665,5,28.279999999999994,5.934285972212661,0.998,0.004472135954999584
Cooperative Q-Learning,1666,5,34.129999999999995,4.097651766560936,0.998,0.004472135954999584
Cooperative Q-Learning,1667,5,35.05,5.259515186782901,0.998,0.004472135954999584
Cooperative Q-Learning,1668,5,27.2,3.2576832258523845,0.998,0.004472135954999584
Cooperative Q-Learning,1669,5,30.669999999999995,4.431365478043983,0.998,0.004472135954999584
Cooperative Q-Learning,1670,5,32.88,6.463512976702371,0.998,0.004472135954999584
Cooperative Q-Learning,1671,5,30.97,3.8336666521751734,0.998,0.004472135954999584
Cooperative Q-Learning,1672,5,31.9,6.09918027279076,0.998,0.004472135954999584
Cooperative Q-Learning,1673,5,32.39999999999999,7.284658536952842,0.998,0.004472135954999584
Cooperative Q-Learning,1674,5,32.36,4.3303290868016004,0.998,0.004472135954999584
Cooperative Q-Learning,1675,5,30.889999999999997,3.2928710876680216,0.998,0.004472135954999584
Cooperative Q-Learning,1676,5,28.79,3.8563907996985956,0.998,0.004472135954999584
Cooperative Q-Learning,1677,5,29.25,2.190319611380951,0.998,0.004472135954999584
Cooperative Q-Learning,1678,5,32.6,6.078034221687138,0.998,0.004472135954999584
Cooperative Q-Learning,1679,5,29.02,3.507242506585479,0.998,0.004472135954999584
Cooperative Q-Learning,1680,5,29.77,5.360107275045901,0.998,0.004472135954999584
Cooperative Q-Learning,1681,5,36.55,3.5886975353183477,0.998,0.004472135954999584
Cooperative Q-Learning,1682,5,31.689999999999998,3.4081519919158527,0.998,0.004472135954999584
Cooperative Q-Learning,1683,5,29.089999999999993,5.9987915449696985,0.998,0.004472135954999584
Cooperative Q-Learning,1684,5,34.35,3.736308338453878,0.998,0.004472135954999584
Cooperative Q-Learning,1685,5,28.310000000000002,2.9587581854555123,0.998,0.004472135954999584
Cooperative Q-Learning,1686,5,32.239999999999995,6.897408933795348,0.998,0.004472135954999584
Cooperative Q-Learning,1687,5,27.35,3.0722548722396055,0.998,0.004472135954999584
Cooperative Q-Learning,1688,5,32.97,4.901224336836659,0.998,0.004472135954999584
Cooperative Q-Learning,1689,5,31.369999999999997,6.452286416457346,1.0,0.0
Cooperative Q-Learning,1690,5,31.189999999999998,2.716247411411558,1.0,0.0
Cooperative Q-Learning,1691,5,33.06,4.209869356642789,1.0,0.0
Cooperative Q-Learning,1692,5,30.79,2.9217717227736992,1.0,0.0
Cooperative Q-Learning,1693,5,30.160000000000004,3.2537286303562523,1.0,0.0
Cooperative Q-Learning,1694,5,30.639999999999997,4.203480700562331,1.0,0.0
Cooperative Q-Learning,1695,5,26.97,2.980268444284843,1.0,0.0
Cooperative Q-Learning,1696,5,31.47,2.6836542251191733,1.0,0.0
Cooperative Q-Learning,1697,5,28.85,2.616295090390222,1.0,0.0
Cooperative Q-Learning,1698,5,29.060000000000002,3.72515100365072,1.0,0.0
Cooperative Q-Learning,1699,5,29.630000000000003,5.492904514007138,1.0,0.0
Cooperative Q-Learning,1700,5,30.77,7.652417918540516,1.0,0.0
Cooperative Q-Learning,1701,5,30.379999999999995,3.6763772929339,1.0,0.0
Cooperative Q-Learning,1702,5,28.009999999999998,2.950932056147678,1.0,0.0
Cooperative Q-Learning,1703,5,30.82,5.71823836509112,1.0,0.0
Cooperative Q-Learning,1704,5,31.8,2.167371680169319,1.0,0.0
Cooperative Q-Learning,1705,5,29.74,4.106914900506218,1.0,0.0
Cooperative Q-Learning,1706,5,32.379999999999995,4.86153268013288,1.0,0.0
Cooperative Q-Learning,1707,5,29.189999999999998,2.045238372415304,1.0,0.0
Cooperative Q-Learning,1708,5,31.77,3.751766250714453,1.0,0.0
Cooperative Q-Learning,1709,5,30.47,2.3266392070967874,1.0,0.0
Cooperative Q-Learning,1710,5,31.439999999999998,5.997749577966719,1.0,0.0
Cooperative Q-Learning,1711,5,29.57,5.921739609270235,1.0,0.0
Cooperative Q-Learning,1712,5,34.709999999999994,5.904278109980928,1.0,0.0
Cooperative Q-Learning,1713,5,33.589999999999996,3.411634505629226,1.0,0.0
Cooperative Q-Learning,1714,5,32.279999999999994,4.173966938057845,1.0,0.0
Cooperative Q-Learning,1715,5,30.459999999999997,4.309350299059008,1.0,0.0
Cooperative Q-Learning,1716,5,30.85,5.294690736955273,1.0,0.0
Cooperative Q-Learning,1717,5,26.75,1.4365757898558642,1.0,0.0
Cooperative Q-Learning,1718,5,30.189999999999998,4.756232752925362,1.0,0.0
Cooperative Q-Learning,1719,5,30.939999999999998,3.876435218083747,1.0,0.0
Cooperative Q-Learning,1720,5,29.77,5.483452379660095,1.0,0.0
Cooperative Q-Learning,1721,5,28.690000000000005,1.2847178678604902,1.0,0.0
Cooperative Q-Learning,1722,5,30.25,4.17522454485983,1.0,0.0
Cooperative Q-Learning,1723,5,29.6,4.539410754712546,1.0,0.0
Cooperative Q-Learning,1724,5,33.42,2.930784877810037,1.0,0.0
Cooperative Q-Learning,1725,5,30.189999999999998,4.342148085913239,1.0,0.0
Cooperative Q-Learning,1726,5,26.99,4.005839487548147,1.0,0.0
Cooperative Q-Learning,1727,5,29.669999999999998,1.2331869282472947,1.0,0.0
Cooperative Q-Learning,1728,5,28.15,4.3626253563651325,1.0,0.0
Cooperative Q-Learning,1729,5,25.8,4.29709203997308,1.0,0.0
Cooperative Q-Learning,1730,5,28.809999999999995,4.794189191093731,1.0,0.0
Cooperative Q-Learning,1731,5,27.79,7.174729960075148,1.0,0.0
Cooperative Q-Learning,1732,5,27.910000000000004,4.845152216391142,1.0,0.0
Cooperative Q-Learning,1733,5,33.099999999999994,5.297758960164192,1.0,0.0
Cooperative Q-Learning,1734,5,34.05,5.811088538303295,1.0,0.0
Cooperative Q-Learning,1735,5,29.939999999999998,2.3710229859704004,1.0,0.0
Cooperative Q-Learning,1736,5,28.05,2.6563602918278986,1.0,0.0
Cooperative Q-Learning,1737,5,29.259999999999998,3.6191159141425633,1.0,0.0
Cooperative Q-Learning,1738,5,27.78,3.32483082276377,1.0,0.0
Cooperative Q-Learning,1739,5,30.919999999999998,2.4414647242997383,1.0,0.0
Cooperative Q-Learning,1740,5,26.990000000000002,12.575889630558937,0.998,0.004472135954999584
Cooperative Q-Learning,1741,5,25.47,2.218839786915676,0.998,0.004472135954999584
Cooperative Q-Learning,1742,5,28.48,1.9084024732744405,0.998,0.004472135954999584
Cooperative Q-Learning,1743,5,31.869999999999997,3.88403784739541,0.998,0.004472135954999584
Cooperative Q-Learning,1744,5,30.660000000000004,5.375220925692259,0.998,0.004472135954999584
Cooperative Q-Learning,1745,5,29.74,6.172053953101835,0.998,0.004472135954999584
Cooperative Q-Learning,1746,5,35.10999999999999,5.964310521761911,0.998,0.004472135954999584
Cooperative Q-Learning,1747,5,25.57,2.0906338751680082,0.998,0.004472135954999584
Cooperative Q-Learning,1748,5,29.139999999999997,3.670899072434433,0.998,0.004472135954999584
Cooperative Q-Learning,1749,5,29.419999999999998,3.317303121513011,0.998,0.004472135954999584
Cooperative Q-Learning,1750,5,27.509999999999998,6.394763482725531,0.998,0.004472135954999584
Cooperative Q-Learning,1751,5,30.459999999999997,3.0568366001472786,0.998,0.004472135954999584
Cooperative Q-Learning,1752,5,27.089999999999996,1.0346496991735905,0.998,0.004472135954999584
Cooperative Q-Learning,1753,5,31.259999999999998,4.230455058265005,0.998,0.004472135954999584
Cooperative Q-Learning,1754,5,29.169999999999998,2.9934511855047825,0.998,0.004472135954999584
Cooperative Q-Learning,1755,5,32.51,5.142154217835162,0.998,0.004472135954999584
Cooperative Q-Learning,1756,5,28.479999999999997,4.1509938568974,0.998,0.004472135954999584
Cooperative Q-Learning,1757,5,27.79,5.074002364997475,0.998,0.004472135954999584
Cooperative Q-Learning,1758,5,27.5,2.3545169355942215,0.998,0.004472135954999584
Cooperative Q-Learning,1759,5,32.739999999999995,7.6753990124292555,0.998,0.004472135954999584
Cooperative Q-Learning,1760,5,31.449999999999996,2.896981187374191,0.998,0.004472135954999584
Cooperative Q-Learning,1761,5,28.779999999999994,5.18731626180629,0.998,0.004472135954999584
Cooperative Q-Learning,1762,5,30.97,4.769250465219875,0.998,0.004472135954999584
Cooperative Q-Learning,1763,5,29.449999999999996,5.276243929160208,0.998,0.004472135954999584
Cooperative Q-Learning,1764,5,28.99,4.7643729912759705,0.998,0.004472135954999584
Cooperative Q-Learning,1765,5,34.14,7.295580854188371,0.998,0.004472135954999584
Cooperative Q-Learning,1766,5,27.95,3.2198602454143854,0.998,0.004472135954999584
Cooperative Q-Learning,1767,5,32.10999999999999,5.242065432632441,0.998,0.004472135954999584
Cooperative Q-Learning,1768,5,28.49,3.388473107463006,0.998,0.004472135954999584
Cooperative Q-Learning,1769,5,28.95,7.288861365124182,0.998,0.004472135954999584
Cooperative Q-Learning,1770,5,30.759999999999998,5.199927884115311,0.998,0.004472135954999584
Cooperative Q-Learning,1771,5,29.659999999999997,2.5786139687824523,0.998,0.004472135954999584
Cooperative Q-Learning,1772,5,27.759999999999998,2.870409378468507,0.998,0.004472135954999584
Cooperative Q-Learning,1773,5,31.630000000000003,2.5900289573670787,0.998,0.004472135954999584
Cooperative Q-Learning,1774,5,31.77,3.0630050603941186,0.998,0.004472135954999584
Cooperative Q-Learning,1775,5,27.2,3.439658413273035,0.998,0.004472135954999584
Cooperative Q-Learning,1776,5,27.889999999999997,1.7242389625571046,0.998,0.004472135954999584
Cooperative Q-Learning,1777,5,25.619999999999997,1.4224099268495,0.998,0.004472135954999584
Cooperative Q-Learning,1778,5,28.79,3.4636324862779513,0.998,0.004472135954999584
Cooperative Q-Learning,1779,5,34.36999999999999,4.564619370769038,0.998,0.004472135954999584
Cooperative Q-Learning,1780,5,33.43999999999999,5.794113392055764,0.998,0.004472135954999584
Cooperative Q-Learning,1781,5,28.820000000000004,1.2487994234463746,0.998,0.004472135954999584
Cooperative Q-Learning,1782,5,32.19,2.9617140307598864,0.998,0.004472135954999584
Cooperative Q-Learning,1783,5,30.28,2.4435118170371077,0.998,0.004472135954999584
Cooperative Q-Learning,1784,5,31.889999999999997,4.348189278308844,0.998,0.004472135954999584
Cooperative Q-Learning,1785,5,31.28,4.579383146232688,0.998,0.004472135954999584
Cooperative Q-Learning,1786,5,30.779999999999994,2.5876147317558638,0.998,0.004472135954999584
Cooperative Q-Learning,1787,5,31.6,4.952776998815913,0.998,0.004472135954999584
Cooperative Q-Learning,1788,5,29.389999999999997,2.9224133862272113,0.998,0.004472135954999584
Cooperative Q-Learning,1789,5,26.139999999999997,3.0833018016405727,0.998,0.004472135954999584
Cooperative Q-Learning,1790,5,29.429999999999996,3.0558550358287606,0.998,0.004472135954999584
Cooperative Q-Learning,1791,5,34.129999999999995,4.950075756996043,0.998,0.004472135954999584
Cooperative Q-Learning,1792,5,29.759999999999998,5.138020046671671,0.998,0.004472135954999584
Cooperative Q-Learning,1793,5,30.79,5.196561363055376,0.998,0.004472135954999584
Cooperative Q-Learning,1794,5,29.759999999999998,6.459624602095696,0.998,0.004472135954999584
Cooperative Q-Learning,1795,5,29.379999999999995,5.338375220982499,0.998,0.004472135954999584
Cooperative Q-Learning,1796,5,29.4,2.7534069804516674,0.998,0.004472135954999584
Cooperative Q-Learning,1797,5,28.48,4.513258246544286,0.998,0.004472135954999584
Cooperative Q-Learning,1798,5,29.52,2.3522861220523312,0.998,0.004472135954999584
Cooperative Q-Learning,1799,5,29.53,3.597846578163108,0.998,0.004472135954999584
Cooperative Q-Learning,1800,5,31.009999999999998,4.580720467350082,0.998,0.004472135954999584
Cooperative Q-Learning,1801,5,27.580000000000002,0.7362064927722372,0.998,0.004472135954999584
Cooperative Q-Learning,1802,5,30.310000000000002,5.1945163393717415,0.998,0.004472135954999584
Cooperative Q-Learning,1803,5,29.470000000000006,1.6983815825661783,0.998,0.004472135954999584
Cooperative Q-Learning,1804,5,33.88,2.773220149934006,0.998,0.004472135954999584
Cooperative Q-Learning,1805,5,25.79,3.911105981688556,0.998,0.004472135954999584
Cooperative Q-Learning,1806,5,31.25,3.423448553724735,0.998,0.004472135954999584
Cooperative Q-Learning,1807,5,30.7,8.352694176132626,0.998,0.004472135954999584
Cooperative Q-Learning,1808,5,27.880000000000003,2.956264534847989,0.998,0.004472135954999584
Cooperative Q-Learning,1809,5,29.04,5.079296211090663,0.998,0.004472135954999584
Cooperative Q-Learning,1810,5,30.869999999999997,4.314162722939409,0.998,0.004472135954999584
Cooperative Q-Learning,1811,5,28.189999999999998,4.1517165124801085,0.998,0.004472135954999584
Cooperative Q-Learning,1812,5,28.479999999999997,4.6643059505139615,0.998,0.004472135954999584
Cooperative Q-Learning,1813,5,26.01,1.6723486478602478,0.998,0.004472135954999584
Cooperative Q-Learning,1814,5,29.29,3.4555028577618048,0.998,0.004472135954999584
Cooperative Q-Learning,1815,5,28.059999999999995,5.585964554130283,0.998,0.004472135954999584
Cooperative Q-Learning,1816,5,32.019999999999996,5.007694080113119,0.998,0.004472135954999584
Cooperative Q-Learning,1817,5,31.78,2.782444968009249,0.998,0.004472135954999584
Cooperative Q-Learning,1818,5,30.259999999999998,5.166284932134497,0.998,0.004472135954999584
Cooperative Q-Learning,1819,5,29.24,3.75938824810633,0.998,0.004472135954999584
Cooperative Q-Learning,1820,5,29.839999999999996,3.354362830702723,0.998,0.004472135954999584
Cooperative Q-Learning,1821,5,28.610000000000003,4.7065645645204945,0.998,0.004472135954999584
Cooperative Q-Learning,1822,5,29.589999999999996,4.5766253943271336,0.998,0.004472135954999584
Cooperative Q-Learning,1823,5,29.75,5.03711226795671,0.998,0.004472135954999584
Cooperative Q-Learning,1824,5,31.21,3.4156624540489933,0.998,0.004472135954999584
Cooperative Q-Learning,1825,5,30.98,3.4956401416621814,0.998,0.004472135954999584
Cooperative Q-Learning,1826,5,27.07,3.37112740785631,0.998,0.004472135954999584
Cooperative Q-Learning,1827,5,31.939999999999998,6.093377552720656,0.998,0.004472135954999584
Cooperative Q-Learning,1828,5,28.55,3.8581083447720825,0.998,0.004472135954999584
Cooperative Q-Learning,1829,5,30.619999999999997,4.167373273418159,0.998,0.004472135954999584
Cooperative Q-Learning,1830,5,30.360000000000003,5.199567289688631,0.998,0.004472135954999584
Cooperative Q-Learning,1831,5,33.25,8.577805663454956,0.998,0.004472135954999584
Cooperative Q-Learning,1832,5,31.6,2.5809397513308947,0.998,0.004472135954999584
Cooperative Q-Learning,1833,5,20.139999999999997,17.048951580669126,0.9960000000000001,0.005477225575051666
Cooperative Q-Learning,1834,5,29.49,5.729572409874924,0.9960000000000001,0.005477225575051666
Cooperative Q-Learning,1835,5,30.57,4.1801016734046055,0.9960000000000001,0.005477225575051666
Cooperative Q-Learning,1836,5,29.76,5.077080854191705,0.9960000000000001,0.005477225575051666
Cooperative Q-Learning,1837,5,32.6,5.360153915700554,0.9960000000000001,0.005477225575051666
Cooperative Q-Learning,1838,5,32.91,5.45119253008,0.9960000000000001,0.005477225575051666
Cooperative Q-Learning,1839,5,29.74,2.71601730480496,0.9960000000000001,0.005477225575051666
Cooperative Q-Learning,1840,5,26.990000000000002,2.160844742224669,0.998,0.004472135954999584
Cooperative Q-Learning,1841,5,26.419999999999998,3.109380967330958,0.998,0.004472135954999584
Cooperative Q-Learning,1842,5,27.610000000000003,2.941598205057923,0.998,0.004472135954999584
Cooperative Q-Learning,1843,5,32.760000000000005,7.587687394720473,0.998,0.004472135954999584
Cooperative Q-Learning,1844,5,32.529999999999994,4.142553560305523,0.998,0.004472135954999584
Cooperative Q-Learning,1845,5,30.99,5.435692228226319,0.998,0.004472135954999584
Cooperative Q-Learning,1846,5,28.839999999999996,2.9183471349378554,0.998,0.004472135954999584
Cooperative Q-Learning,1847,5,30.109999999999996,4.89507405459815,0.998,0.004472135954999584
Cooperative Q-Learning,1848,5,31.959999999999997,4.0782042616818455,0.998,0.004472135954999584
Cooperative Q-Learning,1849,5,31.959999999999997,4.822006843628485,0.998,0.004472135954999584
Cooperative Q-Learning,1850,5,31.47,4.912687655448897,0.998,0.004472135954999584
Cooperative Q-Learning,1851,5,30.29,7.3694809857954,0.998,0.004472135954999584
Cooperative Q-Learning,1852,5,25.889999999999997,3.778458680467475,0.998,0.004472135954999584
Cooperative Q-Learning,1853,5,31.809999999999995,4.956485650135584,0.998,0.004472135954999584
Cooperative Q-Learning,1854,5,27.979999999999997,5.653826138112138,0.998,0.004472135954999584
Cooperative Q-Learning,1855,5,29.43,3.416979660460388,0.998,0.004472135954999584
Cooperative Q-Learning,1856,5,32.0,4.189122819875297,0.998,0.004472135954999584
Cooperative Q-Learning,1857,5,31.75,8.604577270267258,0.998,0.004472135954999584
Cooperative Q-Learning,1858,5,30.04,3.6550307796241586,0.998,0.004472135954999584
Cooperative Q-Learning,1859,5,30.65,1.4075688260259225,0.998,0.004472135954999584
Cooperative Q-Learning,1860,5,27.860000000000003,4.771713528702243,0.998,0.004472135954999584
Cooperative Q-Learning,1861,5,28.729999999999997,5.694031963380603,0.998,0.004472135954999584
Cooperative Q-Learning,1862,5,30.839999999999996,4.452583519710774,0.998,0.004472135954999584
Cooperative Q-Learning,1863,5,31.709999999999997,7.019740023676088,0.998,0.004472135954999584
Cooperative Q-Learning,1864,5,28.830000000000002,2.341367122003723,0.998,0.004472135954999584
Cooperative Q-Learning,1865,5,29.610000000000003,3.1203765798377585,0.998,0.004472135954999584
Cooperative Q-Learning,1866,5,30.839999999999996,3.991459632765937,0.998,0.004472135954999584
Cooperative Q-Learning,1867,5,31.889999999999993,6.509358647363029,0.998,0.004472135954999584
Cooperative Q-Learning,1868,5,28.85,3.6174922252853565,0.998,0.004472135954999584
Cooperative Q-Learning,1869,5,27.340000000000003,2.662095039625746,0.998,0.004472135954999584
Cooperative Q-Learning,1870,5,29.49,3.6531493262663073,0.998,0.004472135954999584
Cooperative Q-Learning,1871,5,28.53,3.2071404708867974,0.998,0.004472135954999584
Cooperative Q-Learning,1872,5,29.79,4.6735158071841365,0.998,0.004472135954999584
Cooperative Q-Learning,1873,5,30.01,5.093059002210752,0.998,0.004472135954999584
Cooperative Q-Learning,1874,5,28.029999999999994,6.218178993885586,0.998,0.004472135954999584
Cooperative Q-Learning,1875,5,30.079999999999995,3.460057802985376,0.998,0.004472135954999584
Cooperative Q-Learning,1876,5,32.059999999999995,3.7715050046367415,0.998,0.004472135954999584
Cooperative Q-Learning,1877,5,32.24999999999999,2.4611988948477883,0.998,0.004472135954999584
Cooperative Q-Learning,1878,5,26.840000000000003,3.601284493066327,0.998,0.004472135954999584
Cooperative Q-Learning,1879,5,30.23,3.529093367991271,0.998,0.004472135954999584
Cooperative Q-Learning,1880,5,32.23,6.1227648983118685,0.998,0.004472135954999584
Cooperative Q-Learning,1881,5,31.47,6.220791750251727,0.998,0.004472135954999584
Cooperative Q-Learning,1882,5,30.48,4.576652706946417,0.998,0.004472135954999584
Cooperative Q-Learning,1883,5,28.54,1.621881623300542,0.998,0.004472135954999584
Cooperative Q-Learning,1884,5,31.129999999999995,2.440440534002005,0.998,0.004472135954999584
Cooperative Q-Learning,1885,5,31.919999999999998,5.383493289677249,0.998,0.004472135954999584
Cooperative Q-Learning,1886,5,27.259999999999998,4.467297840977246,0.998,0.004472135954999584
Cooperative Q-Learning,1887,5,27.27,3.193078451901862,0.998,0.004472135954999584
Cooperative Q-Learning,1888,5,31.889999999999997,4.167943137807901,0.998,0.004472135954999584
Cooperative Q-Learning,1889,5,27.51,2.82519910802761,0.998,0.004472135954999584
Cooperative Q-Learning,1890,5,28.21,4.635784723215692,0.998,0.004472135954999584
Cooperative Q-Learning,1891,5,30.859999999999996,6.620460709044342,0.998,0.004472135954999584
Cooperative Q-Learning,1892,5,29.0,5.070626194071102,0.998,0.004472135954999584
Cooperative Q-Learning,1893,5,30.659999999999997,3.9184499486404007,0.998,0.004472135954999584
Cooperative Q-Learning,1894,5,29.259999999999998,6.001603952278089,0.998,0.004472135954999584
Cooperative Q-Learning,1895,5,30.43,4.966084977122321,0.998,0.004472135954999584
Cooperative Q-Learning,1896,5,32.17,5.430078268312522,0.998,0.004472135954999584
Cooperative Q-Learning,1897,5,29.0,5.123963309782769,0.998,0.004472135954999584
Cooperative Q-Learning,1898,5,28.47,2.95943406752034,0.998,0.004472135954999584
Cooperative Q-Learning,1899,5,28.419999999999998,2.915175809449577,0.998,0.004472135954999584
Cooperative Q-Learning,1900,5,30.57,2.7224988521577016,0.998,0.004472135954999584
Cooperative Q-Learning,1901,5,30.919999999999998,5.225131577290662,0.998,0.004472135954999584
Cooperative Q-Learning,1902,5,33.73,3.648732656690535,0.998,0.004472135954999584
Cooperative Q-Learning,1903,5,30.769999999999992,6.591149368660972,0.998,0.004472135954999584
Cooperative Q-Learning,1904,5,31.509999999999998,7.750435471636411,0.998,0.004472135954999584
Cooperative Q-Learning,1905,5,30.25,3.9086442662386154,0.998,0.004472135954999584
Cooperative Q-Learning,1906,5,31.2,4.857468476480312,0.998,0.004472135954999584
Cooperative Q-Learning,1907,5,30.809999999999995,6.190456364437114,0.998,0.004472135954999584
Cooperative Q-Learning,1908,5,29.330000000000002,4.017710790985334,0.998,0.004472135954999584
Cooperative Q-Learning,1909,5,28.77,4.240666221244014,0.998,0.004472135954999584
Cooperative Q-Learning,1910,5,30.929999999999996,6.927896506155383,0.998,0.004472135954999584
Cooperative Q-Learning,1911,5,28.55,5.236172266073753,0.998,0.004472135954999584
Cooperative Q-Learning,1912,5,30.639999999999997,4.568834643538761,0.998,0.004472135954999584
Cooperative Q-Learning,1913,5,32.949999999999996,7.346342627457551,0.998,0.004472135954999584
Cooperative Q-Learning,1914,5,28.759999999999998,5.79378977871997,0.998,0.004472135954999584
Cooperative Q-Learning,1915,5,29.019999999999992,3.2942373927815156,0.998,0.004472135954999584
Cooperative Q-Learning,1916,5,31.359999999999996,2.1952790255455,0.998,0.004472135954999584
Cooperative Q-Learning,1917,5,27.27,4.369582359905805,0.998,0.004472135954999584
Cooperative Q-Learning,1918,5,30.580000000000002,4.5834757553629535,0.998,0.004472135954999584
Cooperative Q-Learning,1919,5,31.659999999999997,2.5075884829851933,0.998,0.004472135954999584
Cooperative Q-Learning,1920,5,29.939999999999998,2.8342547521350294,0.998,0.004472135954999584
Cooperative Q-Learning,1921,5,29.9,2.9855903938752193,0.998,0.004472135954999584
Cooperative Q-Learning,1922,5,29.28,2.588822125987027,0.998,0.004472135954999584
Cooperative Q-Learning,1923,5,31.03,4.237422565664179,0.998,0.004472135954999584
Cooperative Q-Learning,1924,5,30.189999999999998,2.1051722019825325,0.998,0.004472135954999584
Cooperative Q-Learning,1925,5,28.080000000000002,2.3665903743571675,0.998,0.004472135954999584
Cooperative Q-Learning,1926,5,30.369999999999997,5.45786130274487,0.998,0.004472135954999584
Cooperative Q-Learning,1927,5,29.03,2.5987015988758686,0.998,0.004472135954999584
Cooperative Q-Learning,1928,5,28.72,1.6498484778912286,0.998,0.004472135954999584
Cooperative Q-Learning,1929,5,30.48,2.81416062086015,0.998,0.004472135954999584
Cooperative Q-Learning,1930,5,30.57,5.770896810721881,0.998,0.004472135954999584
Cooperative Q-Learning,1931,5,28.810000000000002,2.376815095879356,0.998,0.004472135954999584
Cooperative Q-Learning,1932,5,27.589999999999996,5.841168547474039,0.998,0.004472135954999584
Cooperative Q-Learning,1933,5,31.809999999999995,3.3790531218079383,1.0,0.0
Cooperative Q-Learning,1934,5,32.49999999999999,2.8722813232690108,1.0,0.0
Cooperative Q-Learning,1935,5,32.279999999999994,3.882106387001773,1.0,0.0
Cooperative Q-Learning,1936,5,31.979999999999997,6.295097298692051,1.0,0.0
Cooperative Q-Learning,1937,5,27.770000000000003,4.007898451807382,1.0,0.0
Cooperative Q-Learning,1938,5,29.15,3.2347720166960734,1.0,0.0
Cooperative Q-Learning,1939,5,28.54,3.945788894505128,1.0,0.0
Cooperative Q-Learning,1940,5,30.25,4.4848355599731855,1.0,0.0
Cooperative Q-Learning,1941,5,28.829999999999995,4.6814260647798305,1.0,0.0
Cooperative Q-Learning,1942,5,30.49,6.505612961128255,1.0,0.0
Cooperative Q-Learning,1943,5,29.85,4.408089155178236,1.0,0.0
Cooperative Q-Learning,1944,5,32.459999999999994,3.928326615748745,1.0,0.0
Cooperative Q-Learning,1945,5,34.04,8.98348484720712,1.0,0.0
Cooperative Q-Learning,1946,5,29.99,1.7675548082025623,1.0,0.0
Cooperative Q-Learning,1947,5,26.71,3.066431150376606,1.0,0.0
Cooperative Q-Learning,1948,5,28.709999999999997,6.596912156456229,1.0,0.0
Cooperative Q-Learning,1949,5,24.630000000000003,2.178187319768437,1.0,0.0
Cooperative Q-Learning,1950,5,26.630000000000003,2.825906934065596,1.0,0.0
Cooperative Q-Learning,1951,5,33.0,7.974098695150439,1.0,0.0
Cooperative Q-Learning,1952,5,30.369999999999997,2.382907887435013,1.0,0.0
Cooperative Q-Learning,1953,5,28.170000000000005,3.3586827775185935,1.0,0.0
Cooperative Q-Learning,1954,5,31.24,7.985173761415588,1.0,0.0
Cooperative Q-Learning,1955,5,33.89999999999999,6.371322468687325,1.0,0.0
Cooperative Q-Learning,1956,5,28.9,4.272733317210424,1.0,0.0
Cooperative Q-Learning,1957,5,32.959999999999994,3.585979642998547,1.0,0.0
Cooperative Q-Learning,1958,5,31.25,3.1184932259025353,1.0,0.0
Cooperative Q-Learning,1959,5,25.78,3.3178682915390123,1.0,0.0
Cooperative Q-Learning,1960,5,30.55,4.117189575426421,1.0,0.0
Cooperative Q-Learning,1961,5,29.85,6.826877031264001,1.0,0.0
Cooperative Q-Learning,1962,5,30.609999999999996,6.875354536313016,1.0,0.0
Cooperative Q-Learning,1963,5,31.059999999999995,4.920670685993931,1.0,0.0
Cooperative Q-Learning,1964,5,29.369999999999994,5.746477181717501,1.0,0.0
Cooperative Q-Learning,1965,5,27.540000000000003,4.999299950993138,1.0,0.0
Cooperative Q-Learning,1966,5,33.55,7.954165575344778,1.0,0.0
Cooperative Q-Learning,1967,5,27.439999999999998,5.273921690734514,1.0,0.0
Cooperative Q-Learning,1968,5,29.28,2.362361107028303,1.0,0.0
Cooperative Q-Learning,1969,5,27.68,1.6858232410309197,1.0,0.0
Cooperative Q-Learning,1970,5,31.529999999999994,4.3013951225154825,1.0,0.0
Cooperative Q-Learning,1971,5,33.099999999999994,4.240725173835242,1.0,0.0
Cooperative Q-Learning,1972,5,32.349999999999994,4.380353866983804,1.0,0.0
Cooperative Q-Learning,1973,5,29.8,7.169379331573964,1.0,0.0
Cooperative Q-Learning,1974,5,31.399999999999995,6.704103221162386,1.0,0.0
Cooperative Q-Learning,1975,5,31.479999999999997,3.1216181701162617,1.0,0.0
Cooperative Q-Learning,1976,5,30.909999999999997,2.166044782547211,1.0,0.0
Cooperative Q-Learning,1977,5,32.3,2.2572106680591384,1.0,0.0
Cooperative Q-Learning,1978,5,33.95,3.977907741514374,1.0,0.0
Cooperative Q-Learning,1979,5,30.279999999999994,6.172276727432106,1.0,0.0
Cooperative Q-Learning,1980,5,30.77,3.029150045804927,1.0,0.0
Cooperative Q-Learning,1981,5,32.15999999999999,3.503284173457811,1.0,0.0
Cooperative Q-Learning,1982,5,30.629999999999995,5.887868884409705,1.0,0.0
Cooperative Q-Learning,1983,5,29.059999999999995,4.117098492870919,1.0,0.0
Cooperative Q-Learning,1984,5,29.24,5.274395699983075,1.0,0.0
Cooperative Q-Learning,1985,5,30.71,2.746452257003567,1.0,0.0
Cooperative Q-Learning,1986,5,28.45,5.294218544790155,1.0,0.0
Cooperative Q-Learning,1987,5,31.15,3.7879743927328704,1.0,0.0
Cooperative Q-Learning,1988,5,28.630000000000003,4.105727706509529,1.0,0.0
Cooperative Q-Learning,1989,5,30.579999999999995,5.768080269899161,1.0,0.0
Cooperative Q-Learning,1990,5,29.089999999999996,5.1656800133186715,1.0,0.0
Cooperative Q-Learning,1991,5,31.089999999999996,5.190905508675724,1.0,0.0
Cooperative Q-Learning,1992,5,29.279999999999994,5.657804344443168,1.0,0.0
Cooperative Q-Learning,1993,5,30.3,3.1561448002270054,1.0,0.0
Cooperative Q-Learning,1994,5,30.259999999999998,5.120961823720227,1.0,0.0
Cooperative Q-Learning,1995,5,29.0,5.568325601112061,1.0,0.0
Cooperative Q-Learning,1996,5,28.65,2.1965882636488794,1.0,0.0
Cooperative Q-Learning,1997,5,30.05,7.472700315147126,1.0,0.0
Cooperative Q-Learning,1998,5,31.32,4.277499269433017,1.0,0.0
Cooperative Q-Learning,1999,5,27.27,2.217149070315298,1.0,0.0
Cooperative Q-Learning,2000,5,29.880000000000003,1.9018412131405706,1.0,0.0
Cooperative Q-Learning,2001,5,30.209999999999997,4.358812911791466,1.0,0.0
Cooperative Q-Learning,2002,5,32.709999999999994,2.720156245512374,1.0,0.0
Cooperative Q-Learning,2003,5,32.3,5.1498786393467535,1.0,0.0
Cooperative Q-Learning,2004,5,31.04,3.9697921859966407,1.0,0.0
Cooperative Q-Learning,2005,5,31.369999999999997,5.3213720035344245,1.0,0.0
Cooperative Q-Learning,2006,5,31.54,1.9510894392620695,1.0,0.0
Cooperative Q-Learning,2007,5,33.91,3.893167091199652,1.0,0.0
Cooperative Q-Learning,2008,5,29.759999999999998,5.2440919137635245,1.0,0.0
Cooperative Q-Learning,2009,5,35.56999999999999,5.6886509824386255,1.0,0.0
Cooperative Q-Learning,2010,5,31.880000000000003,4.2316663384534445,1.0,0.0
Cooperative Q-Learning,2011,5,27.580000000000002,3.375018518467715,1.0,0.0
Cooperative Q-Learning,2012,5,25.14,2.099821420978461,1.0,0.0
Cooperative Q-Learning,2013,5,28.529999999999994,3.5940228157316976,1.0,0.0
Cooperative Q-Learning,2014,5,30.9,5.012359723722951,1.0,0.0
Cooperative Q-Learning,2015,5,29.130000000000003,2.937388295748453,1.0,0.0
Cooperative Q-Learning,2016,5,27.43,3.3953276719633396,1.0,0.0
Cooperative Q-Learning,2017,5,29.919999999999995,5.091487994682883,1.0,0.0
Cooperative Q-Learning,2018,5,29.880000000000003,4.1392330207418855,1.0,0.0
Cooperative Q-Learning,2019,5,30.110000000000003,1.194989539703171,1.0,0.0
Cooperative Q-Learning,2020,5,33.45,5.011985634456664,1.0,0.0
Cooperative Q-Learning,2021,5,31.310000000000002,1.31785811072361,1.0,0.0
Cooperative Q-Learning,2022,5,29.860000000000003,3.208270562156498,1.0,0.0
Cooperative Q-Learning,2023,5,26.830000000000002,3.1930784519018625,1.0,0.0
Cooperative Q-Learning,2024,5,29.830000000000002,3.0991127762635577,1.0,0.0
Cooperative Q-Learning,2025,5,27.330000000000002,3.1822947695020334,1.0,0.0
Cooperative Q-Learning,2026,5,32.669999999999995,3.5051034221546122,1.0,0.0
Cooperative Q-Learning,2027,5,33.769999999999996,5.381054729325834,1.0,0.0
Cooperative Q-Learning,2028,5,28.869999999999997,2.8045944448351166,1.0,0.0
Cooperative Q-Learning,2029,5,33.309999999999995,4.577308160917283,1.0,0.0
Cooperative Q-Learning,2030,5,31.35,4.019483797703381,1.0,0.0
Cooperative Q-Learning,2031,5,27.73,3.8453868465994416,1.0,0.0
Cooperative Q-Learning,2032,5,29.029999999999994,4.48826247004339,1.0,0.0
Cooperative Q-Learning,2033,5,30.089999999999996,4.949166596508948,1.0,0.0
Cooperative Q-Learning,2034,5,29.95,6.650281948910132,1.0,0.0
Cooperative Q-Learning,2035,5,30.029999999999994,5.901016861524798,1.0,0.0
Cooperative Q-Learning,2036,5,32.4,2.9246794696171365,1.0,0.0
Cooperative Q-Learning,2037,5,30.139999999999997,2.7462246812669924,1.0,0.0
Cooperative Q-Learning,2038,5,28.46,3.9384959057995736,1.0,0.0
Cooperative Q-Learning,2039,5,32.44,4.705103612036608,1.0,0.0
Cooperative Q-Learning,2040,5,30.080000000000002,6.1201102931238065,1.0,0.0
Cooperative Q-Learning,2041,5,30.77,4.500777710574027,1.0,0.0
Cooperative Q-Learning,2042,5,30.889999999999993,2.3794432121822053,1.0,0.0
Cooperative Q-Learning,2043,5,27.85,3.4983924879864468,1.0,0.0
Cooperative Q-Learning,2044,5,32.24999999999999,5.555177764932458,1.0,0.0
Cooperative Q-Learning,2045,5,31.439999999999998,4.548955924165453,1.0,0.0
Cooperative Q-Learning,2046,5,27.01,3.495961956314741,1.0,0.0
Cooperative Q-Learning,2047,5,30.07,5.826834475081643,1.0,0.0
Cooperative Q-Learning,2048,5,35.85999999999999,5.289659724405717,1.0,0.0
Cooperative Q-Learning,2049,5,32.019999999999996,5.104973065550883,1.0,0.0
Cooperative Q-Learning,2050,5,32.81999999999999,2.8597639762749614,1.0,0.0
Cooperative Q-Learning,2051,5,26.130000000000003,1.2412695114277155,1.0,0.0
Cooperative Q-Learning,2052,5,33.4,5.774296493946252,1.0,0.0
Cooperative Q-Learning,2053,5,31.04,5.455203937526073,1.0,0.0
Cooperative Q-Learning,2054,5,27.880000000000003,3.614657660138787,1.0,0.0
Cooperative Q-Learning,2055,5,33.67999999999999,5.314908277665755,1.0,0.0
Cooperative Q-Learning,2056,5,31.309999999999995,3.5098789152903818,1.0,0.0
Cooperative Q-Learning,2057,5,28.82,3.4186254547697965,1.0,0.0
Cooperative Q-Learning,2058,5,28.7,4.434946448380182,1.0,0.0
Cooperative Q-Learning,2059,5,30.369999999999994,5.697214231534565,1.0,0.0
Cooperative Q-Learning,2060,5,30.0,2.386157999798002,1.0,0.0
Cooperative Q-Learning,2061,5,31.29,6.397011020781496,1.0,0.0
Cooperative Q-Learning,2062,5,27.689999999999998,3.6389215435345665,1.0,0.0
Cooperative Q-Learning,2063,5,32.459999999999994,5.956341158798745,1.0,0.0
Cooperative Q-Learning,2064,5,33.54,5.044972745218744,1.0,0.0
Cooperative Q-Learning,2065,5,29.939999999999998,3.2049570979967874,1.0,0.0
Cooperative Q-Learning,2066,5,31.880000000000003,3.282643751612409,1.0,0.0
Cooperative Q-Learning,2067,5,29.3,3.8100196849885144,1.0,0.0
Cooperative Q-Learning,2068,5,28.360000000000003,2.2584286572747856,1.0,0.0
Cooperative Q-Learning,2069,5,30.080000000000002,4.003529692658716,1.0,0.0
Cooperative Q-Learning,2070,5,33.89,7.2674273302180294,1.0,0.0
Cooperative Q-Learning,2071,5,31.65999999999999,2.9114858749442583,1.0,0.0
Cooperative Q-Learning,2072,5,30.559999999999995,2.6458458004955605,1.0,0.0
Cooperative Q-Learning,2073,5,30.29,4.726573811969932,1.0,0.0
Cooperative Q-Learning,2074,5,28.6,5.440473324996638,1.0,0.0
Cooperative Q-Learning,2075,5,32.92999999999999,5.875117020111168,1.0,0.0
Cooperative Q-Learning,2076,5,26.68,3.578162936480116,1.0,0.0
Cooperative Q-Learning,2077,5,30.979999999999997,6.409134106882138,1.0,0.0
Cooperative Q-Learning,2078,5,33.08,4.50646757449779,1.0,0.0
Cooperative Q-Learning,2079,5,30.919999999999998,4.649677408164997,1.0,0.0
Cooperative Q-Learning,2080,5,25.35,4.934825224868657,1.0,0.0
Cooperative Q-Learning,2081,5,31.449999999999996,6.182940239077194,1.0,0.0
Cooperative Q-Learning,2082,5,30.85,3.6830693721405767,1.0,0.0
Cooperative Q-Learning,2083,5,30.53,2.6642541170091114,1.0,0.0
Cooperative Q-Learning,2084,5,30.479999999999997,5.876818867380545,1.0,0.0
Cooperative Q-Learning,2085,5,31.4,4.007492981902776,1.0,0.0
Cooperative Q-Learning,2086,5,28.370000000000005,1.8576194443426777,1.0,0.0
Cooperative Q-Learning,2087,5,32.89,4.99579823451668,1.0,0.0
Cooperative Q-Learning,2088,5,33.480000000000004,5.225251190134303,1.0,0.0
Cooperative Q-Learning,2089,5,31.27,5.01667220376217,1.0,0.0
Cooperative Q-Learning,2090,5,31.779999999999994,6.242655684882832,1.0,0.0
Cooperative Q-Learning,2091,5,33.92999999999999,6.625009433955544,1.0,0.0
Cooperative Q-Learning,2092,5,28.97,3.290630638646638,1.0,0.0
Cooperative Q-Learning,2093,5,30.689999999999998,6.9114397921127795,1.0,0.0
Cooperative Q-Learning,2094,5,32.08,5.998708194269828,1.0,0.0
Cooperative Q-Learning,2095,5,30.799999999999994,3.2697476966885355,1.0,0.0
Cooperative Q-Learning,2096,5,34.07,8.44168229679369,1.0,0.0
Cooperative Q-Learning,2097,5,31.409999999999997,4.751236681117872,1.0,0.0
Cooperative Q-Learning,2098,5,31.72,3.335528443890107,1.0,0.0
Cooperative Q-Learning,2099,5,28.0,4.589798470521334,1.0,0.0
Cooperative Q-Learning,2100,5,32.230000000000004,5.055640414428223,1.0,0.0
Cooperative Q-Learning,2101,5,32.459999999999994,4.293803675064797,1.0,0.0
Cooperative Q-Learning,2102,5,28.26,2.8158923985124145,1.0,0.0
Cooperative Q-Learning,2103,5,31.299999999999994,4.946968768852292,1.0,0.0
Cooperative Q-Learning,2104,5,29.05,4.606381443172065,1.0,0.0
Cooperative Q-Learning,2105,5,31.379999999999995,3.257030856470348,1.0,0.0
Cooperative Q-Learning,2106,5,26.5,2.5995191863111917,1.0,0.0
Cooperative Q-Learning,2107,5,33.55999999999999,4.582766631632028,1.0,0.0
Cooperative Q-Learning,2108,5,34.019999999999996,2.893656855952342,1.0,0.0
Cooperative Q-Learning,2109,5,25.869999999999997,2.085545492191428,1.0,0.0
Cooperative Q-Learning,2110,5,30.889999999999997,4.519872785820413,1.0,0.0
Cooperative Q-Learning,2111,5,29.04,6.850492683011926,1.0,0.0
Cooperative Q-Learning,2112,5,31.4,4.127196384956739,1.0,0.0
Cooperative Q-Learning,2113,5,33.769999999999996,4.212570474187937,1.0,0.0
Cooperative Q-Learning,2114,5,32.529999999999994,5.909906936661519,1.0,0.0
Cooperative Q-Learning,2115,5,30.23,5.378266449331048,1.0,0.0
Cooperative Q-Learning,2116,5,30.23,4.6759491015193895,1.0,0.0
Cooperative Q-Learning,2117,5,28.5,4.648252359758446,1.0,0.0
Cooperative Q-Learning,2118,5,28.95,4.0654028090707035,1.0,0.0
Cooperative Q-Learning,2119,5,30.109999999999996,7.4774995820795525,1.0,0.0
Cooperative Q-Learning,2120,5,27.72,3.0676945741060972,1.0,0.0
Cooperative Q-Learning,2121,5,28.51,2.667723748816581,1.0,0.0
Cooperative Q-Learning,2122,5,27.48,2.6015860546981724,1.0,0.0
Cooperative Q-Learning,2123,5,28.96,3.4375499996363703,1.0,0.0
Cooperative Q-Learning,2124,5,36.44,7.806359586900921,1.0,0.0
Cooperative Q-Learning,2125,5,29.379999999999995,8.088695815766583,1.0,0.0
Cooperative Q-Learning,2126,5,33.029999999999994,4.788867298224078,1.0,0.0
Cooperative Q-Learning,2127,5,29.029999999999994,3.953574332170824,1.0,0.0
Cooperative Q-Learning,2128,5,27.889999999999997,5.077942496720497,1.0,0.0
Cooperative Q-Learning,2129,5,30.729999999999997,4.169922061621773,1.0,0.0
Cooperative Q-Learning,2130,5,25.610000000000003,11.791596584008454,0.998,0.004472135954999584
Cooperative Q-Learning,2131,5,30.939999999999998,3.6507533469134814,0.998,0.004472135954999584
Cooperative Q-Learning,2132,5,33.279999999999994,2.5706516683518155,0.998,0.004472135954999584
Cooperative Q-Learning,2133,5,28.75,0.9572094859538316,0.998,0.004472135954999584
Cooperative Q-Learning,2134,5,29.51,5.8455538659736925,0.998,0.004472135954999584
Cooperative Q-Learning,2135,5,27.55,4.0624807691852505,0.998,0.004472135954999584
Cooperative Q-Learning,2136,5,28.25,2.1791626832340905,0.998,0.004472135954999584
Cooperative Q-Learning,2137,5,29.979999999999997,6.437837369800511,0.998,0.004472135954999584
Cooperative Q-Learning,2138,5,31.21999999999999,3.3225743031571064,0.998,0.004472135954999584
Cooperative Q-Learning,2139,5,28.380000000000003,3.7250167784857022,0.998,0.004472135954999584
Cooperative Q-Learning,2140,5,31.999999999999993,4.373356834286446,0.998,0.004472135954999584
Cooperative Q-Learning,2141,5,29.119999999999994,3.9210330271498584,0.998,0.004472135954999584
Cooperative Q-Learning,2142,5,30.169999999999998,2.9497033749175485,0.998,0.004472135954999584
Cooperative Q-Learning,2143,5,30.27,2.7795233404308726,0.998,0.004472135954999584
Cooperative Q-Learning,2144,5,32.32,5.18514705673812,0.998,0.004472135954999584
Cooperative Q-Learning,2145,5,28.859999999999996,5.177040660454575,0.998,0.004472135954999584
Cooperative Q-Learning,2146,5,33.029999999999994,6.068010382324667,0.998,0.004472135954999584
Cooperative Q-Learning,2147,5,30.05,2.5906080367357767,0.998,0.004472135954999584
Cooperative Q-Learning,2148,5,29.96,2.1573710853721937,0.998,0.004472135954999584
Cooperative Q-Learning,2149,5,26.910000000000004,2.2894868420674537,0.998,0.004472135954999584
Cooperative Q-Learning,2150,5,29.53,3.35346835380923,0.998,0.004472135954999584
Cooperative Q-Learning,2151,5,30.819999999999993,3.131014212679331,0.998,0.004472135954999584
Cooperative Q-Learning,2152,5,33.06999999999999,4.776321806578778,0.998,0.004472135954999584
Cooperative Q-Learning,2153,5,31.4,3.3171900759528343,0.998,0.004472135954999584
Cooperative Q-Learning,2154,5,31.699999999999996,2.952329588646898,0.998,0.004472135954999584
Cooperative Q-Learning,2155,5,28.51,2.188721087758785,0.998,0.004472135954999584
Cooperative Q-Learning,2156,5,32.959999999999994,5.122426182972278,0.998,0.004472135954999584
Cooperative Q-Learning,2157,5,28.99,4.339124335623492,0.998,0.004472135954999584
Cooperative Q-Learning,2158,5,30.3,2.0012496096189474,0.998,0.004472135954999584
Cooperative Q-Learning,2159,5,29.679999999999996,4.874243531051766,0.998,0.004472135954999584
Cooperative Q-Learning,2160,5,28.090000000000003,1.7572706109191032,0.998,0.004472135954999584
Cooperative Q-Learning,2161,5,33.67999999999999,6.406110364331849,0.998,0.004472135954999584
Cooperative Q-Learning,2162,5,29.169999999999998,2.7049953789239636,0.998,0.004472135954999584
Cooperative Q-Learning,2163,5,28.8,2.0868636754709193,0.998,0.004472135954999584
Cooperative Q-Learning,2164,5,30.57,3.441947123359097,0.998,0.004472135954999584
Cooperative Q-Learning,2165,5,27.089999999999996,4.134821640651506,0.998,0.004472135954999584
Cooperative Q-Learning,2166,5,32.51,5.801659245422809,0.998,0.004472135954999584
Cooperative Q-Learning,2167,5,32.269999999999996,2.3466998103720034,0.998,0.004472135954999584
Cooperative Q-Learning,2168,5,30.380000000000003,2.8973263537268283,0.998,0.004472135954999584
Cooperative Q-Learning,2169,5,31.21,2.861249726954987,0.998,0.004472135954999584
Cooperative Q-Learning,2170,5,30.35,4.052931038150042,0.998,0.004472135954999584
Cooperative Q-Learning,2171,5,30.24,6.9682673599683245,0.998,0.004472135954999584
Cooperative Q-Learning,2172,5,31.159999999999997,4.4184839028789,0.998,0.004472135954999584
Cooperative Q-Learning,2173,5,31.229999999999997,5.703135102730773,0.998,0.004472135954999584
Cooperative Q-Learning,2174,5,27.32,8.173325516581356,0.998,0.004472135954999584
Cooperative Q-Learning,2175,5,26.82,3.06789830339925,0.998,0.004472135954999584
Cooperative Q-Learning,2176,5,31.27,3.7893930912482556,0.998,0.004472135954999584
Cooperative Q-Learning,2177,5,28.810000000000002,5.00679538227797,0.998,0.004472135954999584
Cooperative Q-Learning,2178,5,25.78,2.935259784073636,0.998,0.004472135954999584
Cooperative Q-Learning,2179,5,31.809999999999995,3.0135941996227626,0.998,0.004472135954999584
Cooperative Q-Learning,2180,5,27.709999999999997,5.411261405624381,0.998,0.004472135954999584
Cooperative Q-Learning,2181,5,31.77,4.105423242492786,0.998,0.004472135954999584
Cooperative Q-Learning,2182,5,28.75,4.3800684926151545,0.998,0.004472135954999584
Cooperative Q-Learning,2183,5,29.129999999999995,7.348690359513043,0.998,0.004472135954999584
Cooperative Q-Learning,2184,5,31.259999999999998,3.867234153758987,0.998,0.004472135954999584
Cooperative Q-Learning,2185,5,28.410000000000004,2.1784168563431563,0.998,0.004472135954999584
Cooperative Q-Learning,2186,5,29.02,2.294449825121481,0.998,0.004472135954999584
Cooperative Q-Learning,2187,5,31.769999999999992,3.450289842897252,0.998,0.004472135954999584
Cooperative Q-Learning,2188,5,32.459999999999994,4.790537548125468,0.998,0.004472135954999584
Cooperative Q-Learning,2189,5,30.3,5.007369568945353,0.998,0.004472135954999584
Cooperative Q-Learning,2190,5,26.97,1.4324803663575982,0.998,0.004472135954999584
Cooperative Q-Learning,2191,5,29.189999999999998,5.248737943544141,0.998,0.004472135954999584
Cooperative Q-Learning,2192,5,27.419999999999998,3.77435424940479,0.998,0.004472135954999584
Cooperative Q-Learning,2193,5,28.610000000000003,1.9152023391798572,0.998,0.004472135954999584
Cooperative Q-Learning,2194,5,33.589999999999996,4.9979245692587195,0.998,0.004472135954999584
Cooperative Q-Learning,2195,5,34.349999999999994,5.314602525118877,0.998,0.004472135954999584
Cooperative Q-Learning,2196,5,29.02,4.221166900277691,0.998,0.004472135954999584
Cooperative Q-Learning,2197,5,28.110000000000003,3.6030195669743446,0.998,0.004472135954999584
Cooperative Q-Learning,2198,5,29.27,6.665733267990849,0.998,0.004472135954999584
Cooperative Q-Learning,2199,5,27.4,1.5862692079215308,0.998,0.004472135954999584
Cooperative Q-Learning,2200,5,32.629999999999995,4.930466509368051,0.998,0.004472135954999584
Cooperative Q-Learning,2201,5,26.77,2.4750252523964273,0.998,0.004472135954999584
Cooperative Q-Learning,2202,5,33.39999999999999,5.37017225049625,0.998,0.004472135954999584
Cooperative Q-Learning,2203,5,29.03,3.2792148450505607,0.998,0.004472135954999584
Cooperative Q-Learning,2204,5,31.599999999999994,3.65615918690639,0.998,0.004472135954999584
Cooperative Q-Learning,2205,5,30.609999999999996,5.4335071546837925,0.998,0.004472135954999584
Cooperative Q-Learning,2206,5,29.27,4.180251188624911,0.998,0.004472135954999584
Cooperative Q-Learning,2207,5,33.36,6.167596776703221,0.998,0.004472135954999584
Cooperative Q-Learning,2208,5,31.839999999999996,4.568697845119547,0.998,0.004472135954999584
Cooperative Q-Learning,2209,5,31.039999999999992,3.1739959042191495,0.998,0.004472135954999584
Cooperative Q-Learning,2210,5,29.390000000000004,1.6535567725361013,0.998,0.004472135954999584
Cooperative Q-Learning,2211,5,30.8,5.287012388863863,0.998,0.004472135954999584
Cooperative Q-Learning,2212,5,30.76,4.577854300870659,0.998,0.004472135954999584
Cooperative Q-Learning,2213,5,32.3,5.810980984308931,0.998,0.004472135954999584
Cooperative Q-Learning,2214,5,30.839999999999996,2.424458702473604,0.998,0.004472135954999584
Cooperative Q-Learning,2215,5,28.51,3.9974054085118738,0.998,0.004472135954999584
Cooperative Q-Learning,2216,5,33.98,5.79618408955409,0.998,0.004472135954999584
Cooperative Q-Learning,2217,5,32.699999999999996,7.176350047203656,0.998,0.004472135954999584
Cooperative Q-Learning,2218,5,28.889999999999997,4.224245494759979,0.998,0.004472135954999584
Cooperative Q-Learning,2219,5,29.869999999999997,5.81620580791292,0.998,0.004472135954999584
Cooperative Q-Learning,2220,5,30.409999999999997,4.994171602978811,0.998,0.004472135954999584
Cooperative Q-Learning,2221,5,31.059999999999995,3.393633745706799,0.998,0.004472135954999584
Cooperative Q-Learning,2222,5,33.89999999999999,5.702192560761162,0.998,0.004472135954999584
Cooperative Q-Learning,2223,5,28.18,5.1235485749624745,0.998,0.004472135954999584
Cooperative Q-Learning,2224,5,33.07,5.234094955195212,0.998,0.004472135954999584
Cooperative Q-Learning,2225,5,33.599999999999994,5.869412236331672,0.998,0.004472135954999584
Cooperative Q-Learning,2226,5,31.9,4.066786200429029,0.998,0.004472135954999584
Cooperative Q-Learning,2227,5,33.629999999999995,8.898918473612392,0.998,0.004472135954999584
Cooperative Q-Learning,2228,5,29.029999999999994,4.594643620565144,0.998,0.004472135954999584
Cooperative Q-Learning,2229,5,30.339999999999996,3.566055243542927,0.998,0.004472135954999584
Cooperative Q-Learning,2230,5,32.64999999999999,3.6822207972906713,1.0,0.0
Cooperative Q-Learning,2231,5,30.45,3.656501059756444,1.0,0.0
Cooperative Q-Learning,2232,5,32.55,2.240256681721982,1.0,0.0
Cooperative Q-Learning,2233,5,29.129999999999995,4.296015595874855,1.0,0.0
Cooperative Q-Learning,2234,5,31.4,6.533567172685984,1.0,0.0
Cooperative Q-Learning,2235,5,27.82,3.6608742125344857,1.0,0.0
Cooperative Q-Learning,2236,5,30.71999999999999,4.785995194314335,1.0,0.0
Cooperative Q-Learning,2237,5,30.54,4.2784927252479905,1.0,0.0
Cooperative Q-Learning,2238,5,29.23,2.9867624612613564,1.0,0.0
Cooperative Q-Learning,2239,5,29.52,4.416389928437026,1.0,0.0
Cooperative Q-Learning,2240,5,30.439999999999998,3.672601257964168,1.0,0.0
Cooperative Q-Learning,2241,5,30.979999999999997,3.030387763966846,1.0,0.0
Cooperative Q-Learning,2242,5,27.020000000000003,0.6180614856144985,1.0,0.0
Cooperative Q-Learning,2243,5,28.389999999999997,1.3649175799292788,1.0,0.0
Cooperative Q-Learning,2244,5,31.779999999999994,5.661227782027498,1.0,0.0
Cooperative Q-Learning,2245,5,32.36,4.530093818013041,1.0,0.0
Cooperative Q-Learning,2246,5,32.16,2.969301264607549,1.0,0.0
Cooperative Q-Learning,2247,5,31.629999999999995,5.817172852855582,1.0,0.0
Cooperative Q-Learning,2248,5,29.919999999999998,2.5570001955416397,1.0,0.0
Cooperative Q-Learning,2249,5,30.589999999999996,6.16212219937255,1.0,0.0
Cooperative Q-Learning,2250,5,28.830000000000002,5.148130728720862,1.0,0.0
Cooperative Q-Learning,2251,5,28.689999999999998,3.4896991274320452,1.0,0.0
Cooperative Q-Learning,2252,5,29.7,3.076727157224049,1.0,0.0
Cooperative Q-Learning,2253,5,35.50999999999999,6.509454662258576,1.0,0.0
Cooperative Q-Learning,2254,5,33.36,7.125692948759435,1.0,0.0
Cooperative Q-Learning,2255,5,28.919999999999998,1.7946448116549412,1.0,0.0
Cooperative Q-Learning,2256,5,29.54,1.0052362906302141,1.0,0.0
Cooperative Q-Learning,2257,5,29.669999999999998,4.515611807939205,1.0,0.0
Cooperative Q-Learning,2258,5,30.610000000000003,0.9188307787617908,1.0,0.0
Cooperative Q-Learning,2259,5,33.81999999999999,3.5237763833705427,1.0,0.0
Cooperative Q-Learning,2260,5,31.559999999999995,3.3104757966189666,1.0,0.0
Cooperative Q-Learning,2261,5,27.110000000000003,3.0210511415730776,1.0,0.0
Cooperative Q-Learning,2262,5,29.5,4.959082576444961,1.0,0.0
Cooperative Q-Learning,2263,5,30.859999999999996,2.530908927638443,1.0,0.0
Cooperative Q-Learning,2264,5,30.139999999999997,2.8470159816903022,1.0,0.0
Cooperative Q-Learning,2265,5,32.50999999999999,3.3104757966189666,1.0,0.0
Cooperative Q-Learning,2266,5,30.04,3.707323832631832,1.0,0.0
Cooperative Q-Learning,2267,5,27.959999999999997,5.5840621414880385,1.0,0.0
Cooperative Q-Learning,2268,5,27.459999999999997,2.668660712792091,1.0,0.0
Cooperative Q-Learning,2269,5,30.65,1.444385682565428,1.0,0.0
Cooperative Q-Learning,2270,5,33.46999999999999,8.310731014778419,1.0,0.0
Cooperative Q-Learning,2271,5,25.36,3.6204972034238634,1.0,0.0
Cooperative Q-Learning,2272,5,29.869999999999997,3.218811892608823,1.0,0.0
Cooperative Q-Learning,2273,5,25.98,3.003872500623154,1.0,0.0
Cooperative Q-Learning,2274,5,31.57,2.7419427419258735,1.0,0.0
Cooperative Q-Learning,2275,5,29.72,8.243603580958997,1.0,0.0
Cooperative Q-Learning,2276,5,30.339999999999996,4.5954325150087785,1.0,0.0
Cooperative Q-Learning,2277,5,29.22,2.747862805891151,1.0,0.0
Cooperative Q-Learning,2278,5,27.110000000000003,3.689749313977847,1.0,0.0
Cooperative Q-Learning,2279,5,28.4,4.195235392680605,1.0,0.0
Cooperative Q-Learning,2280,5,31.99,3.8852927817604637,1.0,0.0
Cooperative Q-Learning,2281,5,26.32,3.687580507595733,1.0,0.0
Cooperative Q-Learning,2282,5,28.759999999999998,3.257951810570559,1.0,0.0
Cooperative Q-Learning,2283,5,29.99,4.179623188757568,1.0,0.0
Cooperative Q-Learning,2284,5,30.27,3.12181838036744,1.0,0.0
Cooperative Q-Learning,2285,5,28.889999999999997,3.804175337704612,1.0,0.0
Cooperative Q-Learning,2286,5,30.77,6.754035830523845,1.0,0.0
Cooperative Q-Learning,2287,5,33.209999999999994,2.426520142096495,1.0,0.0
Cooperative Q-Learning,2288,5,28.82,2.0391787562643904,1.0,0.0
Cooperative Q-Learning,2289,5,30.759999999999998,8.172163116335838,1.0,0.0
Cooperative Q-Learning,2290,5,31.29,5.813174692025,1.0,0.0
Cooperative Q-Learning,2291,5,30.799999999999994,3.5565081189278858,1.0,0.0
Cooperative Q-Learning,2292,5,30.119999999999997,3.3191866473580527,1.0,0.0
Cooperative Q-Learning,2293,5,31.829999999999995,6.781371542689574,1.0,0.0
Cooperative Q-Learning,2294,5,30.27,6.073878497303019,1.0,0.0
Cooperative Q-Learning,2295,5,30.869999999999997,6.536111229163715,1.0,0.0
Cooperative Q-Learning,2296,5,29.55,5.342401145552436,1.0,0.0
Cooperative Q-Learning,2297,5,32.12,7.070413707839165,1.0,0.0
Cooperative Q-Learning,2298,5,30.8,5.019462122578472,1.0,0.0
Cooperative Q-Learning,2299,5,32.07999999999999,2.7819956865530817,1.0,0.0
Cooperative Q-Learning,2300,5,30.999999999999993,5.899682194830492,1.0,0.0
Cooperative Q-Learning,2301,5,29.23,4.334829869787276,1.0,0.0
Cooperative Q-Learning,2302,5,28.65,5.862699889982431,1.0,0.0
Cooperative Q-Learning,2303,5,30.369999999999997,6.078095918953562,1.0,0.0
Cooperative Q-Learning,2304,5,35.30999999999999,5.536402261396829,1.0,0.0
Cooperative Q-Learning,2305,5,35.519999999999996,3.2860690802233585,1.0,0.0
Cooperative Q-Learning,2306,5,29.18,2.8303268362505425,1.0,0.0
Cooperative Q-Learning,2307,5,30.2,2.547793162719453,1.0,0.0
Cooperative Q-Learning,2308,5,29.259999999999998,4.762667319895438,1.0,0.0
Cooperative Q-Learning,2309,5,29.669999999999998,3.6207043513659047,1.0,0.0
Cooperative Q-Learning,2310,5,27.5,2.3603495503844325,1.0,0.0
Cooperative Q-Learning,2311,5,29.179999999999996,4.2359473556690945,1.0,0.0
Cooperative Q-Learning,2312,5,31.029999999999994,6.419657311726221,1.0,0.0
Cooperative Q-Learning,2313,5,31.339999999999996,3.9080685766756944,1.0,0.0
Cooperative Q-Learning,2314,5,27.669999999999998,3.147737282557106,1.0,0.0
Cooperative Q-Learning,2315,5,30.359999999999996,4.252117119741646,1.0,0.0
Cooperative Q-Learning,2316,5,28.98,4.083136049655949,1.0,0.0
Cooperative Q-Learning,2317,5,30.29,2.386262768431003,1.0,0.0
Cooperative Q-Learning,2318,5,28.869999999999997,3.2891108220915863,1.0,0.0
Cooperative Q-Learning,2319,5,31.35,3.717694177847337,1.0,0.0
Cooperative Q-Learning,2320,5,29.629999999999995,5.799525842687483,1.0,0.0
Cooperative Q-Learning,2321,5,31.669999999999998,5.7953213888446236,1.0,0.0
Cooperative Q-Learning,2322,5,30.169999999999998,2.265115891074891,1.0,0.0
Cooperative Q-Learning,2323,5,33.489999999999995,6.074989711925434,1.0,0.0
Cooperative Q-Learning,2324,5,29.139999999999997,3.583189919610737,1.0,0.0
Cooperative Q-Learning,2325,5,28.160000000000004,4.322239003109382,1.0,0.0
Cooperative Q-Learning,2326,5,29.689999999999998,5.646835396928087,1.0,0.0
Cooperative Q-Learning,2327,5,32.04,6.764003991719695,1.0,0.0
Cooperative Q-Learning,2328,5,28.859999999999996,5.054502942921289,1.0,0.0
Cooperative Q-Learning,2329,5,27.49,2.85993881053424,1.0,0.0
Cooperative Q-Learning,2330,5,32.79,4.033825727519718,1.0,0.0
Cooperative Q-Learning,2331,5,30.49,2.987975903517295,1.0,0.0
Cooperative Q-Learning,2332,5,35.21999999999999,5.787875257812658,1.0,0.0
Cooperative Q-Learning,2333,5,29.379999999999995,3.2192002112325957,1.0,0.0
Cooperative Q-Learning,2334,5,29.809999999999995,5.137411799729505,1.0,0.0
Cooperative Q-Learning,2335,5,31.519999999999992,4.2833398184127205,1.0,0.0
Cooperative Q-Learning,2336,5,31.629999999999995,7.263401407054407,1.0,0.0
Cooperative Q-Learning,2337,5,32.4,4.534175779565673,1.0,0.0
Cooperative Q-Learning,2338,5,31.939999999999998,6.7468881715943585,1.0,0.0
Cooperative Q-Learning,2339,5,26.869999999999997,4.914722779567532,1.0,0.0
Cooperative Q-Learning,2340,5,31.599999999999994,4.600815145167207,1.0,0.0
Cooperative Q-Learning,2341,5,34.42999999999999,6.686983624923862,1.0,0.0
Cooperative Q-Learning,2342,5,28.3,5.493405137071177,1.0,0.0
Cooperative Q-Learning,2343,5,27.339999999999996,1.6805505050429155,1.0,0.0
Cooperative Q-Learning,2344,5,31.52,5.085100785628541,1.0,0.0
Cooperative Q-Learning,2345,5,28.060000000000002,4.265764878658926,1.0,0.0
Cooperative Q-Learning,2346,5,31.45,5.121889299858005,1.0,0.0
Cooperative Q-Learning,2347,5,33.17999999999999,7.6354927804300825,1.0,0.0
Cooperative Q-Learning,2348,5,32.17999999999999,3.6600204917459114,1.0,0.0
Cooperative Q-Learning,2349,5,33.14,7.004766234500615,1.0,0.0
Cooperative Q-Learning,2350,5,30.630000000000003,7.319374973315681,1.0,0.0
Cooperative Q-Learning,2351,5,27.139999999999997,1.3506479926316874,1.0,0.0
Cooperative Q-Learning,2352,5,30.96,3.758058009131841,1.0,0.0
Cooperative Q-Learning,2353,5,28.990000000000002,4.06438802281475,1.0,0.0
Cooperative Q-Learning,2354,5,25.26,1.7082154430867325,1.0,0.0
Cooperative Q-Learning,2355,5,30.189999999999998,1.7180657728969504,1.0,0.0
Cooperative Q-Learning,2356,5,30.379999999999995,5.1402334577332125,1.0,0.0
Cooperative Q-Learning,2357,5,32.06999999999999,2.049878045152925,1.0,0.0
Cooperative Q-Learning,2358,5,25.369999999999997,3.284356862461813,1.0,0.0
Cooperative Q-Learning,2359,5,34.30999999999999,6.378224674625369,1.0,0.0
Cooperative Q-Learning,2360,5,30.179999999999996,2.213481420748767,1.0,0.0
Cooperative Q-Learning,2361,5,26.28,2.5116229812613207,1.0,0.0
Cooperative Q-Learning,2362,5,33.96999999999999,7.73252869377152,1.0,0.0
Cooperative Q-Learning,2363,5,31.49,2.0443214033023263,1.0,0.0
Cooperative Q-Learning,2364,5,28.95,2.6542418879973995,1.0,0.0
Cooperative Q-Learning,2365,5,32.0,5.919881755575865,1.0,0.0
Cooperative Q-Learning,2366,5,29.879999999999995,4.220278426833941,1.0,0.0
Cooperative Q-Learning,2367,5,24.549999999999994,14.282244221410034,0.998,0.004472135954999584
Cooperative Q-Learning,2368,5,29.919999999999998,7.416080501181199,0.998,0.004472135954999584
Cooperative Q-Learning,2369,5,32.629999999999995,3.6753571255049478,0.998,0.004472135954999584
Cooperative Q-Learning,2370,5,28.189999999999998,5.525780487858703,0.998,0.004472135954999584
Cooperative Q-Learning,2371,5,30.32,4.130768693596869,0.998,0.004472135954999584
Cooperative Q-Learning,2372,5,28.810000000000002,2.664676340571215,0.998,0.004472135954999584
Cooperative Q-Learning,2373,5,28.0,4.210997506529778,0.998,0.004472135954999584
Cooperative Q-Learning,2374,5,30.199999999999996,5.281216715871444,0.998,0.004472135954999584
Cooperative Q-Learning,2375,5,29.79,4.319346015312966,0.998,0.004472135954999584
Cooperative Q-Learning,2376,5,28.910000000000004,3.3760924157966996,0.998,0.004472135954999584
Cooperative Q-Learning,2377,5,29.2,2.882923863025174,0.998,0.004472135954999584
Cooperative Q-Learning,2378,5,31.869999999999997,2.41986569875272,0.998,0.004472135954999584
Cooperative Q-Learning,2379,5,30.809999999999995,2.4747222066324905,0.998,0.004472135954999584
Cooperative Q-Learning,2380,5,31.919999999999995,4.743759057962357,0.998,0.004472135954999584
Cooperative Q-Learning,2381,5,34.31999999999999,5.724028301816819,0.998,0.004472135954999584
Cooperative Q-Learning,2382,5,29.35,5.841339743586222,0.998,0.004472135954999584
Cooperative Q-Learning,2383,5,27.0,3.283481384140924,0.998,0.004472135954999584
Cooperative Q-Learning,2384,5,29.410000000000004,1.3357582116535907,0.998,0.004472135954999584
Cooperative Q-Learning,2385,5,30.279999999999994,4.242876382832753,0.998,0.004472135954999584
Cooperative Q-Learning,2386,5,31.929999999999996,1.8264035698607193,0.998,0.004472135954999584
Cooperative Q-Learning,2387,5,29.24,4.4957479911578675,0.998,0.004472135954999584
Cooperative Q-Learning,2388,5,27.85,4.942544891045501,0.998,0.004472135954999584
Cooperative Q-Learning,2389,5,29.639999999999997,3.827923719198177,0.998,0.004472135954999584
Cooperative Q-Learning,2390,5,27.18,2.5813271780229647,0.998,0.004472135954999584
Cooperative Q-Learning,2391,5,30.139999999999997,4.167043316309537,0.998,0.004472135954999584
Cooperative Q-Learning,2392,5,28.46,3.859144983024089,0.998,0.004472135954999584
Cooperative Q-Learning,2393,5,29.139999999999997,3.2049570979967883,0.998,0.004472135954999584
Cooperative Q-Learning,2394,5,28.51,3.044749579193664,0.998,0.004472135954999584
Cooperative Q-Learning,2395,5,28.009999999999998,4.594480384113087,0.998,0.004472135954999584
Cooperative Q-Learning,2396,5,32.379999999999995,4.913196515508002,0.998,0.004472135954999584
Cooperative Q-Learning,2397,5,30.54,4.54551977225927,0.998,0.004472135954999584
Cooperative Q-Learning,2398,5,32.89,6.517706651883005,0.998,0.004472135954999584
Cooperative Q-Learning,2399,5,27.580000000000002,5.7607074218363135,0.998,0.004472135954999584
Cooperative Q-Learning,2400,5,30.0,3.1682013824881743,0.998,0.004472135954999584
Cooperative Q-Learning,2401,5,32.15999999999999,6.232214694633034,0.998,0.004472135954999584
Cooperative Q-Learning,2402,5,26.46,2.3744473041110012,0.998,0.004472135954999584
Cooperative Q-Learning,2403,5,29.79,5.38230898406994,0.998,0.004472135954999584
Cooperative Q-Learning,2404,5,28.57,5.437094812489478,0.998,0.004472135954999584
Cooperative Q-Learning,2405,5,30.0,2.371971753626082,0.998,0.004472135954999584
Cooperative Q-Learning,2406,5,29.629999999999995,6.214961785884123,0.998,0.004472135954999584
Cooperative Q-Learning,2407,5,31.169999999999995,4.540457025454595,0.998,0.004472135954999584
Cooperative Q-Learning,2408,5,31.609999999999996,7.57911604344464,0.998,0.004472135954999584
Cooperative Q-Learning,2409,5,28.96,3.798585262963041,0.998,0.004472135954999584
Cooperative Q-Learning,2410,5,30.779999999999994,6.289336212987819,0.998,0.004472135954999584
Cooperative Q-Learning,2411,5,31.009999999999998,4.99767445918599,0.998,0.004472135954999584
Cooperative Q-Learning,2412,5,29.059999999999995,4.785577290150059,0.998,0.004472135954999584
Cooperative Q-Learning,2413,5,33.709999999999994,7.149423053645654,0.998,0.004472135954999584
Cooperative Q-Learning,2414,5,30.109999999999996,6.384395037902961,0.998,0.004472135954999584
Cooperative Q-Learning,2415,5,28.160000000000004,4.416503141626868,0.998,0.004472135954999584
Cooperative Q-Learning,2416,5,29.639999999999997,5.143004958193215,0.998,0.004472135954999584
Cooperative Q-Learning,2417,5,28.32,3.5260813944093803,0.998,0.004472135954999584
Cooperative Q-Learning,2418,5,27.8,4.173128322973066,0.998,0.004472135954999584
Cooperative Q-Learning,2419,5,29.839999999999996,3.1665043818065333,0.998,0.004472135954999584
Cooperative Q-Learning,2420,5,28.689999999999998,3.7106940051693824,0.998,0.004472135954999584
Cooperative Q-Learning,2421,5,31.5,3.779054114457739,0.998,0.004472135954999584
Cooperative Q-Learning,2422,5,31.979999999999997,5.930282455330433,0.998,0.004472135954999584
Cooperative Q-Learning,2423,5,33.72,1.7250362315035583,0.998,0.004472135954999584
Cooperative Q-Learning,2424,5,28.619999999999997,6.34218022449693,0.998,0.004472135954999584
Cooperative Q-Learning,2425,5,29.65,4.672392320856627,0.998,0.004472135954999584
Cooperative Q-Learning,2426,5,28.98,4.018177447550071,0.998,0.004472135954999584
Cooperative Q-Learning,2427,5,31.389999999999997,2.9305289624912425,0.998,0.004472135954999584
Cooperative Q-Learning,2428,5,27.060000000000002,4.693799100941582,0.998,0.004472135954999584
Cooperative Q-Learning,2429,5,32.05,4.1258332491752485,0.998,0.004472135954999584
Cooperative Q-Learning,2430,5,30.659999999999997,5.114855814194566,0.998,0.004472135954999584
Cooperative Q-Learning,2431,5,29.82,4.064418777635985,0.998,0.004472135954999584
Cooperative Q-Learning,2432,5,33.67,5.092469931182704,0.998,0.004472135954999584
Cooperative Q-Learning,2433,5,29.26,4.285061259772136,0.998,0.004472135954999584
Cooperative Q-Learning,2434,5,26.05,3.908324449172561,0.998,0.004472135954999584
Cooperative Q-Learning,2435,5,30.259999999999998,3.761382724477792,0.998,0.004472135954999584
Cooperative Q-Learning,2436,5,32.19,7.190740573821304,0.998,0.004472135954999584
Cooperative Q-Learning,2437,5,27.03,7.909930467456715,0.998,0.004472135954999584
Cooperative Q-Learning,2438,5,29.689999999999998,4.693532784587745,0.998,0.004472135954999584
Cooperative Q-Learning,2439,5,28.54,5.4984543282635325,0.998,0.004472135954999584
Cooperative Q-Learning,2440,5,30.27,5.139503867106238,0.998,0.004472135954999584
Cooperative Q-Learning,2441,5,27.21,3.733028261344937,0.998,0.004472135954999584
Cooperative Q-Learning,2442,5,31.479999999999997,5.931757749605085,0.998,0.004472135954999584
Cooperative Q-Learning,2443,5,29.98,2.1414364337985825,0.998,0.004472135954999584
Cooperative Q-Learning,2444,5,31.4,6.521886230225116,0.998,0.004472135954999584
Cooperative Q-Learning,2445,5,29.74,5.2351456522240145,0.998,0.004472135954999584
Cooperative Q-Learning,2446,5,29.830000000000002,3.0082386873384888,0.998,0.004472135954999584
Cooperative Q-Learning,2447,5,29.059999999999995,5.493109319866108,0.998,0.004472135954999584
Cooperative Q-Learning,2448,5,30.55,3.306244092622322,0.998,0.004472135954999584
Cooperative Q-Learning,2449,5,29.779999999999994,3.082328665149121,0.998,0.004472135954999584
Cooperative Q-Learning,2450,5,30.79,3.521256877877555,0.998,0.004472135954999584
Cooperative Q-Learning,2451,5,28.440000000000005,4.099146252575043,0.998,0.004472135954999584
Cooperative Q-Learning,2452,5,30.359999999999996,5.774015067524502,0.998,0.004472135954999584
Cooperative Q-Learning,2453,5,30.410000000000004,4.520425864893703,0.998,0.004472135954999584
Cooperative Q-Learning,2454,5,29.419999999999998,2.337894351761856,0.998,0.004472135954999584
Cooperative Q-Learning,2455,5,31.310000000000002,2.69708175626917,0.998,0.004472135954999584
Cooperative Q-Learning,2456,5,30.22,4.878857448214694,0.998,0.004472135954999584
Cooperative Q-Learning,2457,5,29.53,3.8853249542348447,0.998,0.004472135954999584
Cooperative Q-Learning,2458,5,33.61,8.101805354363924,0.998,0.004472135954999584
Cooperative Q-Learning,2459,5,30.199999999999996,3.183355148267307,0.998,0.004472135954999584
Cooperative Q-Learning,2460,5,26.72,2.466171121394459,0.998,0.004472135954999584
Cooperative Q-Learning,2461,5,31.22,3.708537447566088,0.998,0.004472135954999584
Cooperative Q-Learning,2462,5,31.599999999999994,3.017656375401277,0.998,0.004472135954999584
Cooperative Q-Learning,2463,5,28.53,1.6585385132700425,0.998,0.004472135954999584
Cooperative Q-Learning,2464,5,27.190000000000005,2.0452383724153043,0.998,0.004472135954999584
Cooperative Q-Learning,2465,5,31.49,9.29740555208817,0.998,0.004472135954999584
Cooperative Q-Learning,2466,5,33.019999999999996,5.7513694021511075,0.998,0.004472135954999584
Cooperative Q-Learning,2467,5,28.0,2.4857091543460976,1.0,0.0
Cooperative Q-Learning,2468,5,26.810000000000002,5.220081416989586,1.0,0.0
Cooperative Q-Learning,2469,5,28.359999999999996,5.323462219270458,1.0,0.0
Cooperative Q-Learning,2470,5,30.359999999999996,5.923090409575053,1.0,0.0
Cooperative Q-Learning,2471,5,28.869999999999997,6.43744902892442,1.0,0.0
Cooperative Q-Learning,2472,5,31.77,4.100091462394462,1.0,0.0
Cooperative Q-Learning,2473,5,29.029999999999994,4.083136049655957,1.0,0.0
Cooperative Q-Learning,2474,5,30.07,5.9125502112032775,1.0,0.0
Cooperative Q-Learning,2475,5,33.11999999999999,4.364716485637981,1.0,0.0
Cooperative Q-Learning,2476,5,29.679999999999996,5.555020251988284,1.0,0.0
Cooperative Q-Learning,2477,5,29.169999999999998,5.0612004504860275,1.0,0.0
Cooperative Q-Learning,2478,5,29.169999999999998,6.19965724859044,1.0,0.0
Cooperative Q-Learning,2479,5,28.27,2.5056436298883376,1.0,0.0
Cooperative Q-Learning,2480,5,28.619999999999997,3.1397850244881407,1.0,0.0
Cooperative Q-Learning,2481,5,28.879999999999995,3.4726790810554298,1.0,0.0
Cooperative Q-Learning,2482,5,28.6,2.6939747586048393,1.0,0.0
Cooperative Q-Learning,2483,5,31.959999999999997,4.366119558601203,1.0,0.0
Cooperative Q-Learning,2484,5,29.839999999999996,4.055151045275624,1.0,0.0
Cooperative Q-Learning,2485,5,29.28,4.22205518675443,1.0,0.0
Cooperative Q-Learning,2486,5,30.07,6.0173291417372194,1.0,0.0
Cooperative Q-Learning,2487,5,29.02,7.473503194620311,1.0,0.0
Cooperative Q-Learning,2488,5,28.660000000000004,4.909735227076913,1.0,0.0
Cooperative Q-Learning,2489,5,31.649999999999995,5.337368265353248,1.0,0.0
Cooperative Q-Learning,2490,5,30.259999999999998,3.3779431611559074,1.0,0.0
Cooperative Q-Learning,2491,5,25.389999999999997,2.5861167800391383,1.0,0.0
Cooperative Q-Learning,2492,5,33.279999999999994,5.290864768636594,1.0,0.0
Cooperative Q-Learning,2493,5,25.6,2.447703004859864,1.0,0.0
Cooperative Q-Learning,2494,5,33.11999999999999,6.785886088050691,1.0,0.0
Cooperative Q-Learning,2495,5,28.1,5.768231964822494,1.0,0.0
Cooperative Q-Learning,2496,5,30.879999999999995,6.133371829589329,1.0,0.0
Cooperative Q-Learning,2497,5,30.22,4.413841863954802,1.0,0.0
Cooperative Q-Learning,2498,5,28.860000000000003,4.2885603645046215,1.0,0.0
Cooperative Q-Learning,2499,5,27.809999999999995,5.360083954566382,1.0,0.0
Cooperative Q-Learning,2500,5,32.239999999999995,4.508658337022223,1.0,0.0
Cooperative Q-Learning,2501,5,28.98,4.966965874656277,1.0,0.0
Cooperative Q-Learning,2502,5,28.8,5.065076504851625,1.0,0.0
Cooperative Q-Learning,2503,5,28.369999999999997,3.369087413529068,1.0,0.0
Cooperative Q-Learning,2504,5,27.279999999999994,4.35209719560581,1.0,0.0
Cooperative Q-Learning,2505,5,31.809999999999995,6.337231256629341,1.0,0.0
Cooperative Q-Learning,2506,5,30.359999999999996,3.1293769347906846,1.0,0.0
Cooperative Q-Learning,2507,5,29.7,3.9651607785813665,1.0,0.0
Cooperative Q-Learning,2508,5,29.2,1.4832396974191298,1.0,0.0
Cooperative Q-Learning,2509,5,28.689999999999998,4.791581158657337,1.0,0.0
Cooperative Q-Learning,2510,5,31.009999999999998,6.7796017582155885,1.0,0.0
Cooperative Q-Learning,2511,5,30.869999999999997,3.0991127762635537,1.0,0.0
Cooperative Q-Learning,2512,5,34.55999999999999,4.384831809773322,1.0,0.0
Cooperative Q-Learning,2513,5,32.28999999999999,5.274751178965694,1.0,0.0
Cooperative Q-Learning,2514,5,28.509999999999998,6.923275958677364,1.0,0.0
Cooperative Q-Learning,2515,5,31.109999999999996,4.717441043616757,1.0,0.0
Cooperative Q-Learning,2516,5,29.15,2.3874672772626635,1.0,0.0
Cooperative Q-Learning,2517,5,34.8,6.095079983068307,1.0,0.0
Cooperative Q-Learning,2518,5,30.130000000000003,5.741471936707518,1.0,0.0
Cooperative Q-Learning,2519,5,34.559999999999995,4.258873090384354,1.0,0.0
Cooperative Q-Learning,2520,5,32.36999999999999,4.370154459512838,1.0,0.0
Cooperative Q-Learning,2521,5,27.060000000000002,2.398541223327213,1.0,0.0
Cooperative Q-Learning,2522,5,28.859999999999996,4.423997061481843,1.0,0.0
Cooperative Q-Learning,2523,5,29.72,2.916033264556487,1.0,0.0
Cooperative Q-Learning,2524,5,30.759999999999998,2.8671414335536327,1.0,0.0
Cooperative Q-Learning,2525,5,28.25,3.56878830977686,1.0,0.0
Cooperative Q-Learning,2526,5,31.259999999999998,1.5880018891676402,1.0,0.0
Cooperative Q-Learning,2527,5,29.909999999999997,5.170517382235549,1.0,0.0
Cooperative Q-Learning,2528,5,32.089999999999996,2.912773592299953,1.0,0.0
Cooperative Q-Learning,2529,5,30.339999999999996,3.6827978494617333,1.0,0.0
Cooperative Q-Learning,2530,5,26.939999999999998,3.7475658766724824,1.0,0.0
Cooperative Q-Learning,2531,5,31.1,2.680485030736038,1.0,0.0
Cooperative Q-Learning,2532,5,29.29,4.363542139134214,1.0,0.0
Cooperative Q-Learning,2533,5,30.54,5.515478220426583,1.0,0.0
Cooperative Q-Learning,2534,5,32.919999999999995,3.970610784249696,1.0,0.0
Cooperative Q-Learning,2535,5,32.3,7.19991319392116,1.0,0.0
Cooperative Q-Learning,2536,5,28.369999999999997,5.4929045140071375,1.0,0.0
Cooperative Q-Learning,2537,5,28.639999999999997,3.8987818610432656,1.0,0.0
Cooperative Q-Learning,2538,5,29.68,7.89110258455686,1.0,0.0
Cooperative Q-Learning,2539,5,27.22,3.8946437577781072,1.0,0.0
Cooperative Q-Learning,2540,5,27.889999999999997,5.492881757329209,1.0,0.0
Cooperative Q-Learning,2541,5,31.709999999999997,3.2267243452145036,1.0,0.0
Cooperative Q-Learning,2542,5,27.369999999999997,4.830709057685007,1.0,0.0
Cooperative Q-Learning,2543,5,31.839999999999996,6.711408197986462,1.0,0.0
Cooperative Q-Learning,2544,5,38.06999999999999,7.497716318986727,1.0,0.0
Cooperative Q-Learning,2545,5,32.279999999999994,6.438225687252654,1.0,0.0
Cooperative Q-Learning,2546,5,29.77,5.051930324143432,1.0,0.0
Cooperative Q-Learning,2547,5,28.380000000000003,2.708920449182662,1.0,0.0
Cooperative Q-Learning,2548,5,30.04,6.73659780601454,1.0,0.0
Cooperative Q-Learning,2549,5,31.580000000000002,8.249287848050882,1.0,0.0
Cooperative Q-Learning,2550,5,28.49,1.8558690686575934,1.0,0.0
Cooperative Q-Learning,2551,5,28.68,4.437285206069133,1.0,0.0
Cooperative Q-Learning,2552,5,29.25,2.3342557700474895,1.0,0.0
Cooperative Q-Learning,2553,5,30.079999999999995,4.665109859370941,1.0,0.0
Cooperative Q-Learning,2554,5,30.949999999999996,4.86543934295763,1.0,0.0
Cooperative Q-Learning,2555,5,30.389999999999997,6.636113320310313,1.0,0.0
Cooperative Q-Learning,2556,5,30.21,1.7830451480543024,1.0,0.0
Cooperative Q-Learning,2557,5,28.78,2.3586542773369734,1.0,0.0
Cooperative Q-Learning,2558,5,29.580000000000002,3.1532919306654748,1.0,0.0
Cooperative Q-Learning,2559,5,29.339999999999996,2.5257177197778837,1.0,0.0
Cooperative Q-Learning,2560,5,29.459999999999997,4.569928883472914,1.0,0.0
Cooperative Q-Learning,2561,5,29.689999999999998,5.777261461973135,1.0,0.0
Cooperative Q-Learning,2562,5,28.2,1.820370841339751,1.0,0.0
Cooperative Q-Learning,2563,5,27.939999999999998,5.278541465215556,1.0,0.0
Cooperative Q-Learning,2564,5,30.47,5.627121822032996,1.0,0.0
Cooperative Q-Learning,2565,5,26.82,2.608304046693944,1.0,0.0
Cooperative Q-Learning,2566,5,29.75,3.955218072369711,1.0,0.0
Cooperative Q-Learning,2567,5,34.41,7.402989261102564,1.0,0.0
Cooperative Q-Learning,2568,5,26.97,4.517549114287525,1.0,0.0
Cooperative Q-Learning,2569,5,32.39999999999999,2.42512886255555,1.0,0.0
Cooperative Q-Learning,2570,5,27.419999999999998,2.7889514158550686,1.0,0.0
Cooperative Q-Learning,2571,5,28.22,4.361994956439079,1.0,0.0
Cooperative Q-Learning,2572,5,33.14,4.716381027864472,1.0,0.0
Cooperative Q-Learning,2573,5,32.199999999999996,2.320290930034418,1.0,0.0
Cooperative Q-Learning,2574,5,35.419999999999995,2.878497872154847,1.0,0.0
Cooperative Q-Learning,2575,5,28.72,2.356002971135646,1.0,0.0
Cooperative Q-Learning,2576,5,34.19,5.369287662250921,1.0,0.0
Cooperative Q-Learning,2577,5,25.689999999999998,2.0489021450523204,1.0,0.0
Cooperative Q-Learning,2578,5,29.27,3.1453537161979073,1.0,0.0
Cooperative Q-Learning,2579,5,28.5,4.602445002387319,1.0,0.0
Cooperative Q-Learning,2580,5,28.879999999999995,4.531914606432908,1.0,0.0
Cooperative Q-Learning,2581,5,31.369999999999997,3.435585830684482,1.0,0.0
Cooperative Q-Learning,2582,5,30.830000000000002,4.761381102159328,1.0,0.0
Cooperative Q-Learning,2583,5,32.92999999999999,4.531087066036137,1.0,0.0
Cooperative Q-Learning,2584,5,33.519999999999996,4.757178785793106,1.0,0.0
Cooperative Q-Learning,2585,5,28.909999999999997,5.324870890453587,1.0,0.0
Cooperative Q-Learning,2586,5,31.949999999999996,5.569672342247786,1.0,0.0
Cooperative Q-Learning,2587,5,28.98,2.759664834721782,1.0,0.0
Cooperative Q-Learning,2588,5,31.409999999999997,8.728788575741765,1.0,0.0
Cooperative Q-Learning,2589,5,32.44,4.019701481453563,1.0,0.0
Cooperative Q-Learning,2590,5,31.089999999999996,5.670692197606917,1.0,0.0
Cooperative Q-Learning,2591,5,31.859999999999996,3.516461289421508,1.0,0.0
Cooperative Q-Learning,2592,5,28.639999999999997,4.942342561984142,1.0,0.0
Cooperative Q-Learning,2593,5,34.43999999999998,1.6218816233005406,1.0,0.0
Cooperative Q-Learning,2594,5,33.24999999999999,3.546477125261063,1.0,0.0
Cooperative Q-Learning,2595,5,29.559999999999995,3.6132395436782203,1.0,0.0
Cooperative Q-Learning,2596,5,32.739999999999995,4.411263991193449,1.0,0.0
Cooperative Q-Learning,2597,5,26.959999999999997,5.1114332627943,1.0,0.0
Cooperative Q-Learning,2598,5,26.410000000000004,12.867857241980884,0.998,0.004472135954999584
Cooperative Q-Learning,2599,5,30.359999999999996,3.2456509362530013,0.998,0.004472135954999584
Cooperative Q-Learning,2600,5,29.559999999999995,2.530167978613275,0.998,0.004472135954999584
Cooperative Q-Learning,2601,5,29.15,4.989488951786537,0.998,0.004472135954999584
Cooperative Q-Learning,2602,5,33.17999999999999,4.765973143021262,0.998,0.004472135954999584
Cooperative Q-Learning,2603,5,31.709999999999997,5.801551516620358,0.998,0.004472135954999584
Cooperative Q-Learning,2604,5,29.54,5.201610327581253,0.998,0.004472135954999584
Cooperative Q-Learning,2605,5,33.059999999999995,6.172256475552516,0.998,0.004472135954999584
Cooperative Q-Learning,2606,5,29.109999999999996,6.272698781226467,0.998,0.004472135954999584
Cooperative Q-Learning,2607,5,24.91,4.052684295624322,0.998,0.004472135954999584
Cooperative Q-Learning,2608,5,28.679999999999996,3.1860241681443653,0.998,0.004472135954999584
Cooperative Q-Learning,2609,5,31.609999999999996,3.171040838589122,0.998,0.004472135954999584
Cooperative Q-Learning,2610,5,30.479999999999997,3.4303061087897078,0.998,0.004472135954999584
Cooperative Q-Learning,2611,5,32.769999999999996,5.151528899268638,0.998,0.004472135954999584
Cooperative Q-Learning,2612,5,32.099999999999994,4.804555130290418,0.998,0.004472135954999584
Cooperative Q-Learning,2613,5,32.87,3.57221919820159,0.998,0.004472135954999584
Cooperative Q-Learning,2614,5,28.52,2.2007385124089582,0.998,0.004472135954999584
Cooperative Q-Learning,2615,5,30.189999999999998,3.018153408957203,0.998,0.004472135954999584
Cooperative Q-Learning,2616,5,32.099999999999994,6.878317381453105,0.998,0.004472135954999584
Cooperative Q-Learning,2617,5,29.619999999999997,2.9984579370069535,0.998,0.004472135954999584
Cooperative Q-Learning,2618,5,31.889999999999997,2.8130055101261275,0.998,0.004472135954999584
Cooperative Q-Learning,2619,5,29.369999999999997,7.860709255531588,0.998,0.004472135954999584
Cooperative Q-Learning,2620,5,31.349999999999994,6.8542869796937955,0.998,0.004472135954999584
Cooperative Q-Learning,2621,5,30.35,2.782310191190044,0.998,0.004472135954999584
Cooperative Q-Learning,2622,5,31.529999999999994,4.656527676284119,0.998,0.004472135954999584
Cooperative Q-Learning,2623,5,31.089999999999996,5.902160621331812,0.998,0.004472135954999584
Cooperative Q-Learning,2624,5,29.580000000000002,5.529308275001493,0.998,0.004472135954999584
Cooperative Q-Learning,2625,5,26.6,2.6547127904916565,0.998,0.004472135954999584
Cooperative Q-Learning,2626,5,28.52,3.748433005937278,0.998,0.004472135954999584
Cooperative Q-Learning,2627,5,25.75,2.425901894141642,0.998,0.004472135954999584
Cooperative Q-Learning,2628,5,30.330000000000002,5.680514941446768,0.998,0.004472135954999584
Cooperative Q-Learning,2629,5,32.209999999999994,1.6641063667926894,0.998,0.004472135954999584
Cooperative Q-Learning,2630,5,32.339999999999996,5.302522984391484,0.998,0.004472135954999584
Cooperative Q-Learning,2631,5,30.579999999999995,3.4685371556320392,0.998,0.004472135954999584
Cooperative Q-Learning,2632,5,30.79,3.8313509366801655,0.998,0.004472135954999584
Cooperative Q-Learning,2633,5,27.809999999999995,4.284477797818536,0.998,0.004472135954999584
Cooperative Q-Learning,2634,5,27.169999999999998,3.124819994815701,0.998,0.004472135954999584
Cooperative Q-Learning,2635,5,29.07,4.429954853043085,0.998,0.004472135954999584
Cooperative Q-Learning,2636,5,30.159999999999997,3.7688526105434272,0.998,0.004472135954999584
Cooperative Q-Learning,2637,5,28.910000000000004,5.589208351815128,0.998,0.004472135954999584
Cooperative Q-Learning,2638,5,29.859999999999996,3.571659278262694,0.998,0.004472135954999584
Cooperative Q-Learning,2639,5,28.419999999999998,4.950580774010248,0.998,0.004472135954999584
Cooperative Q-Learning,2640,5,27.889999999999997,5.1519899068224095,0.998,0.004472135954999584
Cooperative Q-Learning,2641,5,29.02,3.3214454684670054,0.998,0.004472135954999584
Cooperative Q-Learning,2642,5,31.0,4.685749673211317,0.998,0.004472135954999584
Cooperative Q-Learning,2643,5,29.189999999999998,5.213611991700188,0.998,0.004472135954999584
Cooperative Q-Learning,2644,5,30.93,5.574899102225977,0.998,0.004472135954999584
Cooperative Q-Learning,2645,5,26.72,5.411053501860797,0.998,0.004472135954999584
Cooperative Q-Learning,2646,5,31.229999999999997,3.088203361179436,0.998,0.004472135954999584
Cooperative Q-Learning,2647,5,29.830000000000002,2.1779003650305007,0.998,0.004472135954999584
Cooperative Q-Learning,2648,5,29.860000000000003,4.540154182403941,0.998,0.004472135954999584
Cooperative Q-Learning,2649,5,29.659999999999997,4.28082935889764,0.998,0.004472135954999584
Cooperative Q-Learning,2650,5,32.73,6.2598522346777425,0.998,0.004472135954999584
Cooperative Q-Learning,2651,5,30.080000000000002,2.6717503625900383,0.998,0.004472135954999584
Cooperative Q-Learning,2652,5,31.879999999999995,5.140719793958816,0.998,0.004472135954999584
Cooperative Q-Learning,2653,5,28.639999999999997,5.322288041810587,0.998,0.004472135954999584
Cooperative Q-Learning,2654,5,33.029999999999994,4.249941176063493,0.998,0.004472135954999584
Cooperative Q-Learning,2655,5,29.35,2.659887215654077,0.998,0.004472135954999584
Cooperative Q-Learning,2656,5,28.98,3.644276334198601,0.998,0.004472135954999584
Cooperative Q-Learning,2657,5,32.86,3.287742386501715,0.998,0.004472135954999584
Cooperative Q-Learning,2658,5,29.959999999999997,5.683132938793528,0.998,0.004472135954999584
Cooperative Q-Learning,2659,5,29.53,2.803925819275537,0.998,0.004472135954999584
Cooperative Q-Learning,2660,5,33.169999999999995,1.5880806024884255,0.998,0.004472135954999584
Cooperative Q-Learning,2661,5,28.8,2.183174294462079,0.998,0.004472135954999584
Cooperative Q-Learning,2662,5,30.869999999999997,5.251975818680051,0.998,0.004472135954999584
Cooperative Q-Learning,2663,5,34.739999999999995,2.8397623139974213,0.998,0.004472135954999584
Cooperative Q-Learning,2664,5,28.099999999999994,6.626462102811722,0.998,0.004472135954999584
Cooperative Q-Learning,2665,5,33.39,7.557479738643031,0.998,0.004472135954999584
Cooperative Q-Learning,2666,5,31.669999999999998,6.094526232612341,0.998,0.004472135954999584
Cooperative Q-Learning,2667,5,29.24,2.4380832635494616,0.998,0.004472135954999584
Cooperative Q-Learning,2668,5,31.55,4.428035681879717,0.998,0.004472135954999584
Cooperative Q-Learning,2669,5,28.809999999999995,6.819769057673425,0.998,0.004472135954999584
Cooperative Q-Learning,2670,5,29.689999999999998,6.881533259383406,0.998,0.004472135954999584
Cooperative Q-Learning,2671,5,32.65,4.646369550520055,0.998,0.004472135954999584
Cooperative Q-Learning,2672,5,32.87,2.4172815309764792,0.998,0.004472135954999584
Cooperative Q-Learning,2673,5,31.51,1.8836135484753755,0.998,0.004472135954999584
Cooperative Q-Learning,2674,5,31.419999999999998,4.589880172727821,0.998,0.004472135954999584
Cooperative Q-Learning,2675,5,31.529999999999994,5.252213818952915,0.998,0.004472135954999584
Cooperative Q-Learning,2676,5,32.0,4.0773766075750215,0.998,0.004472135954999584
Cooperative Q-Learning,2677,5,28.619999999999997,1.480118238520153,0.998,0.004472135954999584
Cooperative Q-Learning,2678,5,25.25,2.497999199359361,0.998,0.004472135954999584
Cooperative Q-Learning,2679,5,31.189999999999998,3.3965791614505356,0.998,0.004472135954999584
Cooperative Q-Learning,2680,5,31.389999999999997,2.9688802603001694,0.998,0.004472135954999584
Cooperative Q-Learning,2681,5,29.639999999999997,4.039399707877395,0.998,0.004472135954999584
Cooperative Q-Learning,2682,5,30.059999999999995,5.039022722711216,0.998,0.004472135954999584
Cooperative Q-Learning,2683,5,29.24,5.177282105506706,0.998,0.004472135954999584
Cooperative Q-Learning,2684,5,29.3,3.743160429369809,0.998,0.004472135954999584
Cooperative Q-Learning,2685,5,29.3,4.0045286863749645,0.998,0.004472135954999584
Cooperative Q-Learning,2686,5,28.02,2.9516097302997206,0.998,0.004472135954999584
Cooperative Q-Learning,2687,5,28.22,2.828780656042456,0.998,0.004472135954999584
Cooperative Q-Learning,2688,5,30.1,4.045676704829485,0.998,0.004472135954999584
Cooperative Q-Learning,2689,5,31.509999999999998,5.569717228010772,0.998,0.004472135954999584
Cooperative Q-Learning,2690,5,26.93,1.9838724757403141,0.998,0.004472135954999584
Cooperative Q-Learning,2691,5,29.29,3.985818611025846,0.998,0.004472135954999584
Cooperative Q-Learning,2692,5,27.53,3.3033316515300126,0.998,0.004472135954999584
Cooperative Q-Learning,2693,5,26.57,2.6534411619630855,0.998,0.004472135954999584
Cooperative Q-Learning,2694,5,30.3,2.9081781238431708,0.998,0.004472135954999584
Cooperative Q-Learning,2695,5,30.02,4.677151911152767,0.998,0.004472135954999584
Cooperative Q-Learning,2696,5,27.669999999999998,2.2554378732299414,0.998,0.004472135954999584
Cooperative Q-Learning,2697,5,30.159999999999997,6.546793108079707,0.998,0.004472135954999584
Cooperative Q-Learning,2698,5,37.129999999999995,3.6712736209658865,1.0,0.0
Cooperative Q-Learning,2699,5,32.269999999999996,8.134310050643503,1.0,0.0
Cooperative Q-Learning,2700,5,29.810000000000002,4.5558204530029505,1.0,0.0
Cooperative Q-Learning,2701,5,30.0,3.068387198513248,1.0,0.0
Cooperative Q-Learning,2702,5,31.68,6.6141514950899,1.0,0.0
Cooperative Q-Learning,2703,5,29.509999999999998,3.8018745376458667,1.0,0.0
Cooperative Q-Learning,2704,5,30.339999999999996,2.689656111847758,1.0,0.0
Cooperative Q-Learning,2705,5,30.54,5.111066424925426,1.0,0.0
Cooperative Q-Learning,2706,5,29.779999999999994,6.662169316371354,1.0,0.0
Cooperative Q-Learning,2707,5,29.29,3.4578533803502984,1.0,0.0
Cooperative Q-Learning,2708,5,31.359999999999996,4.035994301284377,1.0,0.0
Cooperative Q-Learning,2709,5,30.689999999999998,5.092813564229501,1.0,0.0
Cooperative Q-Learning,2710,5,30.229999999999997,4.408599550877804,1.0,0.0
Cooperative Q-Learning,2711,5,32.55,3.922371731491036,1.0,0.0
Cooperative Q-Learning,2712,5,35.449999999999996,7.401435671543728,1.0,0.0
Cooperative Q-Learning,2713,5,29.079999999999995,6.738749884066031,1.0,0.0
Cooperative Q-Learning,2714,5,26.21,1.899144544261971,1.0,0.0
Cooperative Q-Learning,2715,5,27.99,1.5689964945786212,1.0,0.0
Cooperative Q-Learning,2716,5,29.18,6.148434760164572,1.0,0.0
Cooperative Q-Learning,2717,5,28.29,3.199101436341148,1.0,0.0
Cooperative Q-Learning,2718,5,26.589999999999996,4.343587227166044,1.0,0.0
Cooperative Q-Learning,2719,5,30.409999999999997,3.9432537326426242,1.0,0.0
Cooperative Q-Learning,2720,5,29.99,4.600190213458564,1.0,0.0
Cooperative Q-Learning,2721,5,31.939999999999998,5.587754468478369,1.0,0.0
Cooperative Q-Learning,2722,5,28.46,3.042490755943227,1.0,0.0
Cooperative Q-Learning,2723,5,27.57,5.038923496144785,1.0,0.0
Cooperative Q-Learning,2724,5,33.99999999999999,5.2446401211141245,1.0,0.0
Cooperative Q-Learning,2725,5,30.68,3.923104637911152,1.0,0.0
Cooperative Q-Learning,2726,5,32.129999999999995,5.7167079687526385,1.0,0.0
Cooperative Q-Learning,2727,5,32.88999999999999,7.601184118280514,1.0,0.0
Cooperative Q-Learning,2728,5,29.639999999999997,2.4585056436786936,1.0,0.0
Cooperative Q-Learning,2729,5,29.32,4.844145951558434,1.0,0.0
Cooperative Q-Learning,2730,5,31.609999999999996,7.659993472582065,1.0,0.0
Cooperative Q-Learning,2731,5,26.35,4.115063790514066,1.0,0.0
Cooperative Q-Learning,2732,5,30.95,5.5828979929781966,1.0,0.0
Cooperative Q-Learning,2733,5,36.40999999999999,5.857836631385337,1.0,0.0
Cooperative Q-Learning,2734,5,33.08,1.9854470529329142,1.0,0.0
Cooperative Q-Learning,2735,5,31.619999999999997,5.029363776860842,1.0,0.0
Cooperative Q-Learning,2736,5,30.55,5.78478608074663,1.0,0.0
Cooperative Q-Learning,2737,5,30.309999999999995,7.111821145107628,1.0,0.0
Cooperative Q-Learning,2738,5,31.439999999999998,4.016746195616546,1.0,0.0
Cooperative Q-Learning,2739,5,29.05,3.258258737424023,1.0,0.0
Cooperative Q-Learning,2740,5,29.830000000000002,2.989063398457783,1.0,0.0
Cooperative Q-Learning,2741,5,33.769999999999996,6.909287228072076,1.0,0.0
Cooperative Q-Learning,2742,5,27.439999999999998,5.587195181842137,1.0,0.0
Cooperative Q-Learning,2743,5,28.29,4.275131576922516,1.0,0.0
Cooperative Q-Learning,2744,5,33.71,2.3131147831441483,1.0,0.0
Cooperative Q-Learning,2745,5,29.009999999999998,2.3362362894193676,1.0,0.0
Cooperative Q-Learning,2746,5,27.82,5.155409780027188,1.0,0.0
Cooperative Q-Learning,2747,5,29.829999999999995,3.6511299620802298,1.0,0.0
Cooperative Q-Learning,2748,5,29.109999999999996,5.753194764650332,1.0,0.0
Cooperative Q-Learning,2749,5,29.869999999999997,4.090323948051057,1.0,0.0
Cooperative Q-Learning,2750,5,31.99,3.457491865500193,1.0,0.0
Cooperative Q-Learning,2751,5,30.779999999999994,4.1445144468320985,1.0,0.0
Cooperative Q-Learning,2752,5,29.07,5.652610016620638,1.0,0.0
Cooperative Q-Learning,2753,5,26.95,1.1352312539742744,1.0,0.0
Cooperative Q-Learning,2754,5,30.929999999999996,4.454295679453708,1.0,0.0
Cooperative Q-Learning,2755,5,29.3,3.791272873323679,1.0,0.0
Cooperative Q-Learning,2756,5,30.009999999999998,5.721494559990419,1.0,0.0
Cooperative Q-Learning,2757,5,29.970000000000006,1.7031588299392415,1.0,0.0
Cooperative Q-Learning,2758,5,33.67999999999999,3.4217320175606933,1.0,0.0
Cooperative Q-Learning,2759,5,29.639999999999997,1.5187988675265707,1.0,0.0
Cooperative Q-Learning,2760,5,33.89,4.949671706285173,1.0,0.0
Cooperative Q-Learning,2761,5,30.389999999999997,2.905899172373327,1.0,0.0
Cooperative Q-Learning,2762,5,32.309999999999995,5.131081757290561,1.0,0.0
Cooperative Q-Learning,2763,5,32.48,2.9640765847055954,1.0,0.0
Cooperative Q-Learning,2764,5,37.35999999999999,7.677515874291624,1.0,0.0
Cooperative Q-Learning,2765,5,32.7,3.4512678829670667,1.0,0.0
Cooperative Q-Learning,2766,5,29.35,6.021420098282462,1.0,0.0
Cooperative Q-Learning,2767,5,30.92999999999999,5.328297101326082,1.0,0.0
Cooperative Q-Learning,2768,5,31.929999999999996,4.385572938625005,1.0,0.0
Cooperative Q-Learning,2769,5,27.270000000000003,3.5941967113668123,1.0,0.0
Cooperative Q-Learning,2770,5,29.79,3.5009641529155897,1.0,0.0
Cooperative Q-Learning,2771,5,34.15999999999999,7.715520073203097,1.0,0.0
Cooperative Q-Learning,2772,5,28.879999999999995,4.016310495965169,1.0,0.0
Cooperative Q-Learning,2773,5,27.909999999999997,4.136181814185636,1.0,0.0
Cooperative Q-Learning,2774,5,30.52,4.664975884182035,1.0,0.0
Cooperative Q-Learning,2775,5,31.779999999999994,5.04053568581753,1.0,0.0
Cooperative Q-Learning,2776,5,33.209999999999994,4.859449557305844,1.0,0.0
Cooperative Q-Learning,2777,5,30.529999999999994,4.857803001357709,1.0,0.0
Cooperative Q-Learning,2778,5,31.560000000000002,2.89253349159521,1.0,0.0
Cooperative Q-Learning,2779,5,31.449999999999996,6.806706251925374,1.0,0.0
Cooperative Q-Learning,2780,5,29.26,2.389926777121005,1.0,0.0
Cooperative Q-Learning,2781,5,27.229999999999997,3.9935260109331927,1.0,0.0
Cooperative Q-Learning,2782,5,32.209999999999994,4.476382468020352,1.0,0.0
Cooperative Q-Learning,2783,5,33.39,6.740029673525178,1.0,0.0
Cooperative Q-Learning,2784,5,31.119999999999997,4.696088798138296,1.0,0.0
Cooperative Q-Learning,2785,5,32.709999999999994,4.5298178771336906,1.0,0.0
Cooperative Q-Learning,2786,5,31.159999999999997,4.2543213324806555,1.0,0.0
Cooperative Q-Learning,2787,5,30.360000000000003,2.5948024973010946,1.0,0.0
Cooperative Q-Learning,2788,5,29.579999999999995,5.367797499906261,1.0,0.0
Cooperative Q-Learning,2789,5,27.629999999999995,4.82630811283324,1.0,0.0
Cooperative Q-Learning,2790,5,29.74,4.9446182865818855,1.0,0.0
Cooperative Q-Learning,2791,5,32.089999999999996,2.908049174274739,1.0,0.0
Cooperative Q-Learning,2792,5,30.509999999999998,4.186645435190325,1.0,0.0
Cooperative Q-Learning,2793,5,27.74,2.514309050216381,1.0,0.0
Cooperative Q-Learning,2794,5,30.379999999999995,2.080144225768969,1.0,0.0
Cooperative Q-Learning,2795,5,30.459999999999997,4.755575674931477,1.0,0.0
Cooperative Q-Learning,2796,5,25.09,1.3808511867685087,1.0,0.0
Cooperative Q-Learning,2797,5,31.849999999999994,2.8215687126136033,1.0,0.0
Cooperative Q-Learning,2798,5,31.85,5.875478703901492,1.0,0.0
Cooperative Q-Learning,2799,5,29.75,2.0940391591371896,1.0,0.0
Cooperative Q-Learning,2800,5,30.889999999999997,3.9721530685511044,1.0,0.0
Cooperative Q-Learning,2801,5,29.359999999999996,4.652875455027782,1.0,0.0
Cooperative Q-Learning,2802,5,29.880000000000003,1.6924833824885828,1.0,0.0
Cooperative Q-Learning,2803,5,28.409999999999997,4.500194440243663,1.0,0.0
Cooperative Q-Learning,2804,5,26.810000000000002,3.1357614705203574,1.0,0.0
Cooperative Q-Learning,2805,5,30.609999999999996,3.31877236338981,1.0,0.0
Cooperative Q-Learning,2806,5,27.839999999999996,4.5830393845132935,1.0,0.0
Cooperative Q-Learning,2807,5,28.74,4.232965863316167,1.0,0.0
Cooperative Q-Learning,2808,5,29.479999999999997,4.834588917374461,1.0,0.0
Cooperative Q-Learning,2809,5,28.95,1.9455076458343725,1.0,0.0
Cooperative Q-Learning,2810,5,28.879999999999995,4.1711209524539035,1.0,0.0
Cooperative Q-Learning,2811,5,28.889999999999997,4.894180217360206,1.0,0.0
Cooperative Q-Learning,2812,5,28.52,3.029768968089809,1.0,0.0
Cooperative Q-Learning,2813,5,30.05,2.4379807218269787,1.0,0.0
Cooperative Q-Learning,2814,5,30.929999999999996,4.249205808148148,1.0,0.0
Cooperative Q-Learning,2815,5,28.5,5.301061214511675,1.0,0.0
Cooperative Q-Learning,2816,5,31.82,4.549258181286261,1.0,0.0
Cooperative Q-Learning,2817,5,31.419999999999998,3.058717051314159,1.0,0.0
Cooperative Q-Learning,2818,5,31.47,4.205294282211414,1.0,0.0
Cooperative Q-Learning,2819,5,31.29,4.166893327168335,1.0,0.0
Cooperative Q-Learning,2820,5,28.909999999999997,4.476661702652992,1.0,0.0
Cooperative Q-Learning,2821,5,30.849999999999994,3.0547094788211804,1.0,0.0
Cooperative Q-Learning,2822,5,30.55,4.145479465634822,1.0,0.0
Cooperative Q-Learning,2823,5,30.409999999999997,2.6493867214885762,1.0,0.0
Cooperative Q-Learning,2824,5,31.360000000000003,3.614795983178027,1.0,0.0
Cooperative Q-Learning,2825,5,32.239999999999995,2.725665056458693,1.0,0.0
Cooperative Q-Learning,2826,5,32.76,5.484227384053282,1.0,0.0
Cooperative Q-Learning,2827,5,29.889999999999997,3.224786814659225,1.0,0.0
Cooperative Q-Learning,2828,5,29.76,4.593936220715299,1.0,0.0
Cooperative Q-Learning,2829,5,31.1,2.9769951293208385,1.0,0.0
Cooperative Q-Learning,2830,5,31.859999999999996,5.228216713182417,1.0,0.0
Cooperative Q-Learning,2831,5,32.169999999999995,5.3829127802705425,1.0,0.0
Cooperative Q-Learning,2832,5,32.66,3.487907682264536,1.0,0.0
Cooperative Q-Learning,2833,5,30.72,6.7154299936787325,1.0,0.0
Cooperative Q-Learning,2834,5,29.910000000000004,3.5709592548781615,1.0,0.0
Cooperative Q-Learning,2835,5,28.669999999999998,3.9636788467281248,1.0,0.0
Cooperative Q-Learning,2836,5,30.889999999999997,5.37277861073765,1.0,0.0
Cooperative Q-Learning,2837,5,31.29,4.273815625410154,1.0,0.0
Cooperative Q-Learning,2838,5,30.369999999999997,4.227233137644525,1.0,0.0
Cooperative Q-Learning,2839,5,32.31999999999999,6.045411483100215,1.0,0.0
Cooperative Q-Learning,2840,5,34.39999999999999,5.4955663948313775,1.0,0.0
Cooperative Q-Learning,2841,5,33.05,5.404396358521451,1.0,0.0
Cooperative Q-Learning,2842,5,31.559999999999995,2.8172238107754217,1.0,0.0
Cooperative Q-Learning,2843,5,30.629999999999995,2.788503182712902,1.0,0.0
Cooperative Q-Learning,2844,5,29.109999999999996,3.565879975546007,1.0,0.0
Cooperative Q-Learning,2845,5,36.14999999999999,2.858539837049672,1.0,0.0
Cooperative Q-Learning,2846,5,34.559999999999995,3.7120412174435775,1.0,0.0
Cooperative Q-Learning,2847,5,29.54,2.7618834153526457,1.0,0.0
Cooperative Q-Learning,2848,5,28.509999999999998,2.3418475612216927,1.0,0.0
Cooperative Q-Learning,2849,5,34.08,5.131471523841864,1.0,0.0
Cooperative Q-Learning,2850,5,27.79,2.7792534968944445,1.0,0.0
Cooperative Q-Learning,2851,5,26.670000000000005,1.3822988099539135,1.0,0.0
Cooperative Q-Learning,2852,5,31.879999999999995,5.822649740453215,1.0,0.0
Cooperative Q-Learning,2853,5,33.8,2.042363826550006,1.0,0.0
Cooperative Q-Learning,2854,5,33.059999999999995,3.1293769347906903,1.0,0.0
Cooperative Q-Learning,2855,5,30.459999999999997,4.282726935026326,1.0,0.0
Cooperative Q-Learning,2856,5,34.87,3.468176754434524,1.0,0.0
Cooperative Q-Learning,2857,5,28.119999999999997,2.8789320936764033,1.0,0.0
Cooperative Q-Learning,2858,5,31.52,6.1649817517978045,1.0,0.0
Cooperative Q-Learning,2859,5,26.389999999999997,3.2273053775557092,1.0,0.0
Cooperative Q-Learning,2860,5,27.830000000000002,3.4341301664322477,1.0,0.0
Cooperative Q-Learning,2861,5,32.01,2.8524989044695515,1.0,0.0
Cooperative Q-Learning,2862,5,29.18,2.2914515050508926,1.0,0.0
Cooperative Q-Learning,2863,5,32.67,5.572992912251007,1.0,0.0
Cooperative Q-Learning,2864,5,32.239999999999995,3.8838447445797786,1.0,0.0
Cooperative Q-Learning,2865,5,32.75999999999999,3.94341222800761,1.0,0.0
Cooperative Q-Learning,2866,5,28.579999999999995,6.781002875681433,1.0,0.0
Cooperative Q-Learning,2867,5,30.909999999999997,4.271328833044816,1.0,0.0
Cooperative Q-Learning,2868,5,33.81999999999999,7.328591269814408,1.0,0.0
Cooperative Q-Learning,2869,5,31.169999999999998,3.635175374036304,1.0,0.0
Cooperative Q-Learning,2870,5,32.18999999999999,6.507630137000702,1.0,0.0
Cooperative Q-Learning,2871,5,37.11999999999999,5.533827789152811,1.0,0.0
Cooperative Q-Learning,2872,5,30.47,5.157470310142366,1.0,0.0
Cooperative Q-Learning,2873,5,31.22,5.968521592488371,1.0,0.0
Cooperative Q-Learning,2874,5,29.609999999999996,1.599374877881978,1.0,0.0
Cooperative Q-Learning,2875,5,28.540000000000003,1.9420993795375152,1.0,0.0
Cooperative Q-Learning,2876,5,28.71,2.7058732416726397,1.0,0.0
Cooperative Q-Learning,2877,5,29.74,4.545519772259271,1.0,0.0
Cooperative Q-Learning,2878,5,28.080000000000002,2.3805461558222296,1.0,0.0
Cooperative Q-Learning,2879,5,32.01,3.7811043360372874,1.0,0.0
Cooperative Q-Learning,2880,5,29.48,7.713834973604244,1.0,0.0
Cooperative Q-Learning,2881,5,30.189999999999998,5.502544865787098,1.0,0.0
Cooperative Q-Learning,2882,5,29.99,4.168243035140826,1.0,0.0
Cooperative Q-Learning,2883,5,28.330000000000002,2.584714684447783,1.0,0.0
Cooperative Q-Learning,2884,5,33.269999999999996,10.137899190660749,1.0,0.0
Cooperative Q-Learning,2885,5,30.02,3.074817067729393,1.0,0.0
Cooperative Q-Learning,2886,5,30.449999999999996,4.408089155178234,1.0,0.0
Cooperative Q-Learning,2887,5,31.110000000000003,1.109842331144384,1.0,0.0
Cooperative Q-Learning,2888,5,31.24,1.6772000476985425,1.0,0.0
Cooperative Q-Learning,2889,5,30.889999999999997,2.677312084909042,1.0,0.0
Cooperative Q-Learning,2890,5,32.83999999999999,7.0117223276453196,1.0,0.0
Cooperative Q-Learning,2891,5,31.139999999999997,5.38463090657103,1.0,0.0
Cooperative Q-Learning,2892,5,29.32,1.7101169550647701,1.0,0.0
Cooperative Q-Learning,2893,5,29.35,6.0393501306017985,1.0,0.0
Cooperative Q-Learning,2894,5,28.109999999999996,4.901963892155877,1.0,0.0
Cooperative Q-Learning,2895,5,31.459999999999997,4.758466139419294,1.0,0.0
Cooperative Q-Learning,2896,5,30.54,4.670706584661466,1.0,0.0
Cooperative Q-Learning,2897,5,31.04,3.574283144911717,1.0,0.0
Cooperative Q-Learning,2898,5,28.32,4.713756463798273,1.0,0.0
Cooperative Q-Learning,2899,5,34.32999999999999,8.183642220918502,1.0,0.0
Cooperative Q-Learning,2900,5,30.259999999999998,6.819494116135006,1.0,0.0
Cooperative Q-Learning,2901,5,28.919999999999998,5.973859723830147,1.0,0.0
Cooperative Q-Learning,2902,5,29.669999999999998,2.620019083899962,1.0,0.0
Cooperative Q-Learning,2903,5,29.169999999999998,1.9276280761599203,1.0,0.0
Cooperative Q-Learning,2904,5,30.2,5.7266918897387855,1.0,0.0
Cooperative Q-Learning,2905,5,29.589999999999996,2.610411844901102,1.0,0.0
Cooperative Q-Learning,2906,5,28.229999999999997,3.801085371311722,1.0,0.0
Cooperative Q-Learning,2907,5,30.729999999999997,3.3314036080907377,1.0,0.0
Cooperative Q-Learning,2908,5,33.709999999999994,5.797779747455051,1.0,0.0
Cooperative Q-Learning,2909,5,32.17999999999999,6.250259994592223,1.0,0.0
Cooperative Q-Learning,2910,5,31.3,3.2630507198019436,1.0,0.0
Cooperative Q-Learning,2911,5,31.02,8.054393211161218,1.0,0.0
Cooperative Q-Learning,2912,5,28.609999999999996,6.001916360630158,1.0,0.0
Cooperative Q-Learning,2913,5,30.97,5.7767421614609,1.0,0.0
Cooperative Q-Learning,2914,5,33.42999999999999,4.0265680175553955,1.0,0.0
Cooperative Q-Learning,2915,5,31.579999999999995,3.5627587625321997,1.0,0.0
Cooperative Q-Learning,2916,5,30.669999999999998,5.432494822823118,1.0,0.0
Cooperative Q-Learning,2917,5,30.95,5.946532603122592,1.0,0.0
Cooperative Q-Learning,2918,5,32.019999999999996,5.504157519548289,1.0,0.0
Cooperative Q-Learning,2919,5,31.29,3.9056689567857608,1.0,0.0
Cooperative Q-Learning,2920,5,28.72,5.459349778132922,1.0,0.0
Cooperative Q-Learning,2921,5,30.02,5.288028933355032,1.0,0.0
Cooperative Q-Learning,2922,5,30.139999999999997,6.24083327769617,1.0,0.0
Cooperative Q-Learning,2923,5,32.099999999999994,4.831278298752822,1.0,0.0
Cooperative Q-Learning,2924,5,28.830000000000002,5.060706472420623,1.0,0.0
Cooperative Q-Learning,2925,5,26.060000000000002,2.3733941939762127,1.0,0.0
Cooperative Q-Learning,2926,5,31.45,1.6684573713463577,1.0,0.0
Cooperative Q-Learning,2927,5,29.75,2.6136660077370237,1.0,0.0
Cooperative Q-Learning,2928,5,32.8,4.566316896580875,1.0,0.0
Cooperative Q-Learning,2929,5,32.03,1.6334778847599964,1.0,0.0
Cooperative Q-Learning,2930,5,32.61,5.224629173443793,1.0,0.0
Cooperative Q-Learning,2931,5,28.340000000000003,2.560859230805162,1.0,0.0
Cooperative Q-Learning,2932,5,29.3,4.585302607244149,1.0,0.0
Cooperative Q-Learning,2933,5,30.629999999999995,1.4398784670936624,1.0,0.0
Cooperative Q-Learning,2934,5,29.72,7.926585014998576,1.0,0.0
Cooperative Q-Learning,2935,5,29.759999999999998,4.852370554687674,1.0,0.0
Cooperative Q-Learning,2936,5,28.72,3.144956279505325,1.0,0.0
Cooperative Q-Learning,2937,5,32.63,2.4273442277518034,1.0,0.0
Cooperative Q-Learning,2938,5,31.569999999999993,4.187869386692942,1.0,0.0
Cooperative Q-Learning,2939,5,32.699999999999996,4.0847276531000185,1.0,0.0
Cooperative Q-Learning,2940,5,28.72,3.6700817429588635,1.0,0.0
Cooperative Q-Learning,2941,5,30.15,4.9525246087223005,1.0,0.0
Cooperative Q-Learning,2942,5,30.82,2.3873625614891396,1.0,0.0
Cooperative Q-Learning,2943,5,30.419999999999998,2.3826455884163695,1.0,0.0
Cooperative Q-Learning,2944,5,27.55,2.939175054330722,1.0,0.0
Cooperative Q-Learning,2945,5,33.279999999999994,2.2429333472040507,1.0,0.0
Cooperative Q-Learning,2946,5,26.310000000000002,3.501321179212213,1.0,0.0
Cooperative Q-Learning,2947,5,32.19,4.1839574567626725,1.0,0.0
Cooperative Q-Learning,2948,5,29.2,6.935145997021259,1.0,0.0
Cooperative Q-Learning,2949,5,34.38999999999999,4.048672621983652,1.0,0.0
Cooperative Q-Learning,2950,5,29.65,2.891582611650579,1.0,0.0
Cooperative Q-Learning,2951,5,30.78,5.4086273674565515,1.0,0.0
Cooperative Q-Learning,2952,5,28.35,1.356005162232064,1.0,0.0
Cooperative Q-Learning,2953,5,27.47,3.16476697404406,1.0,0.0
Cooperative Q-Learning,2954,5,28.389999999999997,1.9644973911919545,1.0,0.0
Cooperative Q-Learning,2955,5,33.29,6.466297240306847,1.0,0.0
Cooperative Q-Learning,2956,5,31.389999999999997,4.807468148620434,1.0,0.0
Cooperative Q-Learning,2957,5,29.380000000000003,4.221463016538224,1.0,0.0
Cooperative Q-Learning,2958,5,30.9,4.286898645874425,1.0,0.0
Cooperative Q-Learning,2959,5,31.159999999999997,4.865105343155474,1.0,0.0
Cooperative Q-Learning,2960,5,28.25,5.462828937464537,1.0,0.0
Cooperative Q-Learning,2961,5,26.21,4.59964672556491,1.0,0.0
Cooperative Q-Learning,2962,5,29.189999999999998,5.529850811730819,1.0,0.0
Cooperative Q-Learning,2963,5,28.9,4.497499305169479,1.0,0.0
Cooperative Q-Learning,2964,5,31.369999999999997,4.657869684737858,1.0,0.0
Cooperative Q-Learning,2965,5,34.42999999999999,6.709005142344127,1.0,0.0
Cooperative Q-Learning,2966,5,34.58,8.140147418812507,1.0,0.0
Cooperative Q-Learning,2967,5,30.589999999999996,3.221296322911006,1.0,0.0
Cooperative Q-Learning,2968,5,33.269999999999996,6.090320188627189,1.0,0.0
Cooperative Q-Learning,2969,5,29.72,4.183389773855645,1.0,0.0
Cooperative Q-Learning,2970,5,29.82,4.02439436437335,1.0,0.0
Cooperative Q-Learning,2971,5,28.079999999999995,5.310790901551288,1.0,0.0
Cooperative Q-Learning,2972,5,27.82,4.020043532102608,1.0,0.0
Cooperative Q-Learning,2973,5,31.189999999999998,6.435293311108663,1.0,0.0
Cooperative Q-Learning,2974,5,30.609999999999996,2.7430366384720406,1.0,0.0
Cooperative Q-Learning,2975,5,32.48,1.7534252193920303,1.0,0.0
Cooperative Q-Learning,2976,5,31.659999999999997,3.1692664766472363,1.0,0.0
Cooperative Q-Learning,2977,5,31.129999999999995,7.3888091056678356,1.0,0.0
Cooperative Q-Learning,2978,5,32.19,2.9471172355371236,1.0,0.0
Cooperative Q-Learning,2979,5,27.369999999999997,4.952726521826133,1.0,0.0
Cooperative Q-Learning,2980,5,28.909999999999997,4.09990853556515,1.0,0.0
Cooperative Q-Learning,2981,5,32.879999999999995,5.45557054761461,1.0,0.0
Cooperative Q-Learning,2982,5,30.919999999999998,5.89232551714516,1.0,0.0
Cooperative Q-Learning,2983,5,29.5,3.9268307832143705,1.0,0.0
Cooperative Q-Learning,2984,5,27.369999999999997,2.7433100444535965,1.0,0.0
Cooperative Q-Learning,2985,5,30.109999999999996,6.034525664872087,1.0,0.0
Cooperative Q-Learning,2986,5,30.95,4.986481725625792,1.0,0.0
Cooperative Q-Learning,2987,5,29.059999999999995,4.243436107684425,1.0,0.0
Cooperative Q-Learning,2988,5,34.099999999999994,4.131131806176119,1.0,0.0
Cooperative Q-Learning,2989,5,29.04,0.9710818709048159,1.0,0.0
Cooperative Q-Learning,2990,5,28.159999999999997,5.764156486425395,1.0,0.0
Cooperative Q-Learning,2991,5,28.53,4.406330673020352,1.0,0.0
Cooperative Q-Learning,2992,5,29.359999999999996,3.677363185762319,1.0,0.0
Cooperative Q-Learning,2993,5,28.78,3.684867704545172,1.0,0.0
Cooperative Q-Learning,2994,5,28.07,5.988071475859315,1.0,0.0
Cooperative Q-Learning,2995,5,26.55,4.981842028808219,1.0,0.0
Cooperative Q-Learning,2996,5,30.979999999999997,4.4303780877031205,1.0,0.0
Cooperative Q-Learning,2997,5,30.949999999999996,2.386419912756339,1.0,0.0
Cooperative Q-Learning,2998,5,29.82,4.100243895184768,1.0,0.0
Cooperative Q-Learning,2999,5,30.2,4.039801975344829,1.0,0.0
Cooperative Q-Learning,3000,5,29.060000000000002,2.0914707743595167,1.0,0.0
Cooperative Q-Learning,3001,5,35.419999999999995,3.3857421638394074,1.0,0.0
Cooperative Q-Learning,3002,5,29.659999999999997,4.151565969607128,1.0,0.0
Cooperative Q-Learning,3003,5,34.64999999999999,4.715400301140928,1.0,0.0
Cooperative Q-Learning,3004,5,31.639999999999997,3.705806255054356,1.0,0.0
Cooperative Q-Learning,3005,5,31.089999999999996,2.315005399561735,1.0,0.0
Cooperative Q-Learning,3006,5,31.299999999999994,6.013630351127341,1.0,0.0
Cooperative Q-Learning,3007,5,30.689999999999998,3.6550307796241612,1.0,0.0
Cooperative Q-Learning,3008,5,32.96999999999999,3.1031435674167507,1.0,0.0
Cooperative Q-Learning,3009,5,28.74,2.193570149322789,1.0,0.0
Cooperative Q-Learning,3010,5,30.509999999999998,4.289143271097385,1.0,0.0
Cooperative Q-Learning,3011,5,28.709999999999997,4.624175602201972,1.0,0.0
Cooperative Q-Learning,3012,5,29.119999999999997,3.6600204917459127,1.0,0.0
Cooperative Q-Learning,3013,5,29.809999999999995,5.3737091473208665,1.0,0.0
Cooperative Q-Learning,3014,5,26.689999999999998,2.552792588519482,1.0,0.0
Cooperative Q-Learning,3015,5,29.7,3.1507935508376286,1.0,0.0
Cooperative Q-Learning,3016,5,29.79,4.344162750174075,1.0,0.0
Cooperative Q-Learning,3017,5,28.98,3.687580507595731,1.0,0.0
Cooperative Q-Learning,3018,5,25.160000000000004,3.228854285965845,1.0,0.0
Cooperative Q-Learning,3019,5,30.279999999999994,7.314420687928738,1.0,0.0
Cooperative Q-Learning,3020,5,34.089999999999996,3.2786048862282855,1.0,0.0
Cooperative Q-Learning,3021,5,29.919999999999998,4.262423019832732,1.0,0.0
Cooperative Q-Learning,3022,5,27.79,4.528575935103659,1.0,0.0
Cooperative Q-Learning,3023,5,29.660000000000004,2.1752586053156984,1.0,0.0
Cooperative Q-Learning,3024,5,29.6,4.312916646539783,1.0,0.0
Cooperative Q-Learning,3025,5,34.029999999999994,4.236832543304015,1.0,0.0
Cooperative Q-Learning,3026,5,29.18,4.199494017140637,1.0,0.0
Cooperative Q-Learning,3027,5,29.57,5.704559579844877,1.0,0.0
Cooperative Q-Learning,3028,5,28.03,2.8505701184149097,1.0,0.0
Cooperative Q-Learning,3029,5,26.82,3.6325954908302114,1.0,0.0
Cooperative Q-Learning,3030,5,28.869999999999997,3.144161255406599,1.0,0.0
Cooperative Q-Learning,3031,5,30.560000000000002,3.0326143836630446,1.0,0.0
Cooperative Q-Learning,3032,5,26.55,2.2031227836868283,1.0,0.0
Cooperative Q-Learning,3033,5,30.25,2.9017236257093812,1.0,0.0
Cooperative Q-Learning,3034,5,30.32,4.099176746616325,1.0,0.0
Cooperative Q-Learning,3035,5,31.470000000000006,2.149883717785684,1.0,0.0
Cooperative Q-Learning,3036,5,31.509999999999998,7.266481266748022,1.0,0.0
Cooperative Q-Learning,3037,5,29.410000000000004,3.9280084012130114,1.0,0.0
Cooperative Q-Learning,3038,5,33.44,4.264592594844197,1.0,0.0
Cooperative Q-Learning,3039,5,30.1,3.427097897638754,1.0,0.0
Cooperative Q-Learning,3040,5,30.629999999999995,4.58824585217488,1.0,0.0
Cooperative Q-Learning,3041,5,35.099999999999994,6.614094798232026,1.0,0.0
Cooperative Q-Learning,3042,5,27.089999999999996,3.5393149054584003,1.0,0.0
Cooperative Q-Learning,3043,5,31.109999999999996,5.228933925763452,1.0,0.0
Cooperative Q-Learning,3044,5,31.369999999999997,4.858832164213944,1.0,0.0
Cooperative Q-Learning,3045,5,31.379999999999995,5.159651150998482,1.0,0.0
Cooperative Q-Learning,3046,5,33.23,5.917516370911024,1.0,0.0
Cooperative Q-Learning,3047,5,29.15,3.759986702104142,1.0,0.0
Cooperative Q-Learning,3048,5,33.239999999999995,3.536134895616959,1.0,0.0
Cooperative Q-Learning,3049,5,32.839999999999996,3.6075268536769007,1.0,0.0
Cooperative Q-Learning,3050,5,27.949999999999996,5.650553070275502,1.0,0.0
Cooperative Q-Learning,3051,5,28.27,3.729209031416716,1.0,0.0
Cooperative Q-Learning,3052,5,28.189999999999998,4.476801313437975,1.0,0.0
Cooperative Q-Learning,3053,5,26.22,5.540374536076056,1.0,0.0
Cooperative Q-Learning,3054,5,26.220000000000006,1.1595257651298665,1.0,0.0
Cooperative Q-Learning,3055,5,30.15,1.3038404810405289,1.0,0.0
Cooperative Q-Learning,3056,5,29.869999999999997,4.568451597642246,1.0,0.0
Cooperative Q-Learning,3057,5,30.329999999999995,5.298301614668609,1.0,0.0
Cooperative Q-Learning,3058,5,28.009999999999998,4.224689337690997,1.0,0.0
Cooperative Q-Learning,3059,5,30.26,5.073140053260899,1.0,0.0
Cooperative Q-Learning,3060,5,32.78999999999999,4.994672161413596,1.0,0.0
Cooperative Q-Learning,3061,5,29.369999999999997,4.715214735301032,1.0,0.0
Cooperative Q-Learning,3062,5,30.0,3.2521146966243344,1.0,0.0
Cooperative Q-Learning,3063,5,32.309999999999995,4.086777459074567,1.0,0.0
Cooperative Q-Learning,3064,5,27.79,5.464133051088706,1.0,0.0
Cooperative Q-Learning,3065,5,27.389999999999997,3.8644857355151414,1.0,0.0
Cooperative Q-Learning,3066,5,30.82,3.3460050806895056,1.0,0.0
Cooperative Q-Learning,3067,5,28.98,4.373871282971183,1.0,0.0
Cooperative Q-Learning,3068,5,34.03999999999999,4.551291025632171,1.0,0.0
Cooperative Q-Learning,3069,5,31.57,4.804763261597806,1.0,0.0
Cooperative Q-Learning,3070,5,34.14999999999999,6.68533843571138,1.0,0.0
Cooperative Q-Learning,3071,5,33.86,1.7469258713523033,1.0,0.0
Cooperative Q-Learning,3072,5,29.52,4.622039593080092,1.0,0.0
Cooperative Q-Learning,3073,5,29.160000000000004,2.3006520814760325,1.0,0.0
Cooperative Q-Learning,3074,5,29.839999999999996,1.6512873765641165,1.0,0.0
Cooperative Q-Learning,3075,5,30.119999999999997,6.568352152556982,1.0,0.0
Cooperative Q-Learning,3076,5,33.61999999999999,7.43997647845744,1.0,0.0
Cooperative Q-Learning,3077,5,33.45,3.804766747121296,1.0,0.0
Cooperative Q-Learning,3078,5,26.630000000000003,3.4870474616787184,1.0,0.0
Cooperative Q-Learning,3079,5,30.169999999999998,5.169574450571342,1.0,0.0
Cooperative Q-Learning,3080,5,28.3,6.106144446375306,1.0,0.0
Cooperative Q-Learning,3081,5,32.769999999999996,5.795321388844622,1.0,0.0
Cooperative Q-Learning,3082,5,30.05,3.9255572852781038,1.0,0.0
Cooperative Q-Learning,3083,5,29.809999999999995,6.0717995684969654,1.0,0.0
Cooperative Q-Learning,3084,5,30.440000000000005,3.5727090561645247,1.0,0.0
Cooperative Q-Learning,3085,5,30.02,4.405905128347634,1.0,0.0
Cooperative Q-Learning,3086,5,25.0,2.882056557390921,1.0,0.0
Cooperative Q-Learning,3087,5,32.059999999999995,3.876112743458315,1.0,0.0
Cooperative Q-Learning,3088,5,28.54,4.403890325609845,1.0,0.0
Cooperative Q-Learning,3089,5,32.22,2.5696789682759955,1.0,0.0
Cooperative Q-Learning,3090,5,29.889999999999997,4.793146148408158,1.0,0.0
Cooperative Q-Learning,3091,5,33.74999999999999,3.292415526630862,1.0,0.0
Cooperative Q-Learning,3092,5,29.979999999999997,3.893038658939824,1.0,0.0
Cooperative Q-Learning,3093,5,31.04,4.918510953530544,1.0,0.0
Cooperative Q-Learning,3094,5,28.360000000000003,2.2232858565645564,1.0,0.0
Cooperative Q-Learning,3095,5,28.82,5.225968809704085,1.0,0.0
Cooperative Q-Learning,3096,5,30.699999999999996,6.953686072868106,1.0,0.0
Cooperative Q-Learning,3097,5,30.409999999999997,5.733171024834334,1.0,0.0
Cooperative Q-Learning,3098,5,27.459999999999997,3.210023364400948,1.0,0.0
Cooperative Q-Learning,3099,5,33.3,4.49054562386354,1.0,0.0
Cooperative Q-Learning,3100,5,32.17,5.77533548809071,1.0,0.0
Cooperative Q-Learning,3101,5,27.360000000000003,4.760961037437712,1.0,0.0
Cooperative Q-Learning,3102,5,32.209999999999994,5.5589342503756916,1.0,0.0
Cooperative Q-Learning,3103,5,28.1,3.334853819884763,1.0,0.0
Cooperative Q-Learning,3104,5,28.339999999999996,3.409985337211873,1.0,0.0
Cooperative Q-Learning,3105,5,30.35,7.297602345976381,1.0,0.0
Cooperative Q-Learning,3106,5,27.73,2.7215804232100136,1.0,0.0
Cooperative Q-Learning,3107,5,30.25,5.545719069696913,1.0,0.0
Cooperative Q-Learning,3108,5,29.830000000000002,2.262354967727211,1.0,0.0
Cooperative Q-Learning,3109,5,29.9,5.338070812568898,1.0,0.0
Cooperative Q-Learning,3110,5,31.65,3.649657518178929,1.0,0.0
Cooperative Q-Learning,3111,5,29.49,3.963804990157815,1.0,0.0
Cooperative Q-Learning,3112,5,31.709999999999997,4.456932801826834,1.0,0.0
Cooperative Q-Learning,3113,5,31.479999999999997,3.461322001779086,1.0,0.0
Cooperative Q-Learning,3114,5,26.669999999999998,4.635946505299645,1.0,0.0
Cooperative Q-Learning,3115,5,28.119999999999997,4.752052188265611,1.0,0.0
Cooperative Q-Learning,3116,5,32.14,6.8194941161350044,1.0,0.0
Cooperative Q-Learning,3117,5,30.47,0.9437955287031158,1.0,0.0
Cooperative Q-Learning,3118,5,28.159999999999997,3.6795719859788014,1.0,0.0
Cooperative Q-Learning,3119,5,30.79,6.0802343704827635,1.0,0.0
Cooperative Q-Learning,3120,5,32.12,3.1586389473949046,1.0,0.0
Cooperative Q-Learning,3121,5,28.919999999999998,2.2618023786352337,1.0,0.0
Cooperative Q-Learning,3122,5,32.519999999999996,4.426849895806266,1.0,0.0
Cooperative Q-Learning,3123,5,29.119999999999997,4.8801383177119035,1.0,0.0
Cooperative Q-Learning,3124,5,30.499999999999993,6.050103304903141,1.0,0.0
Cooperative Q-Learning,3125,5,29.869999999999997,5.6426500866171,1.0,0.0
Cooperative Q-Learning,3126,5,28.35,4.803514338481774,1.0,0.0
Cooperative Q-Learning,3127,5,32.489999999999995,1.330131572439358,1.0,0.0
Cooperative Q-Learning,3128,5,30.959999999999997,4.155478311819228,1.0,0.0
Cooperative Q-Learning,3129,5,32.01,2.0818861640349113,1.0,0.0
Cooperative Q-Learning,3130,5,31.74,6.069740521636814,1.0,0.0
Cooperative Q-Learning,3131,5,27.589999999999996,2.4928397461529683,1.0,0.0
Cooperative Q-Learning,3132,5,32.1,4.2979646345683165,1.0,0.0
Cooperative Q-Learning,3133,5,34.129999999999995,4.496887812698906,1.0,0.0
Cooperative Q-Learning,3134,5,30.669999999999998,7.225527662392549,1.0,0.0
Cooperative Q-Learning,3135,5,30.27,5.032842139388037,1.0,0.0
Cooperative Q-Learning,3136,5,28.630000000000003,3.926926278910771,1.0,0.0
Cooperative Q-Learning,3137,5,26.339999999999996,2.3359687497909722,1.0,0.0
Cooperative Q-Learning,3138,5,27.660000000000004,2.669831455354438,1.0,0.0
Cooperative Q-Learning,3139,5,30.579999999999995,4.752578247646218,1.0,0.0
Cooperative Q-Learning,3140,5,28.729999999999997,4.163622221095472,1.0,0.0
Cooperative Q-Learning,3141,5,31.339999999999993,3.5523583715610547,1.0,0.0
Cooperative Q-Learning,3142,5,34.55,7.498916588414622,1.0,0.0
Cooperative Q-Learning,3143,5,28.609999999999996,3.3712757229274475,1.0,0.0
Cooperative Q-Learning,3144,5,30.829999999999995,6.885546456164534,1.0,0.0
Cooperative Q-Learning,3145,5,33.90999999999999,4.869471223859931,1.0,0.0
Cooperative Q-Learning,3146,5,32.79,3.6215328246475953,1.0,0.0
Cooperative Q-Learning,3147,5,31.659999999999997,4.193655922938833,1.0,0.0
Cooperative Q-Learning,3148,5,31.829999999999995,4.02579184757483,1.0,0.0
Cooperative Q-Learning,3149,5,31.779999999999994,4.977398919114277,1.0,0.0
Cooperative Q-Learning,3150,5,28.869999999999994,4.728715470399963,1.0,0.0
Cooperative Q-Learning,3151,5,28.77,2.6406911973951064,1.0,0.0
Cooperative Q-Learning,3152,5,27.99,3.0928142524244793,1.0,0.0
Cooperative Q-Learning,3153,5,30.47,7.425850119683262,1.0,0.0
Cooperative Q-Learning,3154,5,27.659999999999997,5.8773293254674766,1.0,0.0
Cooperative Q-Learning,3155,5,34.98,5.203916794108067,1.0,0.0
Cooperative Q-Learning,3156,5,30.21999999999999,9.948718510441424,1.0,0.0
Cooperative Q-Learning,3157,5,30.189999999999998,3.4766003509175443,1.0,0.0
Cooperative Q-Learning,3158,5,32.99999999999999,5.576849469010249,1.0,0.0
Cooperative Q-Learning,3159,5,31.639999999999997,5.865513617749081,1.0,0.0
Cooperative Q-Learning,3160,5,30.07,4.149036032622517,1.0,0.0
Cooperative Q-Learning,3161,5,31.459999999999997,3.541609803465083,1.0,0.0
Cooperative Q-Learning,3162,5,26.71,1.6406553568620077,1.0,0.0
Cooperative Q-Learning,3163,5,34.58999999999999,8.555436867863609,1.0,0.0
Cooperative Q-Learning,3164,5,31.47,3.671954520415524,1.0,0.0
Cooperative Q-Learning,3165,5,24.26,1.8602419197513038,1.0,0.0
Cooperative Q-Learning,3166,5,34.28999999999999,8.533566077555141,1.0,0.0
Cooperative Q-Learning,3167,5,30.299999999999994,3.6771252358330115,1.0,0.0
Cooperative Q-Learning,3168,5,32.06,3.02539253651489,1.0,0.0
Cooperative Q-Learning,3169,5,34.17999999999999,2.0265734627691168,1.0,0.0
Cooperative Q-Learning,3170,5,28.359999999999996,3.8434034396612575,1.0,0.0
Cooperative Q-Learning,3171,5,28.869999999999997,5.430653735969546,1.0,0.0
Cooperative Q-Learning,3172,5,27.75,7.100088027623315,1.0,0.0
Cooperative Q-Learning,3173,5,31.25,6.2676750075287035,1.0,0.0
Cooperative Q-Learning,3174,5,28.869999999999994,4.3996590777013544,1.0,0.0
Cooperative Q-Learning,3175,5,29.95,2.6131877085276503,1.0,0.0
Cooperative Q-Learning,3176,5,32.849999999999994,5.117128100800287,1.0,0.0
Cooperative Q-Learning,3177,5,29.829999999999995,5.141084515936294,1.0,0.0
Cooperative Q-Learning,3178,5,30.15,3.5236699618437566,1.0,0.0
Cooperative Q-Learning,3179,5,30.869999999999994,2.83054765019068,1.0,0.0
Cooperative Q-Learning,3180,5,30.45,4.848066624954732,1.0,0.0
Cooperative Q-Learning,3181,5,27.7,4.2794567412231155,1.0,0.0
Cooperative Q-Learning,3182,5,31.860000000000003,2.6087353257852737,1.0,0.0
Cooperative Q-Learning,3183,5,28.3,3.1472209963712374,1.0,0.0
Cooperative Q-Learning,3184,5,30.919999999999998,4.137269631048958,1.0,0.0
Cooperative Q-Learning,3185,5,30.339999999999996,4.131797429690854,1.0,0.0
Cooperative Q-Learning,3186,5,34.059999999999995,5.266213060634741,1.0,0.0
Cooperative Q-Learning,3187,5,27.74,1.7886447383424118,1.0,0.0
Cooperative Q-Learning,3188,5,29.03,6.631044412458715,1.0,0.0
Cooperative Q-Learning,3189,5,27.329999999999995,4.913705322869897,1.0,0.0
Cooperative Q-Learning,3190,5,29.75,4.564126422438361,1.0,0.0
Cooperative Q-Learning,3191,5,31.419999999999998,4.57678926759797,1.0,0.0
Cooperative Q-Learning,3192,5,31.999999999999993,3.730449034633763,1.0,0.0
Cooperative Q-Learning,3193,5,30.71,5.613198731561177,1.0,0.0
Cooperative Q-Learning,3194,5,30.559999999999995,7.013683055285572,1.0,0.0
Cooperative Q-Learning,3195,5,27.869999999999997,4.5341206424178875,1.0,0.0
Cooperative Q-Learning,3196,5,33.029999999999994,2.63974430579933,1.0,0.0
Cooperative Q-Learning,3197,5,27.179999999999996,4.307058160740337,1.0,0.0
Cooperative Q-Learning,3198,5,26.540000000000003,2.886044005208514,1.0,0.0
Cooperative Q-Learning,3199,5,31.659999999999997,8.973948406359371,1.0,0.0
Cooperative Q-Learning,3200,5,30.20999999999999,4.255202697874682,1.0,0.0
Cooperative Q-Learning,3201,5,27.43,3.0768490375707405,1.0,0.0
Cooperative Q-Learning,3202,5,27.8,2.52809216604142,1.0,0.0
Cooperative Q-Learning,3203,5,26.52,2.928864967867246,1.0,0.0
Cooperative Q-Learning,3204,5,33.98,2.206127829478606,1.0,0.0
Cooperative Q-Learning,3205,5,28.25,1.6515144564913706,1.0,0.0
Cooperative Q-Learning,3206,5,26.870000000000005,2.7006017847879757,1.0,0.0
Cooperative Q-Learning,3207,5,30.829999999999995,5.268609873581453,1.0,0.0
Cooperative Q-Learning,3208,5,28.0,3.620600778876343,1.0,0.0
Cooperative Q-Learning,3209,5,30.119999999999997,2.3506913876559787,1.0,0.0
Cooperative Q-Learning,3210,5,33.61999999999999,6.513313288949022,1.0,0.0
Cooperative Q-Learning,3211,5,30.439999999999998,2.6996296042235093,1.0,0.0
Cooperative Q-Learning,3212,5,28.559999999999995,4.995297788921094,1.0,0.0
Cooperative Q-Learning,3213,5,33.42999999999999,6.250459983073243,1.0,0.0
Cooperative Q-Learning,3214,5,31.879999999999995,1.4567086187704072,1.0,0.0
Cooperative Q-Learning,3215,5,29.860000000000003,4.000062499511726,1.0,0.0
Cooperative Q-Learning,3216,5,32.839999999999996,6.761786006670124,1.0,0.0
Cooperative Q-Learning,3217,5,30.01,3.564126821537079,1.0,0.0
Cooperative Q-Learning,3218,5,30.579999999999995,3.7675588913778095,1.0,0.0
Cooperative Q-Learning,3219,5,29.319999999999993,6.842203592410851,1.0,0.0
Cooperative Q-Learning,3220,5,30.909999999999997,4.174236457126012,1.0,0.0
Cooperative Q-Learning,3221,5,31.189999999999998,7.482262358404702,1.0,0.0
Cooperative Q-Learning,3222,5,30.65,7.998359206737336,1.0,0.0
Cooperative Q-Learning,3223,5,31.729999999999997,6.119293259846266,1.0,0.0
Cooperative Q-Learning,3224,5,30.97,3.9188008369908247,1.0,0.0
Cooperative Q-Learning,3225,5,30.0,5.97881677257298,1.0,0.0
Cooperative Q-Learning,3226,5,27.439999999999998,3.1510712464176365,1.0,0.0
Cooperative Q-Learning,3227,5,30.0,4.089009660052174,1.0,0.0
Cooperative Q-Learning,3228,5,29.899999999999995,4.8980863610189616,1.0,0.0
Cooperative Q-Learning,3229,5,31.05,5.806784824668464,1.0,0.0
Cooperative Q-Learning,3230,5,30.95,4.87544869729956,1.0,0.0
Cooperative Q-Learning,3231,5,33.769999999999996,4.515888616872649,1.0,0.0
Cooperative Q-Learning,3232,5,27.8,3.322461436947013,1.0,0.0
Cooperative Q-Learning,3233,5,31.18,4.867314454604303,1.0,0.0
Cooperative Q-Learning,3234,5,30.669999999999995,5.505179379457122,1.0,0.0
Cooperative Q-Learning,3235,5,31.929999999999996,2.362096526393445,1.0,0.0
Cooperative Q-Learning,3236,5,29.329999999999995,3.522889439082636,1.0,0.0
Cooperative Q-Learning,3237,5,28.660000000000004,4.828483198686727,1.0,0.0
Cooperative Q-Learning,3238,5,32.42999999999999,2.8369437780823232,1.0,0.0
Cooperative Q-Learning,3239,5,32.71999999999999,4.005870691872111,1.0,0.0
Cooperative Q-Learning,3240,5,29.869999999999997,5.954053241280258,1.0,0.0
Cooperative Q-Learning,3241,5,25.52,3.8751774152933964,1.0,0.0
Cooperative Q-Learning,3242,5,29.830000000000002,3.325206760488735,1.0,0.0
Cooperative Q-Learning,3243,5,34.16,3.411268092659968,1.0,0.0
Cooperative Q-Learning,3244,5,26.909999999999997,4.671643179867224,1.0,0.0
Cooperative Q-Learning,3245,5,30.29,4.909480624261588,1.0,0.0
Cooperative Q-Learning,3246,5,30.77,5.928912210515512,1.0,0.0
Cooperative Q-Learning,3247,5,27.54,2.1311381935482268,1.0,0.0
Cooperative Q-Learning,3248,5,28.389999999999997,4.381409590531339,1.0,0.0
Cooperative Q-Learning,3249,5,28.479999999999997,5.593366606972938,1.0,0.0
Cooperative Q-Learning,3250,5,30.54,4.284186037043672,1.0,0.0
Cooperative Q-Learning,3251,5,28.689999999999998,3.7688526105434237,1.0,0.0
Cooperative Q-Learning,3252,5,32.309999999999995,7.871340419521946,1.0,0.0
Cooperative Q-Learning,3253,5,31.669999999999998,4.8437588709596175,1.0,0.0
Cooperative Q-Learning,3254,5,29.32,4.5412828584002565,1.0,0.0
Cooperative Q-Learning,3255,5,32.61,3.9587561177723476,1.0,0.0
Cooperative Q-Learning,3256,5,29.1,4.475209492303125,1.0,0.0
Cooperative Q-Learning,3257,5,30.899999999999995,4.594153893808954,1.0,0.0
Cooperative Q-Learning,3258,5,29.71,1.7063850679140384,1.0,0.0
Cooperative Q-Learning,3259,5,29.799999999999994,2.556120106724247,1.0,0.0
Cooperative Q-Learning,3260,5,31.72,4.867057632697598,1.0,0.0
Cooperative Q-Learning,3261,5,29.99,2.6653798978757206,1.0,0.0
Cooperative Q-Learning,3262,5,30.18,4.136060927984499,1.0,0.0
Cooperative Q-Learning,3263,5,28.48,4.080226709387603,1.0,0.0
Cooperative Q-Learning,3264,5,28.79,5.264907406593206,1.0,0.0
Cooperative Q-Learning,3265,5,29.660000000000004,5.384863043755153,1.0,0.0
Cooperative Q-Learning,3266,5,35.19,6.257934962909087,1.0,0.0
Cooperative Q-Learning,3267,5,28.860000000000003,3.347088286854711,1.0,0.0
Cooperative Q-Learning,3268,5,33.86999999999999,8.595900185553571,1.0,0.0
Cooperative Q-Learning,3269,5,32.199999999999996,3.0726617125873084,1.0,0.0
Cooperative Q-Learning,3270,5,27.619999999999997,1.936039772318739,1.0,0.0
Cooperative Q-Learning,3271,5,32.739999999999995,3.595205140183238,1.0,0.0
Cooperative Q-Learning,3272,5,30.369999999999994,5.501204413580714,1.0,0.0
Cooperative Q-Learning,3273,5,30.419999999999998,1.6441563186023382,1.0,0.0
Cooperative Q-Learning,3274,5,28.97,4.019421600180801,1.0,0.0
Cooperative Q-Learning,3275,5,29.0,2.795979256003159,1.0,0.0
Cooperative Q-Learning,3276,5,33.39,4.736744662740434,1.0,0.0
Cooperative Q-Learning,3277,5,33.45,6.287686378947342,1.0,0.0
Cooperative Q-Learning,3278,5,33.34999999999999,7.516066125307828,1.0,0.0
Cooperative Q-Learning,3279,5,28.630000000000003,4.656527676284118,1.0,0.0
Cooperative Q-Learning,3280,5,29.160000000000004,2.980436209684751,1.0,0.0
Cooperative Q-Learning,3281,5,33.769999999999996,5.4648421752142085,1.0,0.0
Cooperative Q-Learning,3282,5,30.15,4.355886821302861,1.0,0.0
Cooperative Q-Learning,3283,5,30.9,6.122193234454461,1.0,0.0
Cooperative Q-Learning,3284,5,30.839999999999996,3.1578077838905885,1.0,0.0
Cooperative Q-Learning,3285,5,31.839999999999996,4.248440890491471,1.0,0.0
Cooperative Q-Learning,3286,5,29.05,2.181455935837347,1.0,0.0
Cooperative Q-Learning,3287,5,31.52,2.0428533965999627,1.0,0.0
Cooperative Q-Learning,3288,5,31.529999999999994,2.6600281953392857,1.0,0.0
Cooperative Q-Learning,3289,5,28.73,2.140560674215987,1.0,0.0
Cooperative Q-Learning,3290,5,30.07,3.5075988938303633,1.0,0.0
Cooperative Q-Learning,3291,5,31.369999999999997,4.248028954703581,1.0,0.0
Cooperative Q-Learning,3292,5,28.54,3.4451777893165385,1.0,0.0
Cooperative Q-Learning,3293,5,28.830000000000002,3.559248516189901,1.0,0.0
Cooperative Q-Learning,3294,5,32.21999999999999,5.337438524236128,1.0,0.0
Cooperative Q-Learning,3295,5,30.869999999999997,5.165099224603531,1.0,0.0
Cooperative Q-Learning,3296,5,29.629999999999995,7.064842531861554,1.0,0.0
Cooperative Q-Learning,3297,5,27.6,4.738538804315103,1.0,0.0
Cooperative Q-Learning,3298,5,30.22,4.747446682165054,1.0,0.0
Cooperative Q-Learning,3299,5,29.259999999999998,2.900517195260183,1.0,0.0
Cooperative Q-Learning,3300,5,34.49999999999999,5.697038704449876,1.0,0.0
Cooperative Q-Learning,3301,5,29.15,4.235711274390642,1.0,0.0
Cooperative Q-Learning,3302,5,30.259999999999998,5.4193403657640795,1.0,0.0
Cooperative Q-Learning,3303,5,28.65,3.253843880704786,1.0,0.0
Cooperative Q-Learning,3304,5,29.029999999999994,3.4310348293189907,1.0,0.0
Cooperative Q-Learning,3305,5,29.639999999999997,4.821099459666848,1.0,0.0
Cooperative Q-Learning,3306,5,32.06999999999999,3.0900242717493294,1.0,0.0
Cooperative Q-Learning,3307,5,32.81999999999999,6.102110290710906,1.0,0.0
Cooperative Q-Learning,3308,5,33.35,4.277557714397316,1.0,0.0
Cooperative Q-Learning,3309,5,31.619999999999994,6.734760574808872,1.0,0.0
Cooperative Q-Learning,3310,5,35.84999999999999,4.00437261003518,1.0,0.0
Cooperative Q-Learning,3311,5,27.309999999999995,7.626057303744832,1.0,0.0
Cooperative Q-Learning,3312,5,31.410000000000004,2.8730210580502153,1.0,0.0
Cooperative Q-Learning,3313,5,30.799999999999994,4.760120796786566,1.0,0.0
Cooperative Q-Learning,3314,5,30.279999999999994,2.2675978479439394,1.0,0.0
Cooperative Q-Learning,3315,5,30.479999999999997,5.87032792951126,1.0,0.0
Cooperative Q-Learning,3316,5,29.889999999999997,3.8749838709341717,1.0,0.0
Cooperative Q-Learning,3317,5,30.159999999999997,3.093016327147333,1.0,0.0
Cooperative Q-Learning,3318,5,27.1,4.743680006071235,1.0,0.0
Cooperative Q-Learning,3319,5,30.809999999999995,4.366978360376883,1.0,0.0
Cooperative Q-Learning,3320,5,31.779999999999994,2.8426660021887864,1.0,0.0
Cooperative Q-Learning,3321,5,28.610000000000003,3.081071242279216,1.0,0.0
Cooperative Q-Learning,3322,5,31.159999999999997,4.33681911082304,1.0,0.0
Cooperative Q-Learning,3323,5,32.36999999999999,3.984909032838766,1.0,0.0
Cooperative Q-Learning,3324,5,29.619999999999997,3.0800974010573055,1.0,0.0
Cooperative Q-Learning,3325,5,29.57,2.349095570639898,1.0,0.0
Cooperative Q-Learning,3326,5,31.169999999999998,4.762693565620192,1.0,0.0
Cooperative Q-Learning,3327,5,30.669999999999998,7.73802300332585,1.0,0.0
Cooperative Q-Learning,3328,5,31.5,8.272469401575322,1.0,0.0
Cooperative Q-Learning,3329,5,32.519999999999996,6.5984467869340255,1.0,0.0
Cooperative Q-Learning,3330,5,28.1,2.8015620642777117,1.0,0.0
Cooperative Q-Learning,3331,5,29.249999999999993,4.552746423863288,1.0,0.0
Cooperative Q-Learning,3332,5,30.02,4.86346070201045,1.0,0.0
Cooperative Q-Learning,3333,5,29.35,3.487656806510639,1.0,0.0
Cooperative Q-Learning,3334,5,27.3,4.429305814684732,1.0,0.0
Cooperative Q-Learning,3335,5,30.27,5.477978641798448,1.0,0.0
Cooperative Q-Learning,3336,5,29.209999999999997,5.518536943792255,1.0,0.0
Cooperative Q-Learning,3337,5,31.069999999999993,4.980788090252381,1.0,0.0
Cooperative Q-Learning,3338,5,32.94,3.285270156318957,1.0,0.0
Cooperative Q-Learning,3339,5,28.54,4.8667751129469705,1.0,0.0
Cooperative Q-Learning,3340,5,27.65,3.6482872693909414,1.0,0.0
Cooperative Q-Learning,3341,5,29.919999999999995,8.068503578731299,1.0,0.0
Cooperative Q-Learning,3342,5,29.1,3.947150871198108,1.0,0.0
Cooperative Q-Learning,3343,5,33.35,5.3429860565043565,1.0,0.0
Cooperative Q-Learning,3344,5,30.2,6.535766978710298,1.0,0.0
Cooperative Q-Learning,3345,5,29.429999999999996,5.507676461085925,1.0,0.0
Cooperative Q-Learning,3346,5,28.99,2.0262033461624713,1.0,0.0
Cooperative Q-Learning,3347,5,29.2,5.3928192997726105,1.0,0.0
Cooperative Q-Learning,3348,5,32.19,4.0557674982671275,1.0,0.0
Cooperative Q-Learning,3349,5,29.99,3.1327703394918656,1.0,0.0
Cooperative Q-Learning,3350,5,28.82,3.2399074060843143,1.0,0.0
Cooperative Q-Learning,3351,5,27.26,1.6222669324127892,1.0,0.0
Cooperative Q-Learning,3352,5,28.35,2.1086132883959525,1.0,0.0
Cooperative Q-Learning,3353,5,33.499999999999986,4.919349550499527,1.0,0.0
Cooperative Q-Learning,3354,5,27.48,1.1665118944957231,1.0,0.0
Cooperative Q-Learning,3355,5,30.129999999999995,4.326170361878959,1.0,0.0
Cooperative Q-Learning,3356,5,29.919999999999998,2.8503508555965515,1.0,0.0
Cooperative Q-Learning,3357,5,29.93,4.456820615640703,1.0,0.0
Cooperative Q-Learning,3358,5,29.679999999999996,4.780638032731611,1.0,0.0
Cooperative Q-Learning,3359,5,31.109999999999996,4.380268256625385,1.0,0.0
Cooperative Q-Learning,3360,5,31.919999999999998,6.497172461925256,1.0,0.0
Cooperative Q-Learning,3361,5,31.619999999999997,5.736026499241435,1.0,0.0
Cooperative Q-Learning,3362,5,33.06999999999999,3.2141484097657926,1.0,0.0
Cooperative Q-Learning,3363,5,32.33,6.892532190711913,1.0,0.0
Cooperative Q-Learning,3364,5,28.109999999999996,5.866152913110937,1.0,0.0
Cooperative Q-Learning,3365,5,29.25,3.035827728972773,1.0,0.0
Cooperative Q-Learning,3366,5,30.5,4.691348420230584,1.0,0.0
Cooperative Q-Learning,3367,5,33.269999999999996,7.127464486056731,1.0,0.0
Cooperative Q-Learning,3368,5,28.40999999999999,4.97172002429742,1.0,0.0
Cooperative Q-Learning,3369,5,31.869999999999997,1.7185022548719548,1.0,0.0
Cooperative Q-Learning,3370,5,28.53,2.4074363958368656,1.0,0.0
Cooperative Q-Learning,3371,5,29.589999999999996,8.472706179255828,1.0,0.0
Cooperative Q-Learning,3372,5,32.089999999999996,4.765160018299485,1.0,0.0
Cooperative Q-Learning,3373,5,30.78,3.016744934527942,1.0,0.0
Cooperative Q-Learning,3374,5,30.279999999999994,6.815295298077694,1.0,0.0
Cooperative Q-Learning,3375,5,29.109999999999996,2.7652757547846814,1.0,0.0
Cooperative Q-Learning,3376,5,27.47,4.547059489384319,1.0,0.0
Cooperative Q-Learning,3377,5,29.8,3.1476181471074276,1.0,0.0
Cooperative Q-Learning,3378,5,32.239999999999995,3.356411774499661,1.0,0.0
Cooperative Q-Learning,3379,5,29.119999999999997,4.390700399708456,1.0,0.0
Cooperative Q-Learning,3380,5,28.47,4.277499269433019,1.0,0.0
Cooperative Q-Learning,3381,5,32.529999999999994,6.23504210090036,1.0,0.0
Cooperative Q-Learning,3382,5,31.35,4.207285348059956,1.0,0.0
Cooperative Q-Learning,3383,5,28.330000000000002,3.326522207952323,1.0,0.0
Cooperative Q-Learning,3384,5,32.279999999999994,3.686902493964271,1.0,0.0
Cooperative Q-Learning,3385,5,33.33999999999999,9.495090836848261,1.0,0.0
Cooperative Q-Learning,3386,5,31.660000000000004,6.892151333219546,1.0,0.0
Cooperative Q-Learning,3387,5,33.94,3.890918914601025,1.0,0.0
Cooperative Q-Learning,3388,5,31.339999999999996,5.201730481291776,1.0,0.0
Cooperative Q-Learning,3389,5,34.74999999999999,8.725322343615732,1.0,0.0
Cooperative Q-Learning,3390,5,29.51,2.86168656564621,1.0,0.0
Cooperative Q-Learning,3391,5,28.779999999999994,3.8416467823057325,1.0,0.0
Cooperative Q-Learning,3392,5,30.529999999999994,3.071766592695478,1.0,0.0
Cooperative Q-Learning,3393,5,30.47,4.133188841560471,1.0,0.0
Cooperative Q-Learning,3394,5,29.28,2.2115040131096295,1.0,0.0
Cooperative Q-Learning,3395,5,30.759999999999998,4.5018607264108015,1.0,0.0
Cooperative Q-Learning,3396,5,29.669999999999998,1.2799414049088333,1.0,0.0
Cooperative Q-Learning,3397,5,28.8,5.569111239686274,1.0,0.0
Cooperative Q-Learning,3398,5,33.239999999999995,5.163743796897748,1.0,0.0
Cooperative Q-Learning,3399,5,30.809999999999995,5.932263480325194,1.0,0.0
Cooperative Q-Learning,3400,5,29.46,5.0619166330551115,1.0,0.0
Cooperative Q-Learning,3401,5,28.709999999999997,5.918656942246272,1.0,0.0
Cooperative Q-Learning,3402,5,30.139999999999997,4.7409650916242745,1.0,0.0
Cooperative Q-Learning,3403,5,30.939999999999998,3.6075268536769043,1.0,0.0
Cooperative Q-Learning,3404,5,27.15,2.0223748416156697,1.0,0.0
Cooperative Q-Learning,3405,5,29.939999999999998,2.778803699436142,1.0,0.0
Cooperative Q-Learning,3406,5,30.619999999999997,5.286728667143792,1.0,0.0
Cooperative Q-Learning,3407,5,33.76,1.7173380564117229,1.0,0.0
Cooperative Q-Learning,3408,5,27.01,3.263701885895828,1.0,0.0
Cooperative Q-Learning,3409,5,31.059999999999995,2.037584354082057,1.0,0.0
Cooperative Q-Learning,3410,5,28.040000000000003,2.936707339862112,1.0,0.0
Cooperative Q-Learning,3411,5,28.830000000000002,3.294806519357395,1.0,0.0
Cooperative Q-Learning,3412,5,28.71,4.175583791519454,1.0,0.0
Cooperative Q-Learning,3413,5,29.609999999999996,5.184520228526447,1.0,0.0
Cooperative Q-Learning,3414,5,28.060000000000002,1.6812941444018652,1.0,0.0
Cooperative Q-Learning,3415,5,33.67999999999999,8.502690750580069,1.0,0.0
Cooperative Q-Learning,3416,5,29.339999999999996,1.932420761635521,1.0,0.0
Cooperative Q-Learning,3417,5,30.01,5.118886597688992,1.0,0.0
Cooperative Q-Learning,3418,5,29.110000000000003,0.8180770134895595,1.0,0.0
Cooperative Q-Learning,3419,5,30.04,6.759012501837823,1.0,0.0
Cooperative Q-Learning,3420,5,31.409999999999997,2.7785787734019682,1.0,0.0
Cooperative Q-Learning,3421,5,30.499999999999993,5.537485891629879,1.0,0.0
Cooperative Q-Learning,3422,5,29.090000000000003,2.6106512597434395,1.0,0.0
Cooperative Q-Learning,3423,5,31.499999999999993,10.528413935631509,1.0,0.0
Cooperative Q-Learning,3424,5,32.85,4.731278896873444,1.0,0.0
Cooperative Q-Learning,3425,5,29.529999999999994,5.167760636871639,1.0,0.0
Cooperative Q-Learning,3426,5,30.339999999999996,2.6896561118477575,1.0,0.0
Cooperative Q-Learning,3427,5,33.769999999999996,5.090260307685643,1.0,0.0
Cooperative Q-Learning,3428,5,27.759999999999998,2.8174456516497304,1.0,0.0
Cooperative Q-Learning,3429,5,29.369999999999997,3.812741795611131,1.0,0.0
Cooperative Q-Learning,3430,5,30.1,3.316247879758084,1.0,0.0
Cooperative Q-Learning,3431,5,29.360000000000003,2.219909908081856,1.0,0.0
Cooperative Q-Learning,3432,5,30.319999999999993,5.472271009370782,1.0,0.0
Cooperative Q-Learning,3433,5,29.630000000000003,2.5098804752417956,1.0,0.0
Cooperative Q-Learning,3434,5,31.759999999999998,3.905508929704297,1.0,0.0
Cooperative Q-Learning,3435,5,32.82,3.065656536535035,1.0,0.0
Cooperative Q-Learning,3436,5,30.789999999999992,5.039022722711213,1.0,0.0
Cooperative Q-Learning,3437,5,30.49,1.1143383687193056,1.0,0.0
Cooperative Q-Learning,3438,5,27.660000000000004,3.6700476836139346,1.0,0.0
Cooperative Q-Learning,3439,5,34.11,5.238964592359827,1.0,0.0
Cooperative Q-Learning,3440,5,32.5,4.101066934347692,1.0,0.0
Cooperative Q-Learning,3441,5,33.01,2.7974095159629337,1.0,0.0
Cooperative Q-Learning,3442,5,31.909999999999997,2.666083269517288,1.0,0.0
Cooperative Q-Learning,3443,5,30.82,5.219267189941512,1.0,0.0
Cooperative Q-Learning,3444,5,30.03,4.006026709846055,1.0,0.0
Cooperative Q-Learning,3445,5,26.4,2.4033830323109138,1.0,0.0
Cooperative Q-Learning,3446,5,26.439999999999998,2.771822505139895,1.0,0.0
Cooperative Q-Learning,3447,5,28.75,3.6088433049939947,1.0,0.0
Cooperative Q-Learning,3448,5,29.709999999999997,3.4413660078521127,1.0,0.0
Cooperative Q-Learning,3449,5,29.79,5.869241859047891,1.0,0.0
Cooperative Q-Learning,3450,5,32.33,7.5736054821993335,1.0,0.0
Cooperative Q-Learning,3451,5,30.82,4.809703733079613,1.0,0.0
Cooperative Q-Learning,3452,5,28.130000000000003,3.186024168144365,1.0,0.0
Cooperative Q-Learning,3453,5,32.69,5.944156794701833,1.0,0.0
Cooperative Q-Learning,3454,5,31.82,2.9477957866853637,1.0,0.0
Cooperative Q-Learning,3455,5,26.630000000000003,3.554328347240869,1.0,0.0
Cooperative Q-Learning,3456,5,29.360000000000003,2.0764753790979555,1.0,0.0
Cooperative Q-Learning,3457,5,28.15,3.182962456580347,1.0,0.0
Cooperative Q-Learning,3458,5,29.02,5.043634602149527,1.0,0.0
Cooperative Q-Learning,3459,5,29.03,4.042833164997039,1.0,0.0
Cooperative Q-Learning,3460,5,31.04,4.397215027719245,1.0,0.0
Cooperative Q-Learning,3461,5,29.199999999999996,5.598772186828105,1.0,0.0
Cooperative Q-Learning,3462,5,32.959999999999994,3.0063266622241813,1.0,0.0
Cooperative Q-Learning,3463,5,34.599999999999994,3.8657146816597767,1.0,0.0
Cooperative Q-Learning,3464,5,31.179999999999996,3.622430123549658,1.0,0.0
Cooperative Q-Learning,3465,5,29.859999999999996,4.091057320546852,1.0,0.0
Cooperative Q-Learning,3466,5,28.85,4.721096270994689,1.0,0.0
Cooperative Q-Learning,3467,5,31.499999999999993,3.455430508634188,1.0,0.0
Cooperative Q-Learning,3468,5,30.55,5.099019513592784,1.0,0.0
Cooperative Q-Learning,3469,5,32.17,4.864874099090331,1.0,0.0
Cooperative Q-Learning,3470,5,30.559999999999995,3.4178575160471456,1.0,0.0
Cooperative Q-Learning,3471,5,25.910000000000004,3.3439123792348395,1.0,0.0
Cooperative Q-Learning,3472,5,34.13999999999999,2.8243140760191623,1.0,0.0
Cooperative Q-Learning,3473,5,34.15999999999999,1.6207251463465324,1.0,0.0
Cooperative Q-Learning,3474,5,28.279999999999994,5.3712894168905105,1.0,0.0
Cooperative Q-Learning,3475,5,32.489999999999995,6.80086391570953,1.0,0.0
Cooperative Q-Learning,3476,5,32.37,4.454856900058629,1.0,0.0
Cooperative Q-Learning,3477,5,27.109999999999996,3.3397978980770664,1.0,0.0
Cooperative Q-Learning,3478,5,30.859999999999996,5.627543869220387,1.0,0.0
Cooperative Q-Learning,3479,5,29.96999999999999,3.65933737171089,1.0,0.0
Cooperative Q-Learning,3480,5,30.329999999999995,4.186526006129658,1.0,0.0
Cooperative Q-Learning,3481,5,31.559999999999995,3.781765460733911,1.0,0.0
Cooperative Q-Learning,3482,5,27.779999999999994,4.952600327100903,1.0,0.0
Cooperative Q-Learning,3483,5,31.130000000000003,2.965973701838908,1.0,0.0
Cooperative Q-Learning,3484,5,31.689999999999998,5.087902318244715,1.0,0.0
Cooperative Q-Learning,3485,5,30.529999999999994,4.743759057962362,1.0,0.0
Cooperative Q-Learning,3486,5,26.139999999999997,2.582731112601543,1.0,0.0
Cooperative Q-Learning,3487,5,31.349999999999994,6.173532214219015,1.0,0.0
Cooperative Q-Learning,3488,5,32.449999999999996,5.628387868652969,1.0,0.0
Cooperative Q-Learning,3489,5,30.659999999999997,6.0567524301394355,1.0,0.0
Cooperative Q-Learning,3490,5,31.029999999999994,4.120315521898776,1.0,0.0
Cooperative Q-Learning,3491,5,34.56999999999999,5.921211869203804,1.0,0.0
Cooperative Q-Learning,3492,5,31.649999999999995,6.696920934280161,1.0,0.0
Cooperative Q-Learning,3493,5,32.91,5.374174355191684,1.0,0.0
Cooperative Q-Learning,3494,5,29.43,4.139534998040239,1.0,0.0
Cooperative Q-Learning,3495,5,32.879999999999995,3.840670514376365,1.0,0.0
Cooperative Q-Learning,3496,5,30.330000000000002,2.729148218767167,1.0,0.0
Cooperative Q-Learning,3497,5,30.0,3.50767016693417,1.0,0.0
Cooperative Q-Learning,3498,5,27.05,3.30737811566806,1.0,0.0
Cooperative Q-Learning,3499,5,27.860000000000003,2.7740764228838404,1.0,0.0
Cooperative Q-Learning,3500,5,32.16,5.469049277525293,1.0,0.0
Cooperative Q-Learning,3501,5,34.30999999999999,4.654755632683628,1.0,0.0
Cooperative Q-Learning,3502,5,31.689999999999998,3.6577657114692266,1.0,0.0
Cooperative Q-Learning,3503,5,30.589999999999996,8.069495027571428,1.0,0.0
Cooperative Q-Learning,3504,5,31.309999999999995,5.847478088885836,1.0,0.0
Cooperative Q-Learning,3505,5,29.5,2.5161975280172246,1.0,0.0
Cooperative Q-Learning,3506,5,33.69,7.068185764395274,1.0,0.0
Cooperative Q-Learning,3507,5,33.54,5.164348942509596,1.0,0.0
Cooperative Q-Learning,3508,5,30.45,5.395252542745329,1.0,0.0
Cooperative Q-Learning,3509,5,30.23,3.279977134066639,1.0,0.0
Cooperative Q-Learning,3510,5,33.629999999999995,4.692893563676889,1.0,0.0
Cooperative Q-Learning,3511,5,30.549999999999994,5.651990799709421,1.0,0.0
Cooperative Q-Learning,3512,5,29.579999999999995,5.508243821763884,1.0,0.0
Cooperative Q-Learning,3513,5,31.409999999999997,4.883185435758094,1.0,0.0
Cooperative Q-Learning,3514,5,32.56999999999999,4.207820100717227,1.0,0.0
Cooperative Q-Learning,3515,5,35.709999999999994,5.563879042538573,1.0,0.0
Cooperative Q-Learning,3516,5,28.929999999999996,3.725184559186296,1.0,0.0
Cooperative Q-Learning,3517,5,32.53999999999999,5.082494466302935,1.0,0.0
Cooperative Q-Learning,3518,5,32.08,7.2459126409307455,1.0,0.0
Cooperative Q-Learning,3519,5,29.880000000000003,6.319572770369845,1.0,0.0
Cooperative Q-Learning,3520,5,30.99,4.403180668562212,1.0,0.0
Cooperative Q-Learning,3521,5,28.860000000000003,2.608016487677943,1.0,0.0
Cooperative Q-Learning,3522,5,31.609999999999996,3.1143618929083967,1.0,0.0
Cooperative Q-Learning,3523,5,30.71,1.3310709973551362,1.0,0.0
Cooperative Q-Learning,3524,5,28.419999999999998,2.5994230129011315,1.0,0.0
Cooperative Q-Learning,3525,5,27.55,5.254046059942755,1.0,0.0
Cooperative Q-Learning,3526,5,34.61,5.577902831710136,1.0,0.0
Cooperative Q-Learning,3527,5,28.78,2.6644886939148376,1.0,0.0
Cooperative Q-Learning,3528,5,28.169999999999998,2.1510462570572466,1.0,0.0
Cooperative Q-Learning,3529,5,29.379999999999995,3.070138433360942,1.0,0.0
Cooperative Q-Learning,3530,5,28.0,4.301889119909995,1.0,0.0
Cooperative Q-Learning,3531,5,34.769999999999996,2.991362565788374,1.0,0.0
Cooperative Q-Learning,3532,5,28.330000000000002,2.2177127857321834,1.0,0.0
Cooperative Q-Learning,3533,5,29.830000000000002,3.5205823381934973,1.0,0.0
Cooperative Q-Learning,3534,5,28.619999999999994,4.066417342083808,1.0,0.0
Cooperative Q-Learning,3535,5,30.48,3.9032998859938983,1.0,0.0
Cooperative Q-Learning,3536,5,29.259999999999998,5.222236111092641,1.0,0.0
Cooperative Q-Learning,3537,5,28.74,4.349482727865463,1.0,0.0
Cooperative Q-Learning,3538,5,35.04,6.76529748052515,1.0,0.0
Cooperative Q-Learning,3539,5,30.409999999999997,4.1167948697985866,1.0,0.0
Cooperative Q-Learning,3540,5,28.939999999999998,1.8679534255435795,1.0,0.0
Cooperative Q-Learning,3541,5,29.6,4.854379466007988,1.0,0.0
Cooperative Q-Learning,3542,5,28.22,3.2738738521818456,1.0,0.0
Cooperative Q-Learning,3543,5,30.2,5.697038704449883,1.0,0.0
Cooperative Q-Learning,3544,5,31.169999999999998,3.5847942758267157,1.0,0.0
Cooperative Q-Learning,3545,5,27.54,3.196365123073395,1.0,0.0
Cooperative Q-Learning,3546,5,33.269999999999996,3.780310833780732,1.0,0.0
Cooperative Q-Learning,3547,5,32.19,1.4566228063572229,1.0,0.0
Cooperative Q-Learning,3548,5,29.029999999999994,4.274576002365609,1.0,0.0
Cooperative Q-Learning,3549,5,29.98,2.027190173614698,1.0,0.0
Cooperative Q-Learning,3550,5,25.96,1.873966381768895,1.0,0.0
Cooperative Q-Learning,3551,5,33.489999999999995,2.8579713084633958,1.0,0.0
Cooperative Q-Learning,3552,5,32.029999999999994,5.682825001704696,1.0,0.0
Cooperative Q-Learning,3553,5,33.169999999999995,3.0817202987941634,1.0,0.0
Cooperative Q-Learning,3554,5,26.410000000000004,3.6471564265877063,1.0,0.0
Cooperative Q-Learning,3555,5,26.75,1.596871942267132,1.0,0.0
Cooperative Q-Learning,3556,5,27.410000000000004,2.7208454568387377,1.0,0.0
Cooperative Q-Learning,3557,5,26.889999999999997,3.3210314662767026,1.0,0.0
Cooperative Q-Learning,3558,5,26.910000000000004,3.6657877734533413,1.0,0.0
Cooperative Q-Learning,3559,5,31.129999999999995,2.662846221620766,1.0,0.0
Cooperative Q-Learning,3560,5,31.619999999999997,5.85508326157707,1.0,0.0
Cooperative Q-Learning,3561,5,28.26,3.771007822850543,1.0,0.0
Cooperative Q-Learning,3562,5,31.580000000000002,5.4490366120994285,1.0,0.0
Cooperative Q-Learning,3563,5,30.73,4.6657796776101605,1.0,0.0
Cooperative Q-Learning,3564,5,33.60999999999999,6.218359912388467,1.0,0.0
Cooperative Q-Learning,3565,5,28.04,4.131797429690859,1.0,0.0
Cooperative Q-Learning,3566,5,32.129999999999995,6.051714633060613,1.0,0.0
Cooperative Q-Learning,3567,5,23.080000000000002,9.207782034779054,0.998,0.004472135954999584
Cooperative Q-Learning,3568,5,31.55,4.422527557856476,0.998,0.004472135954999584
Cooperative Q-Learning,3569,5,29.859999999999996,3.257951810570562,0.998,0.004472135954999584
Cooperative Q-Learning,3570,5,31.189999999999998,6.398085651192861,0.998,0.004472135954999584
Cooperative Q-Learning,3571,5,30.43,2.2637358503146943,0.998,0.004472135954999584
Cooperative Q-Learning,3572,5,30.07,5.514367597467543,0.998,0.004472135954999584
Cooperative Q-Learning,3573,5,32.28,5.700175435896688,0.998,0.004472135954999584
Cooperative Q-Learning,3574,5,27.49,4.916731637988794,0.998,0.004472135954999584
Cooperative Q-Learning,3575,5,30.419999999999998,4.578564185418828,0.998,0.004472135954999584
Cooperative Q-Learning,3576,5,29.3,4.833347701128069,0.998,0.004472135954999584
Cooperative Q-Learning,3577,5,29.889999999999997,4.165993278919205,0.998,0.004472135954999584
Cooperative Q-Learning,3578,5,29.759999999999998,2.537567733086153,0.998,0.004472135954999584
Cooperative Q-Learning,3579,5,33.459999999999994,5.437186772587453,0.998,0.004472135954999584
Cooperative Q-Learning,3580,5,28.659999999999997,3.168477552390104,0.998,0.004472135954999584
Cooperative Q-Learning,3581,5,33.39,4.2792230603229795,0.998,0.004472135954999584
Cooperative Q-Learning,3582,5,29.159999999999997,8.708932196314306,0.998,0.004472135954999584
Cooperative Q-Learning,3583,5,30.339999999999996,2.9364945087638064,0.998,0.004472135954999584
Cooperative Q-Learning,3584,5,30.619999999999997,3.4604190497683955,0.998,0.004472135954999584
Cooperative Q-Learning,3585,5,28.23,4.300813876465707,0.998,0.004472135954999584
Cooperative Q-Learning,3586,5,31.01,2.0007498594277098,0.998,0.004472135954999584
Cooperative Q-Learning,3587,5,31.599999999999994,6.90271685642689,0.998,0.004472135954999584
Cooperative Q-Learning,3588,5,29.889999999999997,5.328390939110979,0.998,0.004472135954999584
Cooperative Q-Learning,3589,5,30.53,2.6071056748816277,0.998,0.004472135954999584
Cooperative Q-Learning,3590,5,27.640000000000004,2.9144896637318856,0.998,0.004472135954999584
Cooperative Q-Learning,3591,5,30.929999999999996,6.129600313234133,0.998,0.004472135954999584
Cooperative Q-Learning,3592,5,31.079999999999995,2.113232121656301,0.998,0.004472135954999584
Cooperative Q-Learning,3593,5,29.679999999999996,4.1965164124544945,0.998,0.004472135954999584
Cooperative Q-Learning,3594,5,28.119999999999997,2.5987015988758695,0.998,0.004472135954999584
Cooperative Q-Learning,3595,5,31.04,3.9737262110014533,0.998,0.004472135954999584
Cooperative Q-Learning,3596,5,32.779999999999994,6.974023229098103,0.998,0.004472135954999584
Cooperative Q-Learning,3597,5,35.3,5.965211647544449,0.998,0.004472135954999584
Cooperative Q-Learning,3598,5,32.459999999999994,3.50399771689423,0.998,0.004472135954999584
Cooperative Q-Learning,3599,5,30.389999999999997,2.36732971932513,0.998,0.004472135954999584
Cooperative Q-Learning,3600,5,28.309999999999995,3.248922898438802,0.998,0.004472135954999584
Cooperative Q-Learning,3601,5,28.309999999999995,6.989223848182285,0.998,0.004472135954999584
Cooperative Q-Learning,3602,5,29.32,1.6698053778809028,0.998,0.004472135954999584
Cooperative Q-Learning,3603,5,30.45,2.6818836663807764,0.998,0.004472135954999584
Cooperative Q-Learning,3604,5,26.689999999999998,2.0076105199963474,0.998,0.004472135954999584
Cooperative Q-Learning,3605,5,28.999999999999993,5.110895224909227,0.998,0.004472135954999584
Cooperative Q-Learning,3606,5,30.160000000000004,1.777427916963158,0.998,0.004472135954999584
Cooperative Q-Learning,3607,5,28.659999999999997,4.8676739825095074,0.998,0.004472135954999584
Cooperative Q-Learning,3608,5,31.49,4.602363523234554,0.998,0.004472135954999584
Cooperative Q-Learning,3609,5,29.25,4.337626078859263,0.998,0.004472135954999584
Cooperative Q-Learning,3610,5,26.96,5.1358300205516905,0.998,0.004472135954999584
Cooperative Q-Learning,3611,5,32.669999999999995,8.203093928512578,0.998,0.004472135954999584
Cooperative Q-Learning,3612,5,30.869999999999994,8.13615388251721,0.998,0.004472135954999584
Cooperative Q-Learning,3613,5,27.439999999999998,6.6296116024998035,0.998,0.004472135954999584
Cooperative Q-Learning,3614,5,31.639999999999997,3.6697070727784236,0.998,0.004472135954999584
Cooperative Q-Learning,3615,5,31.959999999999997,3.415662454048989,0.998,0.004472135954999584
Cooperative Q-Learning,3616,5,30.309999999999995,6.246238868311071,0.998,0.004472135954999584
Cooperative Q-Learning,3617,5,29.979999999999997,4.236980056596916,0.998,0.004472135954999584
Cooperative Q-Learning,3618,5,31.309999999999995,3.495425582100122,0.998,0.004472135954999584
Cooperative Q-Learning,3619,5,27.57,2.7601177511113533,0.998,0.004472135954999584
Cooperative Q-Learning,3620,5,30.189999999999998,2.53707508757624,0.998,0.004472135954999584
Cooperative Q-Learning,3621,5,30.649999999999995,5.851495535331115,0.998,0.004472135954999584
Cooperative Q-Learning,3622,5,33.04,4.330329086801597,0.998,0.004472135954999584
Cooperative Q-Learning,3623,5,29.419999999999998,4.539493363801736,0.998,0.004472135954999584
Cooperative Q-Learning,3624,5,28.959999999999997,2.965088531561915,0.998,0.004472135954999584
Cooperative Q-Learning,3625,5,30.18,1.0756393447619872,0.998,0.004472135954999584
Cooperative Q-Learning,3626,5,27.459999999999997,3.52054683252474,0.998,0.004472135954999584
Cooperative Q-Learning,3627,5,29.130000000000003,2.3039639754128065,0.998,0.004472135954999584
Cooperative Q-Learning,3628,5,30.82,3.236433221928115,0.998,0.004472135954999584
Cooperative Q-Learning,3629,5,27.080000000000002,2.823030286766332,0.998,0.004472135954999584
Cooperative Q-Learning,3630,5,31.869999999999994,2.9477957866853632,0.998,0.004472135954999584
Cooperative Q-Learning,3631,5,30.839999999999993,7.221703400168126,0.998,0.004472135954999584
Cooperative Q-Learning,3632,5,31.48,2.7444489428663075,0.998,0.004472135954999584
Cooperative Q-Learning,3633,5,28.329999999999995,4.321255604566799,0.998,0.004472135954999584
Cooperative Q-Learning,3634,5,28.509999999999998,5.1377767565358425,0.998,0.004472135954999584
Cooperative Q-Learning,3635,5,31.96999999999999,6.589726853216297,0.998,0.004472135954999584
Cooperative Q-Learning,3636,5,31.319999999999993,5.934075328136637,0.998,0.004472135954999584
Cooperative Q-Learning,3637,5,29.169999999999998,3.761083620447699,0.998,0.004472135954999584
Cooperative Q-Learning,3638,5,27.869999999999997,2.5728388989596667,0.998,0.004472135954999584
Cooperative Q-Learning,3639,5,30.729999999999997,1.8922869761217471,0.998,0.004472135954999584
Cooperative Q-Learning,3640,5,31.78,4.717467540958811,0.998,0.004472135954999584
Cooperative Q-Learning,3641,5,27.76,3.1486902038784326,0.998,0.004472135954999584
Cooperative Q-Learning,3642,5,24.3,2.7103966499388985,0.998,0.004472135954999584
Cooperative Q-Learning,3643,5,28.35,3.101007900667137,0.998,0.004472135954999584
Cooperative Q-Learning,3644,5,32.26,3.8066389374354883,0.998,0.004472135954999584
Cooperative Q-Learning,3645,5,30.569999999999993,5.073780641691162,0.998,0.004472135954999584
Cooperative Q-Learning,3646,5,29.939999999999998,3.8284135095362912,0.998,0.004472135954999584
Cooperative Q-Learning,3647,5,24.15,4.141406765822454,0.998,0.004472135954999584
Cooperative Q-Learning,3648,5,28.75,4.703456176047566,0.998,0.004472135954999584
Cooperative Q-Learning,3649,5,27.82,6.417612484405706,0.998,0.004472135954999584
Cooperative Q-Learning,3650,5,29.880000000000003,6.462932770809241,0.998,0.004472135954999584
Cooperative Q-Learning,3651,5,31.429999999999996,2.718133550802829,0.998,0.004472135954999584
Cooperative Q-Learning,3652,5,31.6,5.13687648284441,0.998,0.004472135954999584
Cooperative Q-Learning,3653,5,30.32,2.6640195194480047,0.998,0.004472135954999584
Cooperative Q-Learning,3654,5,32.989999999999995,7.551274726825926,0.998,0.004472135954999584
Cooperative Q-Learning,3655,5,33.63999999999999,3.3675658865120965,0.998,0.004472135954999584
Cooperative Q-Learning,3656,5,33.37,6.916158615879189,0.998,0.004472135954999584
Cooperative Q-Learning,3657,5,25.45,2.143011899173684,0.998,0.004472135954999584
Cooperative Q-Learning,3658,5,31.3,3.2891868295978557,0.998,0.004472135954999584
Cooperative Q-Learning,3659,5,28.729999999999997,3.827139924277656,0.998,0.004472135954999584
Cooperative Q-Learning,3660,5,30.05,6.300892793882466,0.998,0.004472135954999584
Cooperative Q-Learning,3661,5,30.32,4.57637957341827,0.998,0.004472135954999584
Cooperative Q-Learning,3662,5,34.8,5.4300092080953135,0.998,0.004472135954999584
Cooperative Q-Learning,3663,5,34.739999999999995,2.1119895833076447,0.998,0.004472135954999584
Cooperative Q-Learning,3664,5,30.399999999999995,4.989363686884324,0.998,0.004472135954999584
Cooperative Q-Learning,3665,5,30.6,3.9495252879301828,0.998,0.004472135954999584
Cooperative Q-Learning,3666,5,31.859999999999996,3.1191745702990037,0.998,0.004472135954999584
Cooperative Q-Learning,3667,5,29.04,3.5798742994691874,1.0,0.0
Cooperative Q-Learning,3668,5,30.169999999999998,5.211837487873155,1.0,0.0
Cooperative Q-Learning,3669,5,27.889999999999997,3.5906823863995547,1.0,0.0
Cooperative Q-Learning,3670,5,31.810000000000002,2.3279282634995413,1.0,0.0
Cooperative Q-Learning,3671,5,35.46999999999999,1.7308235034225743,1.0,0.0
Cooperative Q-Learning,3672,5,30.929999999999996,4.734527431539495,1.0,0.0
Cooperative Q-Learning,3673,5,27.45,2.057000243072421,1.0,0.0
Cooperative Q-Learning,3674,5,28.23,2.2518325870277285,1.0,0.0
Cooperative Q-Learning,3675,5,28.99,2.4625697959651807,1.0,0.0
Cooperative Q-Learning,3676,5,32.949999999999996,4.338058321415232,1.0,0.0
Cooperative Q-Learning,3677,5,32.029999999999994,4.510210638096627,1.0,0.0
Cooperative Q-Learning,3678,5,33.89,4.068998648316316,1.0,0.0
Cooperative Q-Learning,3679,5,29.129999999999995,4.813081133743745,1.0,0.0
Cooperative Q-Learning,3680,5,31.74,4.776164779401981,1.0,0.0
Cooperative Q-Learning,3681,5,31.72,5.01592464058223,1.0,0.0
Cooperative Q-Learning,3682,5,28.18,4.593827380300658,1.0,0.0
Cooperative Q-Learning,3683,5,29.22,4.036489811705208,1.0,0.0
Cooperative Q-Learning,3684,5,26.869999999999997,6.030713059000567,1.0,0.0
Cooperative Q-Learning,3685,5,30.439999999999998,3.9984997186444757,1.0,0.0
Cooperative Q-Learning,3686,5,30.499999999999993,4.5445021729557915,1.0,0.0
Cooperative Q-Learning,3687,5,34.08999999999999,6.58591299669225,1.0,0.0
Cooperative Q-Learning,3688,5,28.3,4.83257177908409,1.0,0.0
Cooperative Q-Learning,3689,5,29.809999999999995,2.3463801908471655,1.0,0.0
Cooperative Q-Learning,3690,5,29.909999999999997,3.807788071833828,1.0,0.0
Cooperative Q-Learning,3691,5,29.329999999999995,6.878008432678746,1.0,0.0
Cooperative Q-Learning,3692,5,27.959999999999997,6.685562803534189,1.0,0.0
Cooperative Q-Learning,3693,5,32.669999999999995,3.1750196849783427,1.0,0.0
Cooperative Q-Learning,3694,5,29.2,4.567959062863852,1.0,0.0
Cooperative Q-Learning,3695,5,28.28,3.3088139869143443,1.0,0.0
Cooperative Q-Learning,3696,5,28.47,4.561743087899621,1.0,0.0
Cooperative Q-Learning,3697,5,30.389999999999997,5.0263555385587235,1.0,0.0
Cooperative Q-Learning,3698,5,29.839999999999996,6.644866439590787,1.0,0.0
Cooperative Q-Learning,3699,5,27.669999999999998,5.1014213705593825,1.0,0.0
Cooperative Q-Learning,3700,5,28.310000000000002,2.2625759655755204,1.0,0.0
Cooperative Q-Learning,3701,5,28.72,2.919888696508822,1.0,0.0
Cooperative Q-Learning,3702,5,32.43,5.718129064650428,1.0,0.0
Cooperative Q-Learning,3703,5,29.75,3.3998161715010387,1.0,0.0
Cooperative Q-Learning,3704,5,32.36,7.22680773232552,1.0,0.0
Cooperative Q-Learning,3705,5,30.28,4.712297741017644,1.0,0.0
Cooperative Q-Learning,3706,5,33.33,4.64012392075901,1.0,0.0
Cooperative Q-Learning,3707,5,33.089999999999996,7.150996434064271,1.0,0.0
Cooperative Q-Learning,3708,5,27.01,3.1399442670213116,1.0,0.0
Cooperative Q-Learning,3709,5,28.27,3.973600382524644,1.0,0.0
Cooperative Q-Learning,3710,5,32.129999999999995,5.351822119614958,1.0,0.0
Cooperative Q-Learning,3711,5,32.42999999999999,4.985052657695797,1.0,0.0
Cooperative Q-Learning,3712,5,32.510000000000005,8.29031060938008,1.0,0.0
Cooperative Q-Learning,3713,5,30.679999999999996,5.786255265713742,1.0,0.0
Cooperative Q-Learning,3714,5,29.74,5.013905663252949,1.0,0.0
Cooperative Q-Learning,3715,5,31.02,5.116712811952611,1.0,0.0
Cooperative Q-Learning,3716,5,30.01,1.7089470442351333,1.0,0.0
Cooperative Q-Learning,3717,5,27.23,2.316678657043312,1.0,0.0
Cooperative Q-Learning,3718,5,25.099999999999998,5.129692973268476,1.0,0.0
Cooperative Q-Learning,3719,5,27.82,3.018608951156146,1.0,0.0
Cooperative Q-Learning,3720,5,31.559999999999995,3.0584718406419875,1.0,0.0
Cooperative Q-Learning,3721,5,30.15,3.4976778010560077,1.0,0.0
Cooperative Q-Learning,3722,5,27.929999999999996,4.575969842557967,1.0,0.0
Cooperative Q-Learning,3723,5,29.85,5.874521257089805,1.0,0.0
Cooperative Q-Learning,3724,5,29.109999999999996,5.339756548757627,1.0,0.0
Cooperative Q-Learning,3725,5,32.239999999999995,3.795787138394351,1.0,0.0
Cooperative Q-Learning,3726,5,30.18,0.8920482049754945,1.0,0.0
Cooperative Q-Learning,3727,5,30.47,5.029115230336244,1.0,0.0
Cooperative Q-Learning,3728,5,28.32,4.071025669287779,1.0,0.0
Cooperative Q-Learning,3729,5,27.0,4.471157568236663,1.0,0.0
Cooperative Q-Learning,3730,5,29.929999999999996,1.5514509338035771,1.0,0.0
Cooperative Q-Learning,3731,5,32.89999999999999,5.452866218788058,1.0,0.0
Cooperative Q-Learning,3732,5,29.74,4.346464080146068,1.0,0.0
Cooperative Q-Learning,3733,5,29.04,3.6708990724344353,1.0,0.0
Cooperative Q-Learning,3734,5,29.220000000000006,2.7114571728131724,1.0,0.0
Cooperative Q-Learning,3735,5,27.8,2.608160271148995,1.0,0.0
Cooperative Q-Learning,3736,5,29.199999999999996,4.64260164132138,1.0,0.0
Cooperative Q-Learning,3737,5,32.83,3.447934164104643,1.0,0.0
Cooperative Q-Learning,3738,5,27.75,0.9949874371066212,1.0,0.0
Cooperative Q-Learning,3739,5,29.52,4.239781834009855,1.0,0.0
Cooperative Q-Learning,3740,5,28.99,6.619422180220866,1.0,0.0
Cooperative Q-Learning,3741,5,31.509999999999998,3.0350864897066754,1.0,0.0
Cooperative Q-Learning,3742,5,28.839999999999996,4.353935001811578,1.0,0.0
Cooperative Q-Learning,3743,5,29.75,2.8158036153112644,1.0,0.0
Cooperative Q-Learning,3744,5,28.97,2.042853396599959,1.0,0.0
Cooperative Q-Learning,3745,5,27.729999999999997,4.407323450803217,1.0,0.0
Cooperative Q-Learning,3746,5,33.059999999999995,3.791668498168052,1.0,0.0
Cooperative Q-Learning,3747,5,28.45,4.534037935439005,1.0,0.0
Cooperative Q-Learning,3748,5,28.339999999999996,2.876282322721466,1.0,0.0
Cooperative Q-Learning,3749,5,32.21,3.881752181682905,1.0,0.0
Cooperative Q-Learning,3750,5,32.839999999999996,2.339711520679414,1.0,0.0
Cooperative Q-Learning,3751,5,31.810000000000002,3.742058257162759,1.0,0.0
Cooperative Q-Learning,3752,5,36.669999999999995,3.215314914592344,1.0,0.0
Cooperative Q-Learning,3753,5,26.379999999999995,3.27234625307286,1.0,0.0
Cooperative Q-Learning,3754,5,29.689999999999998,4.35780908255513,1.0,0.0
Cooperative Q-Learning,3755,5,34.05,6.57647321898295,1.0,0.0
Cooperative Q-Learning,3756,5,31.21999999999999,4.250235287604671,1.0,0.0
Cooperative Q-Learning,3757,5,28.49,7.290010288058581,1.0,0.0
Cooperative Q-Learning,3758,5,29.0,6.324752959602452,1.0,0.0
Cooperative Q-Learning,3759,5,28.060000000000002,4.6791291924887055,1.0,0.0
Cooperative Q-Learning,3760,5,29.669999999999995,5.309143057029066,1.0,0.0
Cooperative Q-Learning,3761,5,31.68,3.871950412905619,1.0,0.0
Cooperative Q-Learning,3762,5,32.63999999999999,7.72733783395031,1.0,0.0
Cooperative Q-Learning,3763,5,29.070000000000004,5.61366635987569,1.0,0.0
Cooperative Q-Learning,3764,5,31.429999999999996,5.2978297443387135,1.0,0.0
Cooperative Q-Learning,3765,5,32.959999999999994,7.601924098542419,1.0,0.0
Cooperative Q-Learning,3766,5,29.46,3.946422430505885,1.0,0.0
Cooperative Q-Learning,3767,5,30.639999999999997,4.229864064009623,1.0,0.0
Cooperative Q-Learning,3768,5,30.649999999999995,3.3915335764223205,1.0,0.0
Cooperative Q-Learning,3769,5,32.419999999999995,7.937852354384017,1.0,0.0
Cooperative Q-Learning,3770,5,30.709999999999997,6.442573243665917,1.0,0.0
Cooperative Q-Learning,3771,5,29.359999999999996,5.843094214540784,1.0,0.0
Cooperative Q-Learning,3772,5,30.689999999999998,4.147348550580237,1.0,0.0
Cooperative Q-Learning,3773,5,29.57,4.281734461640518,1.0,0.0
Cooperative Q-Learning,3774,5,30.379999999999995,2.9907356954435107,1.0,0.0
Cooperative Q-Learning,3775,5,29.669999999999998,4.696488049596207,1.0,0.0
Cooperative Q-Learning,3776,5,30.589999999999993,6.802977289393212,1.0,0.0
Cooperative Q-Learning,3777,5,29.26,3.939289275998909,1.0,0.0
Cooperative Q-Learning,3778,5,28.330000000000002,3.586188784768587,1.0,0.0
Cooperative Q-Learning,3779,5,34.169999999999995,6.101495718264491,1.0,0.0
Cooperative Q-Learning,3780,5,28.879999999999995,3.9077807000905205,1.0,0.0
Cooperative Q-Learning,3781,5,28.4,4.450140447221862,1.0,0.0
Cooperative Q-Learning,3782,5,34.74999999999999,4.396589587396117,1.0,0.0
Cooperative Q-Learning,3783,5,32.07999999999999,4.4346082126835,1.0,0.0
Cooperative Q-Learning,3784,5,28.329999999999995,4.550219774911973,1.0,0.0
Cooperative Q-Learning,3785,5,27.810000000000002,3.7824264698735393,1.0,0.0
Cooperative Q-Learning,3786,5,29.3,3.6744047136917297,1.0,0.0
Cooperative Q-Learning,3787,5,28.74,2.743492299970969,1.0,0.0
Cooperative Q-Learning,3788,5,33.129999999999995,4.666047577982889,1.0,0.0
Cooperative Q-Learning,3789,5,29.459999999999997,3.0759957737292125,1.0,0.0
Cooperative Q-Learning,3790,5,27.660000000000004,5.204613338183731,1.0,0.0
Cooperative Q-Learning,3791,5,28.72,3.620876965598249,1.0,0.0
Cooperative Q-Learning,3792,5,27.479999999999997,4.367579421143935,1.0,0.0
Cooperative Q-Learning,3793,5,30.119999999999997,5.253403658581734,1.0,0.0
Cooperative Q-Learning,3794,5,29.689999999999998,4.171540482843236,1.0,0.0
Cooperative Q-Learning,3795,5,28.95,4.118100290182353,1.0,0.0
Cooperative Q-Learning,3796,5,32.949999999999996,5.3118970246042965,1.0,0.0
Cooperative Q-Learning,3797,5,30.85,5.74869550419919,1.0,0.0
Cooperative Q-Learning,3798,5,28.389999999999997,4.3789839004042905,1.0,0.0
Cooperative Q-Learning,3799,5,25.889999999999997,3.773989931094147,1.0,0.0
Cooperative Q-Learning,3800,5,31.29,2.65927621731929,1.0,0.0
Cooperative Q-Learning,3801,5,29.52,3.3894321058254,1.0,0.0
Cooperative Q-Learning,3802,5,25.919999999999998,1.3041280611964456,1.0,0.0
Cooperative Q-Learning,3803,5,32.17999999999999,7.498716556851574,1.0,0.0
Cooperative Q-Learning,3804,5,28.02,2.9892724867432197,1.0,0.0
Cooperative Q-Learning,3805,5,25.119999999999997,2.7316661582265134,1.0,0.0
Cooperative Q-Learning,3806,5,29.45,2.245829468147568,1.0,0.0
Cooperative Q-Learning,3807,5,30.809999999999995,3.0759957737292107,1.0,0.0
Cooperative Q-Learning,3808,5,33.36,5.627099608146275,1.0,0.0
Cooperative Q-Learning,3809,5,31.179999999999996,3.817656349123107,1.0,0.0
Cooperative Q-Learning,3810,5,29.27,5.377336701379222,1.0,0.0
Cooperative Q-Learning,3811,5,29.360000000000003,4.287248534899744,1.0,0.0
Cooperative Q-Learning,3812,5,32.4,2.555386467836125,1.0,0.0
Cooperative Q-Learning,3813,5,31.319999999999993,4.929452302233982,1.0,0.0
Cooperative Q-Learning,3814,5,29.6,2.239698640442502,1.0,0.0
Cooperative Q-Learning,3815,5,30.29,4.487259742872031,1.0,0.0
Cooperative Q-Learning,3816,5,29.919999999999998,2.2523876220579804,1.0,0.0
Cooperative Q-Learning,3817,5,28.979999999999997,3.8465244052260954,1.0,0.0
Cooperative Q-Learning,3818,5,29.32,3.269671237295883,1.0,0.0
Cooperative Q-Learning,3819,5,30.379999999999995,4.333532046725853,1.0,0.0
Cooperative Q-Learning,3820,5,31.24,2.472700952400024,1.0,0.0
Cooperative Q-Learning,3821,5,28.479999999999997,3.8178200586198376,1.0,0.0
Cooperative Q-Learning,3822,5,31.879999999999995,6.121539838962084,1.0,0.0
Cooperative Q-Learning,3823,5,30.27,3.531925820285584,1.0,0.0
Cooperative Q-Learning,3824,5,30.439999999999998,2.5150546713739637,1.0,0.0
Cooperative Q-Learning,3825,5,27.380000000000003,2.197043467935944,1.0,0.0
Cooperative Q-Learning,3826,5,28.119999999999997,4.503276584887939,1.0,0.0
Cooperative Q-Learning,3827,5,29.45,6.623915005493351,1.0,0.0
Cooperative Q-Learning,3828,5,30.43,3.6014927460707167,1.0,0.0
Cooperative Q-Learning,3829,5,30.49,4.593936220715302,1.0,0.0
Cooperative Q-Learning,3830,5,32.49999999999999,4.49374565368357,1.0,0.0
Cooperative Q-Learning,3831,5,34.35,3.407711842277744,1.0,0.0
Cooperative Q-Learning,3832,5,29.589999999999996,4.767389222624894,1.0,0.0
Cooperative Q-Learning,3833,5,29.57,3.6918152716516017,1.0,0.0
Cooperative Q-Learning,3834,5,32.779999999999994,4.5870197296283735,1.0,0.0
Cooperative Q-Learning,3835,5,31.079999999999995,3.549049168439341,1.0,0.0
Cooperative Q-Learning,3836,5,28.43,5.467471993526808,1.0,0.0
Cooperative Q-Learning,3837,5,30.179999999999996,3.650958778184157,1.0,0.0
Cooperative Q-Learning,3838,5,30.160000000000004,3.8074597831099934,1.0,0.0
Cooperative Q-Learning,3839,5,30.380000000000003,3.1306149555638405,1.0,0.0
Cooperative Q-Learning,3840,5,31.639999999999997,5.3363611197144385,1.0,0.0
Cooperative Q-Learning,3841,5,31.779999999999994,4.281004555008087,1.0,0.0
Cooperative Q-Learning,3842,5,29.0,2.6258332011001753,1.0,0.0
Cooperative Q-Learning,3843,5,30.32,5.680404915144689,1.0,0.0
Cooperative Q-Learning,3844,5,29.29,3.547252457889061,1.0,0.0
Cooperative Q-Learning,3845,5,34.35999999999999,4.63443631955386,1.0,0.0
Cooperative Q-Learning,3846,5,29.75,2.590849281606323,1.0,0.0
Cooperative Q-Learning,3847,5,33.739999999999995,4.597200234925599,1.0,0.0
Cooperative Q-Learning,3848,5,28.299999999999994,5.817323267620594,1.0,0.0
Cooperative Q-Learning,3849,5,34.76,6.3750882346834965,1.0,0.0
Cooperative Q-Learning,3850,5,31.419999999999998,3.998218353216841,1.0,0.0
Cooperative Q-Learning,3851,5,32.17999999999999,2.256546033210931,1.0,0.0
Cooperative Q-Learning,3852,5,34.19,6.5059972333224945,1.0,0.0
Cooperative Q-Learning,3853,5,31.1,2.9238245501397633,1.0,0.0
Cooperative Q-Learning,3854,5,33.98,4.083595229696493,1.0,0.0
Cooperative Q-Learning,3855,5,30.909999999999997,1.9897864206994664,1.0,0.0
Cooperative Q-Learning,3856,5,31.529999999999994,2.600384586940936,1.0,0.0
Cooperative Q-Learning,3857,5,31.29,2.4704250646396826,1.0,0.0
Cooperative Q-Learning,3858,5,30.35,2.9338541204361186,1.0,0.0
Cooperative Q-Learning,3859,5,29.28,2.721121092491107,1.0,0.0
Cooperative Q-Learning,3860,5,33.98,5.197787991059271,1.0,0.0
Cooperative Q-Learning,3861,5,32.42,5.2953517352485635,1.0,0.0
Cooperative Q-Learning,3862,5,31.79,3.251614983358267,1.0,0.0
Cooperative Q-Learning,3863,5,30.179999999999996,5.1904479575466285,1.0,0.0
Cooperative Q-Learning,3864,5,27.610000000000003,3.899262750828673,1.0,0.0
Cooperative Q-Learning,3865,5,27.24,3.7751490036818405,1.0,0.0
Cooperative Q-Learning,3866,5,31.25,3.9496835316262984,1.0,0.0
Cooperative Q-Learning,3867,5,28.660000000000004,4.816949241999545,1.0,0.0
Cooperative Q-Learning,3868,5,29.660000000000004,4.877422475037405,1.0,0.0
Cooperative Q-Learning,3869,5,29.95,2.7163854660191347,1.0,0.0
Cooperative Q-Learning,3870,5,33.309999999999995,3.9696347439027675,1.0,0.0
Cooperative Q-Learning,3871,5,30.449999999999996,5.728983330399901,1.0,0.0
Cooperative Q-Learning,3872,5,28.840000000000003,2.9159903977894,1.0,0.0
Cooperative Q-Learning,3873,5,32.58,5.103503698440902,1.0,0.0
Cooperative Q-Learning,3874,5,30.669999999999998,4.117887808088025,1.0,0.0
Cooperative Q-Learning,3875,5,28.389999999999997,4.102499238269276,1.0,0.0
Cooperative Q-Learning,3876,5,29.089999999999996,3.469762239693089,1.0,0.0
Cooperative Q-Learning,3877,5,30.879999999999995,7.132110487085849,1.0,0.0
Cooperative Q-Learning,3878,5,33.17999999999999,6.103851243272559,1.0,0.0
Cooperative Q-Learning,3879,5,27.95,2.053959590644371,1.0,0.0
Cooperative Q-Learning,3880,5,28.490000000000002,1.4275853739794324,1.0,0.0
Cooperative Q-Learning,3881,5,31.619999999999997,3.6415312713197983,1.0,0.0
Cooperative Q-Learning,3882,5,29.65,5.517132407329008,1.0,0.0
Cooperative Q-Learning,3883,5,32.379999999999995,4.163171867698948,1.0,0.0
Cooperative Q-Learning,3884,5,27.919999999999998,4.59722742530756,1.0,0.0
Cooperative Q-Learning,3885,5,27.32,2.620257620922031,1.0,0.0
Cooperative Q-Learning,3886,5,28.4,2.3184046238739255,1.0,0.0
Cooperative Q-Learning,3887,5,30.52,5.209438549402417,1.0,0.0
Cooperative Q-Learning,3888,5,31.389999999999997,4.416927665244239,1.0,0.0
Cooperative Q-Learning,3889,5,30.609999999999996,2.73207796374847,1.0,0.0
Cooperative Q-Learning,3890,5,28.23,2.591958718807071,1.0,0.0
Cooperative Q-Learning,3891,5,30.52,2.527004155121237,1.0,0.0
Cooperative Q-Learning,3892,5,28.7,2.244159085270027,1.0,0.0
Cooperative Q-Learning,3893,5,34.19,4.772368384775005,1.0,0.0
Cooperative Q-Learning,3894,5,28.99,5.1901830410882415,1.0,0.0
Cooperative Q-Learning,3895,5,28.0,1.9798989873223327,1.0,0.0
Cooperative Q-Learning,3896,5,29.759999999999998,5.591556134029235,1.0,0.0
Cooperative Q-Learning,3897,5,29.540000000000003,2.063189278762371,1.0,0.0
Cooperative Q-Learning,3898,5,28.229999999999997,3.4395857308693425,1.0,0.0
Cooperative Q-Learning,3899,5,27.55,7.465838867803131,1.0,0.0
Cooperative Q-Learning,3900,5,27.48,4.83639845339484,1.0,0.0
Cooperative Q-Learning,3901,5,28.35,1.9814767220434368,1.0,0.0
Cooperative Q-Learning,3902,5,34.11,2.4472944244614316,1.0,0.0
Cooperative Q-Learning,3903,5,29.359999999999996,4.686336522274085,1.0,0.0
Cooperative Q-Learning,3904,5,33.0,5.792236183029829,1.0,0.0
Cooperative Q-Learning,3905,5,30.609999999999996,3.760884204545518,1.0,0.0
Cooperative Q-Learning,3906,5,30.27,3.559072912992932,1.0,0.0
Cooperative Q-Learning,3907,5,31.189999999999998,3.4888035198331244,1.0,0.0
Cooperative Q-Learning,3908,5,29.209999999999997,3.692797042893093,1.0,0.0
Cooperative Q-Learning,3909,5,31.949999999999996,6.523323539423745,1.0,0.0
Cooperative Q-Learning,3910,5,29.609999999999996,8.714026049995487,1.0,0.0
Cooperative Q-Learning,3911,5,31.799999999999994,5.0364918346007395,1.0,0.0
Cooperative Q-Learning,3912,5,29.679999999999996,6.074701638763831,1.0,0.0
Cooperative Q-Learning,3913,5,32.04,4.574576483129335,1.0,0.0
Cooperative Q-Learning,3914,5,31.54,3.8812691223361404,1.0,0.0
Cooperative Q-Learning,3915,5,29.05,3.8162481575495057,1.0,0.0
Cooperative Q-Learning,3916,5,28.6,5.65387035578284,1.0,0.0
Cooperative Q-Learning,3917,5,32.60999999999999,6.778956409359772,1.0,0.0
Cooperative Q-Learning,3918,5,35.68999999999999,3.9726250766967635,1.0,0.0
Cooperative Q-Learning,3919,5,26.169999999999998,4.828638524470434,1.0,0.0
Cooperative Q-Learning,3920,5,33.129999999999995,4.608904425131849,1.0,0.0
Cooperative Q-Learning,3921,5,32.519999999999996,4.648601940368735,1.0,0.0
Cooperative Q-Learning,3922,5,26.8,4.493467480687937,1.0,0.0
Cooperative Q-Learning,3923,5,31.029999999999994,3.7869182721574446,1.0,0.0
Cooperative Q-Learning,3924,5,28.939999999999998,3.4103518880021744,1.0,0.0
Cooperative Q-Learning,3925,5,32.0,5.809797758958566,1.0,0.0
Cooperative Q-Learning,3926,5,27.810000000000002,1.5590060936378654,1.0,0.0
Cooperative Q-Learning,3927,5,30.269999999999992,7.5613821487873425,1.0,0.0
Cooperative Q-Learning,3928,5,31.829999999999995,3.281882081976739,1.0,0.0
Cooperative Q-Learning,3929,5,30.409999999999997,6.9517443854042815,1.0,0.0
Cooperative Q-Learning,3930,5,30.009999999999998,4.699654242601254,1.0,0.0
Cooperative Q-Learning,3931,5,30.929999999999996,5.142300069035251,1.0,0.0
Cooperative Q-Learning,3932,5,30.74,4.218174960809471,1.0,0.0
Cooperative Q-Learning,3933,5,28.389999999999997,1.5915401345866205,1.0,0.0
Cooperative Q-Learning,3934,5,31.22,3.0349217452843775,1.0,0.0
Cooperative Q-Learning,3935,5,30.839999999999996,2.460538558933795,1.0,0.0
Cooperative Q-Learning,3936,5,28.939999999999998,7.459255995070816,1.0,0.0
Cooperative Q-Learning,3937,5,27.24,3.0260122273381502,1.0,0.0
Cooperative Q-Learning,3938,5,27.95,2.5389466319716134,1.0,0.0
Cooperative Q-Learning,3939,5,30.0,4.098932787933949,1.0,0.0
Cooperative Q-Learning,3940,5,29.07,3.2574146189885,1.0,0.0
Cooperative Q-Learning,3941,5,30.139999999999997,6.5576672681678465,1.0,0.0
Cooperative Q-Learning,3942,5,36.449999999999996,1.499166435056493,1.0,0.0
Cooperative Q-Learning,3943,5,30.28,3.9636788467281248,1.0,0.0
Cooperative Q-Learning,3944,5,33.519999999999996,6.341391803066573,1.0,0.0
Cooperative Q-Learning,3945,5,31.07,7.788501139500459,1.0,0.0
Cooperative Q-Learning,3946,5,30.259999999999998,7.467797533409698,1.0,0.0
Cooperative Q-Learning,3947,5,29.809999999999995,3.8909189146010217,1.0,0.0
Cooperative Q-Learning,3948,5,31.039999999999992,6.224588339802071,1.0,0.0
Cooperative Q-Learning,3949,5,30.25,2.7117798583218358,1.0,0.0
Cooperative Q-Learning,3950,5,28.419999999999998,2.8932248443562076,1.0,0.0
Cooperative Q-Learning,3951,5,28.619999999999997,3.057286378473564,1.0,0.0
Cooperative Q-Learning,3952,5,27.47,6.269728861761086,1.0,0.0
Cooperative Q-Learning,3953,5,31.839999999999996,1.7519275099158635,1.0,0.0
Cooperative Q-Learning,3954,5,28.47,3.4355858306844826,1.0,0.0
Cooperative Q-Learning,3955,5,28.27,3.1415760375964155,1.0,0.0
Cooperative Q-Learning,3956,5,26.99,4.306013237322895,1.0,0.0
Cooperative Q-Learning,3957,5,30.349999999999994,6.294044804416311,1.0,0.0
Cooperative Q-Learning,3958,5,33.5,4.693080012102925,1.0,0.0
Cooperative Q-Learning,3959,5,30.830000000000002,3.5161413509698365,1.0,0.0
Cooperative Q-Learning,3960,5,30.52,2.760117751111352,1.0,0.0
Cooperative Q-Learning,3961,5,28.729999999999997,3.1300159744001297,1.0,0.0
Cooperative Q-Learning,3962,5,29.910000000000004,4.868701058804084,1.0,0.0
Cooperative Q-Learning,3963,5,33.3,5.308719242905951,1.0,0.0
Cooperative Q-Learning,3964,5,30.410000000000004,4.04264764727276,1.0,0.0
Cooperative Q-Learning,3965,5,28.089999999999996,3.5105911183161123,1.0,0.0
Cooperative Q-Learning,3966,5,34.01,6.421000700825375,1.0,0.0
Cooperative Q-Learning,3967,5,30.03,4.634733002018565,1.0,0.0
Cooperative Q-Learning,3968,5,28.949999999999996,4.837483850102237,1.0,0.0
Cooperative Q-Learning,3969,5,31.029999999999994,3.4848959812310016,1.0,0.0
Cooperative Q-Learning,3970,5,32.60999999999999,8.123838378500638,1.0,0.0
Cooperative Q-Learning,3971,5,33.209999999999994,6.152174412352091,1.0,0.0
Cooperative Q-Learning,3972,5,26.28,3.963521161795404,1.0,0.0
Cooperative Q-Learning,3973,5,29.97,4.544997249724137,1.0,0.0
Cooperative Q-Learning,3974,5,30.54,5.380799197145342,1.0,0.0
Cooperative Q-Learning,3975,5,28.51,5.588313699140376,1.0,0.0
Cooperative Q-Learning,3976,5,29.46999999999999,5.6031910551042206,1.0,0.0
Cooperative Q-Learning,3977,5,28.72,6.01005407629582,1.0,0.0
Cooperative Q-Learning,3978,5,30.9,6.111055555303026,1.0,0.0
Cooperative Q-Learning,3979,5,30.699999999999996,7.733934962229758,1.0,0.0
Cooperative Q-Learning,3980,5,29.929999999999996,4.727393573630187,1.0,0.0
Cooperative Q-Learning,3981,5,31.619999999999997,5.411861971632311,1.0,0.0
Cooperative Q-Learning,3982,5,31.759999999999998,5.462531464440271,1.0,0.0
Cooperative Q-Learning,3983,5,25.96,4.067616009408951,1.0,0.0
Cooperative Q-Learning,3984,5,29.079999999999995,5.751043383595706,1.0,0.0
Cooperative Q-Learning,3985,5,31.9,7.256979399171529,1.0,0.0
Cooperative Q-Learning,3986,5,30.28,3.748766463785115,1.0,0.0
Cooperative Q-Learning,3987,5,30.27,4.157312834031134,1.0,0.0
Cooperative Q-Learning,3988,5,29.209999999999997,3.421512823299071,1.0,0.0
Cooperative Q-Learning,3989,5,31.659999999999997,4.117705671851736,1.0,0.0
Cooperative Q-Learning,3990,5,33.17,4.8862818174968154,1.0,0.0
Cooperative Q-Learning,3991,5,30.639999999999997,4.175883140127364,1.0,0.0
Cooperative Q-Learning,3992,5,30.759999999999998,6.216148325128668,1.0,0.0
Cooperative Q-Learning,3993,5,29.0,3.994214566094316,1.0,0.0
Cooperative Q-Learning,3994,5,31.25,2.075752875464706,1.0,0.0
Cooperative Q-Learning,3995,5,26.630000000000003,2.6834213236090982,1.0,0.0
Cooperative Q-Learning,3996,5,29.369999999999997,3.9968112289674114,1.0,0.0
Cooperative Q-Learning,3997,5,30.21,3.340733452402331,1.0,0.0
Cooperative Q-Learning,3998,5,28.679999999999996,3.4286659213169184,1.0,0.0
Cooperative Q-Learning,3999,5,28.8,2.8646553021262435,1.0,0.0
Cooperative Q-Learning,4000,5,29.889999999999997,5.436037159549222,1.0,0.0
Cooperative Q-Learning,4001,5,31.559999999999995,5.155264299723146,1.0,0.0
Cooperative Q-Learning,4002,5,28.979999999999997,3.7435945293260575,1.0,0.0
Cooperative Q-Learning,4003,5,30.669999999999998,4.072407150568318,1.0,0.0
Cooperative Q-Learning,4004,5,28.43,7.440060483625117,1.0,0.0
Cooperative Q-Learning,4005,5,29.99,2.792937521678562,1.0,0.0
Cooperative Q-Learning,4006,5,27.22,4.086196275266277,1.0,0.0
Cooperative Q-Learning,4007,5,26.7,2.7997767768163215,1.0,0.0
Cooperative Q-Learning,4008,5,28.98,2.8960317677815617,1.0,0.0
Cooperative Q-Learning,4009,5,31.929999999999996,4.46144595394811,1.0,0.0
Cooperative Q-Learning,4010,5,29.79,2.8103380579567308,1.0,0.0
Cooperative Q-Learning,4011,5,30.309999999999995,3.558862177719161,1.0,0.0
Cooperative Q-Learning,4012,5,33.54,3.6464708966341663,1.0,0.0
Cooperative Q-Learning,4013,5,28.360000000000003,4.585766021069978,1.0,0.0
Cooperative Q-Learning,4014,5,28.129999999999995,2.995538348944975,1.0,0.0
Cooperative Q-Learning,4015,5,30.189999999999998,4.858677803682806,1.0,0.0
Cooperative Q-Learning,4016,5,28.05,3.2165587201231056,1.0,0.0
Cooperative Q-Learning,4017,5,31.99,5.947520491767974,1.0,0.0
Cooperative Q-Learning,4018,5,31.729999999999997,2.7938772342391807,1.0,0.0
Cooperative Q-Learning,4019,5,30.569999999999993,4.215091932568017,1.0,0.0
Cooperative Q-Learning,4020,5,30.619999999999997,4.388564685634699,1.0,0.0
Cooperative Q-Learning,4021,5,31.229999999999997,5.8816026727415,1.0,0.0
Cooperative Q-Learning,4022,5,27.560000000000002,3.2290478472763446,1.0,0.0
Cooperative Q-Learning,4023,5,30.54,4.620660125999311,1.0,0.0
Cooperative Q-Learning,4024,5,28.689999999999998,5.884662267284332,1.0,0.0
Cooperative Q-Learning,4025,5,27.29,5.152475133370367,1.0,0.0
Cooperative Q-Learning,4026,5,29.52,4.934647910438997,1.0,0.0
Cooperative Q-Learning,4027,5,30.65,3.3824916851339037,1.0,0.0
Cooperative Q-Learning,4028,5,30.229999999999997,3.6167319502556414,1.0,0.0
Cooperative Q-Learning,4029,5,27.330000000000002,3.3625882888037277,1.0,0.0
Cooperative Q-Learning,4030,5,29.639999999999997,4.319635401280988,1.0,0.0
Cooperative Q-Learning,4031,5,32.309999999999995,2.5033477585025983,1.0,0.0
Cooperative Q-Learning,4032,5,29.809999999999995,4.717838488121437,1.0,0.0
Cooperative Q-Learning,4033,5,33.26,5.861569755620072,1.0,0.0
Cooperative Q-Learning,4034,5,28.660000000000004,4.2031833174392945,1.0,0.0
Cooperative Q-Learning,4035,5,34.3,2.714083639094414,1.0,0.0
Cooperative Q-Learning,4036,5,31.8,3.405326709729919,1.0,0.0
Cooperative Q-Learning,4037,5,30.209999999999997,7.307564573782424,1.0,0.0
Cooperative Q-Learning,4038,5,32.29,5.955186814869871,1.0,0.0
Cooperative Q-Learning,4039,5,33.86,6.929953102294409,1.0,0.0
Cooperative Q-Learning,4040,5,28.04,4.053917858072608,1.0,0.0
Cooperative Q-Learning,4041,5,29.919999999999998,5.651393633432378,1.0,0.0
Cooperative Q-Learning,4042,5,31.849999999999994,2.391652148620276,1.0,0.0
Cooperative Q-Learning,4043,5,30.229999999999997,3.8543157628819134,1.0,0.0
Cooperative Q-Learning,4044,5,29.879999999999995,3.4888393485513185,1.0,0.0
Cooperative Q-Learning,4045,5,27.669999999999998,5.617673005791632,1.0,0.0
Cooperative Q-Learning,4046,5,27.85,2.991655060330316,1.0,0.0
Cooperative Q-Learning,4047,5,32.04,8.676937823909993,1.0,0.0
Cooperative Q-Learning,4048,5,29.96,3.065819629397658,1.0,0.0
Cooperative Q-Learning,4049,5,33.54,5.444423752795141,1.0,0.0
Cooperative Q-Learning,4050,5,29.389999999999997,4.5462072104117714,1.0,0.0
Cooperative Q-Learning,4051,5,29.04,2.338375504490242,1.0,0.0
Cooperative Q-Learning,4052,5,32.35,3.090509666705476,1.0,0.0
Cooperative Q-Learning,4053,5,32.11,6.06757777041217,1.0,0.0
Cooperative Q-Learning,4054,5,32.72,6.782293122536063,1.0,0.0
Cooperative Q-Learning,4055,5,34.29,5.3631147666258245,1.0,0.0
Cooperative Q-Learning,4056,5,31.129999999999995,6.168427676482879,1.0,0.0
Cooperative Q-Learning,4057,5,31.939999999999998,2.228059693993853,1.0,0.0
Cooperative Q-Learning,4058,5,31.909999999999997,6.6099735249091545,1.0,0.0
Cooperative Q-Learning,4059,5,30.46,3.042901575798994,1.0,0.0
Cooperative Q-Learning,4060,5,32.839999999999996,5.880199826536505,1.0,0.0
Cooperative Q-Learning,4061,5,31.309999999999995,7.179258318238729,1.0,0.0
Cooperative Q-Learning,4062,5,30.48,2.919460566611578,1.0,0.0
Cooperative Q-Learning,4063,5,31.369999999999997,3.959576997609718,1.0,0.0
Cooperative Q-Learning,4064,5,28.439999999999998,2.614956978613607,1.0,0.0
Cooperative Q-Learning,4065,5,29.99,4.463378765016474,1.0,0.0
Cooperative Q-Learning,4066,5,26.380000000000003,3.1483328921827813,1.0,0.0
Cooperative Q-Learning,4067,5,33.209999999999994,6.012632534921784,1.0,0.0
Cooperative Q-Learning,4068,5,26.23,3.6521568969582896,1.0,0.0
Cooperative Q-Learning,4069,5,29.15,1.815557765536528,1.0,0.0
Cooperative Q-Learning,4070,5,29.959999999999997,2.6845390665810744,1.0,0.0
Cooperative Q-Learning,4071,5,30.729999999999997,3.6236376750442285,1.0,0.0
Cooperative Q-Learning,4072,5,31.29,4.111781852190117,1.0,0.0
Cooperative Q-Learning,4073,5,30.43,3.8577195336104957,1.0,0.0
Cooperative Q-Learning,4074,5,27.4,2.1277922830953213,1.0,0.0
Cooperative Q-Learning,4075,5,33.14,5.410106283614025,1.0,0.0
Cooperative Q-Learning,4076,5,31.45,6.659579566308971,1.0,0.0
Cooperative Q-Learning,4077,5,30.189999999999998,3.049262205845865,1.0,0.0
Cooperative Q-Learning,4078,5,29.52,5.467814920057186,1.0,0.0
Cooperative Q-Learning,4079,5,30.689999999999998,3.554469018010984,1.0,0.0
Cooperative Q-Learning,4080,5,29.85,3.425273711690788,1.0,0.0
Cooperative Q-Learning,4081,5,28.76,5.379986059461491,1.0,0.0
Cooperative Q-Learning,4082,5,30.21,3.731688625810036,1.0,0.0
Cooperative Q-Learning,4083,5,31.15,2.4917363423925885,1.0,0.0
Cooperative Q-Learning,4084,5,29.72,6.010054076295816,1.0,0.0
Cooperative Q-Learning,4085,5,29.810000000000002,3.5866767348061908,1.0,0.0
Cooperative Q-Learning,4086,5,31.359999999999996,5.1136337373730605,1.0,0.0
Cooperative Q-Learning,4087,5,29.089999999999996,1.8965099525180453,1.0,0.0
Cooperative Q-Learning,4088,5,29.679999999999996,6.891171888728358,1.0,0.0
Cooperative Q-Learning,4089,5,28.689999999999998,5.219961685683141,1.0,0.0
Cooperative Q-Learning,4090,5,30.419999999999995,3.3302777661930802,1.0,0.0
Cooperative Q-Learning,4091,5,29.619999999999997,3.3642606914447026,1.0,0.0
Cooperative Q-Learning,4092,5,29.07,1.9907912999608972,1.0,0.0
Cooperative Q-Learning,4093,5,31.009999999999998,4.911517077237945,1.0,0.0
Cooperative Q-Learning,4094,5,30.590000000000003,4.283748358622386,1.0,0.0
Cooperative Q-Learning,4095,5,27.660000000000004,4.0376973635972275,1.0,0.0
Cooperative Q-Learning,4096,5,32.23,3.1125953800646804,1.0,0.0
Cooperative Q-Learning,4097,5,31.909999999999997,2.506341955919019,1.0,0.0
Cooperative Q-Learning,4098,5,27.039999999999992,6.982961406165708,1.0,0.0
Cooperative Q-Learning,4099,5,27.65,2.718685344058778,1.0,0.0
Cooperative Q-Learning,4100,5,29.49,6.911349361738265,1.0,0.0
Cooperative Q-Learning,4101,5,32.059999999999995,10.435120986361387,1.0,0.0
Cooperative Q-Learning,4102,5,29.35,3.9885774406422136,1.0,0.0
Cooperative Q-Learning,4103,5,33.58,4.510626342316549,1.0,0.0
Cooperative Q-Learning,4104,5,30.579999999999995,6.6409336692968,1.0,0.0
Cooperative Q-Learning,4105,5,28.72,3.6461623661049427,1.0,0.0
Cooperative Q-Learning,4106,5,29.53,3.2524221743187027,1.0,0.0
Cooperative Q-Learning,4107,5,29.82,2.9271573240944857,1.0,0.0
Cooperative Q-Learning,4108,5,29.279999999999994,4.854327965846558,1.0,0.0
Cooperative Q-Learning,4109,5,32.05,5.519171133422116,1.0,0.0
Cooperative Q-Learning,4110,5,28.629999999999995,5.914663980311974,1.0,0.0
Cooperative Q-Learning,4111,5,29.79,5.399930555109013,1.0,0.0
Cooperative Q-Learning,4112,5,29.4,5.2715035805735715,1.0,0.0
Cooperative Q-Learning,4113,5,35.18999999999999,7.061727833894474,1.0,0.0
Cooperative Q-Learning,4114,5,31.089999999999996,6.402187126287389,1.0,0.0
Cooperative Q-Learning,4115,5,27.15,1.064776971952343,1.0,0.0
Cooperative Q-Learning,4116,5,27.72,2.640691197395107,1.0,0.0
Cooperative Q-Learning,4117,5,32.4,3.4785054261852144,1.0,0.0
Cooperative Q-Learning,4118,5,31.75,8.68562030024338,1.0,0.0
Cooperative Q-Learning,4119,5,29.579999999999995,5.544997745716405,1.0,0.0
Cooperative Q-Learning,4120,5,30.3,3.80443819768438,1.0,0.0
Cooperative Q-Learning,4121,5,28.169999999999998,4.192344212967252,1.0,0.0
Cooperative Q-Learning,4122,5,30.77,4.409450079091496,1.0,0.0
Cooperative Q-Learning,4123,5,28.52,3.541821565240121,1.0,0.0
Cooperative Q-Learning,4124,5,30.270000000000003,2.9955383489449794,1.0,0.0
Cooperative Q-Learning,4125,5,33.58,4.236980056596916,1.0,0.0
Cooperative Q-Learning,4126,5,36.879999999999995,4.221166900277687,1.0,0.0
Cooperative Q-Learning,4127,5,28.839999999999996,2.913202704928031,1.0,0.0
Cooperative Q-Learning,4128,5,28.959999999999997,2.0830866520622666,1.0,0.0
Cooperative Q-Learning,4129,5,27.3,3.919980867300246,1.0,0.0
Cooperative Q-Learning,4130,5,27.72,2.489879515157308,1.0,0.0
Cooperative Q-Learning,4131,5,34.67,2.795219132733601,1.0,0.0
Cooperative Q-Learning,4132,5,31.579999999999995,5.312085277929936,1.0,0.0
Cooperative Q-Learning,4133,5,29.859999999999996,2.8132276836402683,1.0,0.0
Cooperative Q-Learning,4134,5,29.399999999999995,5.314132102234566,1.0,0.0
Cooperative Q-Learning,4135,5,31.089999999999996,3.2646592471496905,1.0,0.0
Cooperative Q-Learning,4136,5,31.29,4.494913792276776,1.0,0.0
Cooperative Q-Learning,4137,5,28.54,3.3463412856431702,1.0,0.0
Cooperative Q-Learning,4138,5,27.76,1.6894525740606043,1.0,0.0
Cooperative Q-Learning,4139,5,31.069999999999993,4.376156989871362,1.0,0.0
Cooperative Q-Learning,4140,5,29.630000000000003,2.0185390756683392,1.0,0.0
Cooperative Q-Learning,4141,5,29.05,4.429588016960491,1.0,0.0
Cooperative Q-Learning,4142,5,29.639999999999997,5.370684313939888,1.0,0.0
Cooperative Q-Learning,4143,5,30.659999999999997,5.8148946680056,1.0,0.0
Cooperative Q-Learning,4144,5,33.36,2.782849259302414,1.0,0.0
Cooperative Q-Learning,4145,5,28.29,7.948694861422215,1.0,0.0
Cooperative Q-Learning,4146,5,31.119999999999997,2.797454199803811,1.0,0.0
Cooperative Q-Learning,4147,5,32.06999999999999,3.672635293627721,1.0,0.0
Cooperative Q-Learning,4148,5,27.9,6.657608429458734,1.0,0.0
Cooperative Q-Learning,4149,5,32.51,3.0633723247427773,1.0,0.0
Cooperative Q-Learning,4150,5,29.0,2.4811791551598983,1.0,0.0
Cooperative Q-Learning,4151,5,30.729999999999997,4.03385671535318,1.0,0.0
Cooperative Q-Learning,4152,5,28.329999999999995,5.0123098467672556,1.0,0.0
Cooperative Q-Learning,4153,5,29.82,6.340800422659584,1.0,0.0
Cooperative Q-Learning,4154,5,30.9,3.2157813980430947,1.0,0.0
Cooperative Q-Learning,4155,5,31.609999999999996,7.150209787132119,1.0,0.0
Cooperative Q-Learning,4156,5,29.860000000000003,3.0670425494277045,1.0,0.0
Cooperative Q-Learning,4157,5,32.91,6.474893821523249,1.0,0.0
Cooperative Q-Learning,4158,5,30.119999999999997,2.8837042150678305,1.0,0.0
Cooperative Q-Learning,4159,5,28.18,3.8323621958264837,1.0,0.0
Cooperative Q-Learning,4160,5,30.47,5.0831338758683104,1.0,0.0
Cooperative Q-Learning,4161,5,34.66,2.568413907453389,1.0,0.0
Cooperative Q-Learning,4162,5,28.119999999999997,5.051806607541501,1.0,0.0
Cooperative Q-Learning,4163,5,28.95,2.7935192857755595,1.0,0.0
Cooperative Q-Learning,4164,5,30.96,4.795362342930929,1.0,0.0
Cooperative Q-Learning,4165,5,30.419999999999998,2.836062411160938,1.0,0.0
Cooperative Q-Learning,4166,5,27.2,3.224903099319419,1.0,0.0
Cooperative Q-Learning,4167,5,30.309999999999995,3.8043396273203554,1.0,0.0
Cooperative Q-Learning,4168,5,30.119999999999997,4.71707006519937,1.0,0.0
Cooperative Q-Learning,4169,5,29.779999999999994,3.535816737332407,1.0,0.0
Cooperative Q-Learning,4170,5,28.160000000000004,3.983308926006113,1.0,0.0
Cooperative Q-Learning,4171,5,30.389999999999997,3.521966780081829,1.0,0.0
Cooperative Q-Learning,4172,5,28.060000000000002,7.761072735131401,1.0,0.0
Cooperative Q-Learning,4173,5,26.139999999999997,2.3778666909648245,1.0,0.0
Cooperative Q-Learning,4174,5,25.85,5.007244751357773,1.0,0.0
Cooperative Q-Learning,4175,5,32.81999999999999,4.769643592554888,1.0,0.0
Cooperative Q-Learning,4176,5,32.92999999999999,4.485755231842234,1.0,0.0
Cooperative Q-Learning,4177,5,29.24,4.60059778724461,1.0,0.0
Cooperative Q-Learning,4178,5,33.15,6.7232804493044895,1.0,0.0
Cooperative Q-Learning,4179,5,27.889999999999997,5.652366760924133,1.0,0.0
Cooperative Q-Learning,4180,5,33.199999999999996,5.75771221927598,1.0,0.0
Cooperative Q-Learning,4181,5,28.85,2.096723634626175,1.0,0.0
Cooperative Q-Learning,4182,5,30.160000000000004,6.281759307709901,1.0,0.0
Cooperative Q-Learning,4183,5,32.589999999999996,4.582221077163342,1.0,0.0
Cooperative Q-Learning,4184,5,30.15,4.692147695885113,1.0,0.0
Cooperative Q-Learning,4185,5,27.830000000000002,2.289814402959333,1.0,0.0
Cooperative Q-Learning,4186,5,30.860000000000003,4.730406959237229,1.0,0.0
Cooperative Q-Learning,4187,5,31.329999999999995,5.279867422577953,1.0,0.0
Cooperative Q-Learning,4188,5,33.23,4.848143974759823,1.0,0.0
Cooperative Q-Learning,4189,5,28.76,3.0146309890266836,1.0,0.0
Cooperative Q-Learning,4190,5,29.360000000000003,3.4657971665981835,1.0,0.0
Cooperative Q-Learning,4191,5,32.739999999999995,4.843862095477117,1.0,0.0
Cooperative Q-Learning,4192,5,35.66,5.875840365428587,1.0,0.0
Cooperative Q-Learning,4193,5,28.830000000000002,4.430519156938607,1.0,0.0
Cooperative Q-Learning,4194,5,28.639999999999997,2.748044759460803,1.0,0.0
Cooperative Q-Learning,4195,5,28.29,4.477638886734837,1.0,0.0
Cooperative Q-Learning,4196,5,31.68,5.526029315883149,1.0,0.0
Cooperative Q-Learning,4197,5,32.059999999999995,1.7921355975483526,1.0,0.0
Cooperative Q-Learning,4198,5,29.089999999999996,5.62598880197961,1.0,0.0
Cooperative Q-Learning,4199,5,30.139999999999997,3.8026964117583675,1.0,0.0
Cooperative Q-Learning,4200,5,31.72,7.847419958177333,1.0,0.0
Cooperative Q-Learning,4201,5,31.399999999999995,2.85043856274784,1.0,0.0
Cooperative Q-Learning,4202,5,31.189999999999998,3.1532522893038544,1.0,0.0
Cooperative Q-Learning,4203,5,30.03,3.7412564734324203,1.0,0.0
Cooperative Q-Learning,4204,5,32.21999999999999,4.268284198597837,1.0,0.0
Cooperative Q-Learning,4205,5,29.78,3.164766974044058,1.0,0.0
Cooperative Q-Learning,4206,5,28.68,2.692025259911206,1.0,0.0
Cooperative Q-Learning,4207,5,29.879999999999995,9.150519110957575,1.0,0.0
Cooperative Q-Learning,4208,5,32.989999999999995,5.420608821894448,1.0,0.0
Cooperative Q-Learning,4209,5,29.909999999999997,5.659770313360778,1.0,0.0
Cooperative Q-Learning,4210,5,31.499999999999993,5.460883628131983,1.0,0.0
Cooperative Q-Learning,4211,5,32.089999999999996,4.913934268994649,1.0,0.0
Cooperative Q-Learning,4212,5,31.15,5.556190241523413,1.0,0.0
Cooperative Q-Learning,4213,5,30.529999999999994,3.6434187242204263,1.0,0.0
Cooperative Q-Learning,4214,5,30.57,4.079001103211421,1.0,0.0
Cooperative Q-Learning,4215,5,32.709999999999994,4.617277336266469,1.0,0.0
Cooperative Q-Learning,4216,5,29.259999999999998,4.004591115207642,1.0,0.0
Cooperative Q-Learning,4217,5,29.54,5.966615456018593,1.0,0.0
Cooperative Q-Learning,4218,5,30.29,4.4740082699968236,1.0,0.0
Cooperative Q-Learning,4219,5,32.12,4.552828790982588,1.0,0.0
Cooperative Q-Learning,4220,5,26.74,3.878691789766236,1.0,0.0
Cooperative Q-Learning,4221,5,30.57,5.55412009232785,1.0,0.0
Cooperative Q-Learning,4222,5,30.5,4.283835897884044,1.0,0.0
Cooperative Q-Learning,4223,5,29.54,3.2953376154803906,1.0,0.0
Cooperative Q-Learning,4224,5,27.5,2.3703902632267106,1.0,0.0
Cooperative Q-Learning,4225,5,29.0,2.83085676077049,1.0,0.0
Cooperative Q-Learning,4226,5,29.169999999999998,6.098831855363778,1.0,0.0
Cooperative Q-Learning,4227,5,29.449999999999996,4.249558800628598,1.0,0.0
Cooperative Q-Learning,4228,5,32.459999999999994,8.691907155509655,1.0,0.0
Cooperative Q-Learning,4229,5,28.95,2.4703238654071225,1.0,0.0
Cooperative Q-Learning,4230,5,28.98,2.914318102060928,1.0,0.0
Cooperative Q-Learning,4231,5,28.979999999999997,4.840661111873045,1.0,0.0
Cooperative Q-Learning,4232,5,27.76,2.1486623745949487,1.0,0.0
Cooperative Q-Learning,4233,5,29.669999999999998,4.494107252836761,1.0,0.0
Cooperative Q-Learning,4234,5,30.54,3.123779761762981,1.0,0.0
Cooperative Q-Learning,4235,5,31.99,4.0494444063352635,1.0,0.0
Cooperative Q-Learning,4236,5,32.68999999999999,1.1343500341605346,1.0,0.0
Cooperative Q-Learning,4237,5,29.329999999999995,3.2815011808621968,1.0,0.0
Cooperative Q-Learning,4238,5,27.15,4.535553990418369,1.0,0.0
Cooperative Q-Learning,4239,5,30.849999999999994,4.110656881813411,1.0,0.0
Cooperative Q-Learning,4240,5,30.839999999999996,1.4892951352905133,1.0,0.0
Cooperative Q-Learning,4241,5,30.229999999999997,5.861164560051178,1.0,0.0
Cooperative Q-Learning,4242,5,29.369999999999997,3.0599428099230868,1.0,0.0
Cooperative Q-Learning,4243,5,30.29,4.932468955807018,1.0,0.0
Cooperative Q-Learning,4244,5,30.179999999999996,5.251261753140854,1.0,0.0
Cooperative Q-Learning,4245,5,30.82,2.0413231003444796,1.0,0.0
Cooperative Q-Learning,4246,5,29.759999999999998,3.0729464687820363,1.0,0.0
Cooperative Q-Learning,4247,5,31.569999999999993,4.912051506244601,1.0,0.0
Cooperative Q-Learning,4248,5,31.35,4.246763473517214,1.0,0.0
Cooperative Q-Learning,4249,5,33.11,3.639608495429143,1.0,0.0
Cooperative Q-Learning,4250,5,29.439999999999998,1.893211557116637,1.0,0.0
Cooperative Q-Learning,4251,5,27.73,2.8411265371327614,1.0,0.0
Cooperative Q-Learning,4252,5,31.659999999999997,5.943946500432183,1.0,0.0
Cooperative Q-Learning,4253,5,29.54,4.532852302910386,1.0,0.0
Cooperative Q-Learning,4254,5,28.689999999999998,4.3982098631147615,1.0,0.0
Cooperative Q-Learning,4255,5,33.25999999999999,4.3385481442528615,1.0,0.0
Cooperative Q-Learning,4256,5,29.619999999999997,3.4443068968952204,1.0,0.0
Cooperative Q-Learning,4257,5,32.49999999999999,0.45138675213169815,1.0,0.0
Cooperative Q-Learning,4258,5,30.439999999999998,2.5718184228284833,1.0,0.0
Cooperative Q-Learning,4259,5,29.679999999999996,4.050401214694659,1.0,0.0
Cooperative Q-Learning,4260,5,30.54,6.1076181936987455,1.0,0.0
Cooperative Q-Learning,4261,5,32.42999999999999,8.08560449193503,1.0,0.0
Cooperative Q-Learning,4262,5,30.139999999999997,1.6199537030421565,1.0,0.0
Cooperative Q-Learning,4263,5,31.629999999999995,4.592466657472864,1.0,0.0
Cooperative Q-Learning,4264,5,30.9,3.919024113220024,1.0,0.0
Cooperative Q-Learning,4265,5,30.609999999999996,6.457689215191451,1.0,0.0
Cooperative Q-Learning,4266,5,29.72,5.031972774171181,1.0,0.0
Cooperative Q-Learning,4267,5,29.47,5.018665161175827,1.0,0.0
Cooperative Q-Learning,4268,5,33.89999999999999,8.005076514312645,1.0,0.0
Cooperative Q-Learning,4269,5,31.459999999999997,4.5970642806034325,1.0,0.0
Cooperative Q-Learning,4270,5,29.32,4.900076530014605,1.0,0.0
Cooperative Q-Learning,4271,5,33.31999999999999,5.582853213187679,1.0,0.0
Cooperative Q-Learning,4272,5,30.32,3.773360571161995,1.0,0.0
Cooperative Q-Learning,4273,5,26.04,3.065004078300713,1.0,0.0
Cooperative Q-Learning,4274,5,27.669999999999998,5.209078613344206,1.0,0.0
Cooperative Q-Learning,4275,5,28.27,4.899183605459178,1.0,0.0
Cooperative Q-Learning,4276,5,31.659999999999997,4.722340521394021,1.0,0.0
Cooperative Q-Learning,4277,5,29.0,5.575952833372964,1.0,0.0
Cooperative Q-Learning,4278,5,31.699999999999996,5.125304868980961,1.0,0.0
Cooperative Q-Learning,4279,5,31.47,0.7839005038906386,1.0,0.0
Cooperative Q-Learning,4280,5,30.43,6.082721430412541,1.0,0.0
Cooperative Q-Learning,4281,5,28.429999999999996,4.988060745420004,1.0,0.0
Cooperative Q-Learning,4282,5,29.4,3.2453813335261517,1.0,0.0
Cooperative Q-Learning,4283,5,30.439999999999998,3.2631273343220886,1.0,0.0
Cooperative Q-Learning,4284,5,28.25,3.1448370387032756,1.0,0.0
Cooperative Q-Learning,4285,5,30.129999999999995,2.695505518451035,1.0,0.0
Cooperative Q-Learning,4286,5,28.32,3.515963594805836,1.0,0.0
Cooperative Q-Learning,4287,5,29.71,2.988812473207377,1.0,0.0
Cooperative Q-Learning,4288,5,29.810000000000002,5.263245196644367,1.0,0.0
Cooperative Q-Learning,4289,5,30.22,5.136706143045363,1.0,0.0
Cooperative Q-Learning,4290,5,28.639999999999997,2.5373214222876843,1.0,0.0
Cooperative Q-Learning,4291,5,31.639999999999997,4.833528731682473,1.0,0.0
Cooperative Q-Learning,4292,5,32.89,3.488982659744812,1.0,0.0
Cooperative Q-Learning,4293,5,31.32,3.0623928552685693,1.0,0.0
Cooperative Q-Learning,4294,5,28.649999999999995,3.696112822953322,1.0,0.0
Cooperative Q-Learning,4295,5,31.199999999999996,6.570102738922727,1.0,0.0
Cooperative Q-Learning,4296,5,29.909999999999997,4.1202851843046,1.0,0.0
Cooperative Q-Learning,4297,5,29.28,3.9845953370449045,1.0,0.0
Cooperative Q-Learning,4298,5,31.149999999999995,4.622904930884903,1.0,0.0
Cooperative Q-Learning,4299,5,28.660000000000004,4.560345381656963,1.0,0.0
Cooperative Q-Learning,4300,5,28.669999999999998,4.532190419653611,1.0,0.0
Cooperative Q-Learning,4301,5,31.82,1.8666815475597336,1.0,0.0
Cooperative Q-Learning,4302,5,29.310000000000002,4.30412592752582,1.0,0.0
Cooperative Q-Learning,4303,5,31.060000000000002,4.037697363597225,1.0,0.0
Cooperative Q-Learning,4304,5,30.689999999999998,3.9354796403996284,1.0,0.0
Cooperative Q-Learning,4305,5,29.24,3.2348493009721455,1.0,0.0
Cooperative Q-Learning,4306,5,29.02,6.129090470861068,1.0,0.0
Cooperative Q-Learning,4307,5,33.74999999999999,6.844432043639553,1.0,0.0
Cooperative Q-Learning,4308,5,35.33,5.1876777077995095,1.0,0.0
Cooperative Q-Learning,4309,5,32.309999999999995,3.973254333666538,1.0,0.0
Cooperative Q-Learning,4310,5,32.959999999999994,3.693135524185373,1.0,0.0
Cooperative Q-Learning,4311,5,30.080000000000002,3.969351332396768,1.0,0.0
Cooperative Q-Learning,4312,5,30.410000000000004,3.9432537326426247,1.0,0.0
Cooperative Q-Learning,4313,5,29.24,6.604581743002351,1.0,0.0
Cooperative Q-Learning,4314,5,32.86,6.178834841618597,1.0,0.0
Cooperative Q-Learning,4315,5,32.72,3.8491232767995314,1.0,0.0
Cooperative Q-Learning,4316,5,30.1,4.06862999054964,1.0,0.0
Cooperative Q-Learning,4317,5,28.369999999999997,4.026568017555395,1.0,0.0
Cooperative Q-Learning,4318,5,30.32,3.9486706623875327,1.0,0.0
Cooperative Q-Learning,4319,5,30.05,5.989887311126979,1.0,0.0
Cooperative Q-Learning,4320,5,29.559999999999995,3.941985540308333,1.0,0.0
Cooperative Q-Learning,4321,5,34.519999999999996,7.090892045434056,1.0,0.0
Cooperative Q-Learning,4322,5,28.419999999999998,3.5974991313411038,1.0,0.0
Cooperative Q-Learning,4323,5,32.339999999999996,3.9361148357231643,1.0,0.0
Cooperative Q-Learning,4324,5,30.209999999999997,1.9181371171008574,1.0,0.0
Cooperative Q-Learning,4325,5,30.54,7.086995131930028,1.0,0.0
Cooperative Q-Learning,4326,5,33.82,4.040513581217119,1.0,0.0
Cooperative Q-Learning,4327,5,30.689999999999998,1.9093192504136103,1.0,0.0
Cooperative Q-Learning,4328,5,28.26,4.147649937012523,1.0,0.0
Cooperative Q-Learning,4329,5,34.309999999999995,7.094134901452039,1.0,0.0
Cooperative Q-Learning,4330,5,30.419999999999998,3.401029255975313,1.0,0.0
Cooperative Q-Learning,4331,5,28.95,3.1628705316531676,1.0,0.0
Cooperative Q-Learning,4332,5,29.860000000000003,4.139806758775097,1.0,0.0
Cooperative Q-Learning,4333,5,27.839999999999996,1.660346349410267,1.0,0.0
Cooperative Q-Learning,4334,5,30.22,4.434326329894987,1.0,0.0
Cooperative Q-Learning,4335,5,29.51,2.036970790168578,1.0,0.0
Cooperative Q-Learning,4336,5,29.179999999999996,2.8850043327523767,1.0,0.0
Cooperative Q-Learning,4337,5,34.05,4.761696126381858,1.0,0.0
Cooperative Q-Learning,4338,5,28.939999999999998,4.42102929191834,1.0,0.0
Cooperative Q-Learning,4339,5,32.51,3.8076239310099917,1.0,0.0
Cooperative Q-Learning,4340,5,30.57,4.890884378105863,1.0,0.0
Cooperative Q-Learning,4341,5,28.369999999999997,5.0608299714572516,1.0,0.0
Cooperative Q-Learning,4342,5,30.579999999999995,7.211327894361751,1.0,0.0
Cooperative Q-Learning,4343,5,35.06999999999999,6.8303184405999655,1.0,0.0
Cooperative Q-Learning,4344,5,33.599999999999994,5.933696149955773,1.0,0.0
Cooperative Q-Learning,4345,5,33.61999999999999,6.783859520951179,1.0,0.0
Cooperative Q-Learning,4346,5,28.830000000000002,3.6591665717756006,1.0,0.0
Cooperative Q-Learning,4347,5,30.2,1.6112883044321997,1.0,0.0
Cooperative Q-Learning,4348,5,31.519999999999992,3.3297147024932894,1.0,0.0
Cooperative Q-Learning,4349,5,30.629999999999995,8.320426671751868,1.0,0.0
Cooperative Q-Learning,4350,5,30.509999999999998,2.9655100741693627,1.0,0.0
Cooperative Q-Learning,4351,5,30.659999999999997,3.7355387830940794,1.0,0.0
Cooperative Q-Learning,4352,5,30.139999999999993,5.8270275441257295,1.0,0.0
Cooperative Q-Learning,4353,5,31.829999999999995,3.218229326819329,1.0,0.0
Cooperative Q-Learning,4354,5,31.76,2.4073844728252265,1.0,0.0
Cooperative Q-Learning,4355,5,32.01,2.927328133298346,1.0,0.0
Cooperative Q-Learning,4356,5,34.699999999999996,3.8611850512504544,1.0,0.0
Cooperative Q-Learning,4357,5,30.959999999999997,3.707998112189375,1.0,0.0
Cooperative Q-Learning,4358,5,34.29,7.241667625623254,1.0,0.0
Cooperative Q-Learning,4359,5,30.580000000000002,3.265845985345907,1.0,0.0
Cooperative Q-Learning,4360,5,30.85,4.104570623098108,1.0,0.0
Cooperative Q-Learning,4361,5,32.769999999999996,6.777038438728228,1.0,0.0
Cooperative Q-Learning,4362,5,30.869999999999997,4.196665342864495,1.0,0.0
Cooperative Q-Learning,4363,5,33.25,4.324783231562013,1.0,0.0
Cooperative Q-Learning,4364,5,32.17999999999999,6.110503252597115,1.0,0.0
Cooperative Q-Learning,4365,5,30.659999999999997,3.232143251775819,1.0,0.0
Cooperative Q-Learning,4366,5,31.539999999999992,3.3487684303337506,1.0,0.0
Cooperative Q-Learning,4367,5,29.090000000000003,5.02560941578233,1.0,0.0
Cooperative Q-Learning,4368,5,30.04,7.2237801738424965,1.0,0.0
Cooperative Q-Learning,4369,5,29.55,4.3397868611257815,1.0,0.0
Cooperative Q-Learning,4370,5,29.679999999999996,4.733999366286387,1.0,0.0
Cooperative Q-Learning,4371,5,31.029999999999994,5.131106118567415,1.0,0.0
Cooperative Q-Learning,4372,5,31.360000000000003,4.776426488495347,1.0,0.0
Cooperative Q-Learning,4373,5,28.02,3.7489331815864624,1.0,0.0
Cooperative Q-Learning,4374,5,27.909999999999997,4.62903877711129,1.0,0.0
Cooperative Q-Learning,4375,5,31.779999999999994,3.402682765113425,1.0,0.0
Cooperative Q-Learning,4376,5,30.410000000000004,3.345780925284857,1.0,0.0
Cooperative Q-Learning,4377,5,29.54,2.976029233727382,1.0,0.0
Cooperative Q-Learning,4378,5,33.53999999999999,5.1917482604610115,1.0,0.0
Cooperative Q-Learning,4379,5,32.76,5.24075376258034,1.0,0.0
Cooperative Q-Learning,4380,5,31.799999999999994,4.608687448721161,1.0,0.0
Cooperative Q-Learning,4381,5,30.589999999999996,3.0480321520613907,1.0,0.0
Cooperative Q-Learning,4382,5,30.689999999999998,3.0662273236014284,1.0,0.0
Cooperative Q-Learning,4383,5,28.419999999999995,3.5560863319103992,1.0,0.0
Cooperative Q-Learning,4384,5,29.8,4.743416490252568,1.0,0.0
Cooperative Q-Learning,4385,5,31.22,2.597017520156535,1.0,0.0
Cooperative Q-Learning,4386,5,29.73,2.063249863685929,1.0,0.0
Cooperative Q-Learning,4387,5,32.02999999999999,7.7619746199018085,1.0,0.0
Cooperative Q-Learning,4388,5,31.649999999999995,5.0381048024033745,1.0,0.0
Cooperative Q-Learning,4389,5,31.339999999999996,5.540915989256644,1.0,0.0
Cooperative Q-Learning,4390,5,32.709999999999994,1.283744522870494,1.0,0.0
Cooperative Q-Learning,4391,5,29.02,4.294123892018019,1.0,0.0
Cooperative Q-Learning,4392,5,27.22,2.2289571552634215,1.0,0.0
Cooperative Q-Learning,4393,5,31.829999999999995,3.67841677899609,1.0,0.0
Cooperative Q-Learning,4394,5,30.910000000000004,4.1128457301484085,1.0,0.0
Cooperative Q-Learning,4395,5,32.489999999999995,0.9678584607265686,1.0,0.0
Cooperative Q-Learning,4396,5,30.04,4.347039222275319,1.0,0.0
Cooperative Q-Learning,4397,5,31.329999999999995,2.9233114784435763,1.0,0.0
Cooperative Q-Learning,4398,5,29.610000000000003,2.9950792977816114,1.0,0.0
Cooperative Q-Learning,4399,5,30.99,7.2454640983169565,1.0,0.0
Cooperative Q-Learning,4400,5,29.6,4.934951874132109,1.0,0.0
Cooperative Q-Learning,4401,5,31.389999999999997,6.049731398996153,1.0,0.0
Cooperative Q-Learning,4402,5,25.75,4.506800417147403,1.0,0.0
Cooperative Q-Learning,4403,5,29.889999999999997,4.524295525272414,1.0,0.0
Cooperative Q-Learning,4404,5,31.939999999999998,5.20497358302614,1.0,0.0
Cooperative Q-Learning,4405,5,31.629999999999995,6.29251539529304,1.0,0.0
Cooperative Q-Learning,4406,5,28.95,3.442201330544162,1.0,0.0
Cooperative Q-Learning,4407,5,31.139999999999997,2.67310680669516,1.0,0.0
Cooperative Q-Learning,4408,5,26.97,4.633384292285716,1.0,0.0
Cooperative Q-Learning,4409,5,28.619999999999997,3.904900766984994,1.0,0.0
Cooperative Q-Learning,4410,5,33.1,4.78474137232097,1.0,0.0
Cooperative Q-Learning,4411,5,30.65,2.6332014734919165,1.0,0.0
Cooperative Q-Learning,4412,5,33.089999999999996,2.5459281215305314,1.0,0.0
Cooperative Q-Learning,4413,5,29.279999999999994,2.7905196648653057,1.0,0.0
Cooperative Q-Learning,4414,5,30.589999999999996,2.5618352796384056,1.0,0.0
Cooperative Q-Learning,4415,5,29.059999999999995,2.316624699859689,1.0,0.0
Cooperative Q-Learning,4416,5,27.169999999999998,4.8045030960547805,1.0,0.0
Cooperative Q-Learning,4417,5,29.110000000000003,1.8266773114045076,1.0,0.0
Cooperative Q-Learning,4418,5,32.5,4.9744346412431595,1.0,0.0
Cooperative Q-Learning,4419,5,26.02,1.8873261509341737,1.0,0.0
Cooperative Q-Learning,4420,5,30.35,3.573688570650776,1.0,0.0
Cooperative Q-Learning,4421,5,32.31999999999999,5.8104001583367735,1.0,0.0
Cooperative Q-Learning,4422,5,32.57,7.240390182856169,1.0,0.0
Cooperative Q-Learning,4423,5,31.95,4.089162505941771,1.0,0.0
Cooperative Q-Learning,4424,5,29.009999999999998,3.991146451835612,1.0,0.0
Cooperative Q-Learning,4425,5,28.409999999999997,3.900865288625073,1.0,0.0
Cooperative Q-Learning,4426,5,30.369999999999997,4.380296793597435,1.0,0.0
Cooperative Q-Learning,4427,5,28.189999999999998,6.621971005674972,1.0,0.0
Cooperative Q-Learning,4428,5,32.339999999999996,4.6876699969174425,1.0,0.0
Cooperative Q-Learning,4429,5,30.379999999999995,3.988984833262713,1.0,0.0
Cooperative Q-Learning,4430,5,29.639999999999997,5.915805101590145,1.0,0.0
Cooperative Q-Learning,4431,5,32.61,7.627040710524626,1.0,0.0
Cooperative Q-Learning,4432,5,33.92,4.100853569685219,1.0,0.0
Cooperative Q-Learning,4433,5,33.129999999999995,6.223604261197842,1.0,0.0
Cooperative Q-Learning,4434,5,35.06999999999999,4.7374307382799765,1.0,0.0
Cooperative Q-Learning,4435,5,29.369999999999997,3.454272716506324,1.0,0.0
Cooperative Q-Learning,4436,5,28.53,2.1626372788796546,1.0,0.0
Cooperative Q-Learning,4437,5,29.54,6.6430791053546825,1.0,0.0
Cooperative Q-Learning,4438,5,29.51,1.2033287165193018,1.0,0.0
Cooperative Q-Learning,4439,5,30.22,1.3507405376311175,1.0,0.0
Cooperative Q-Learning,4440,5,29.339999999999996,4.66012338892437,1.0,0.0
Cooperative Q-Learning,4441,5,28.29,4.162090820729405,1.0,0.0
Cooperative Q-Learning,4442,5,29.029999999999994,6.777776183970664,1.0,0.0
Cooperative Q-Learning,4443,5,29.580000000000002,2.9796392399080784,1.0,0.0
Cooperative Q-Learning,4444,5,29.949999999999996,5.81786043146447,1.0,0.0
Cooperative Q-Learning,4445,5,27.119999999999997,3.3332791662265557,1.0,0.0
Cooperative Q-Learning,4446,5,35.27999999999999,7.03185608498922,1.0,0.0
Cooperative Q-Learning,4447,5,29.97,3.2133705046259413,1.0,0.0
Cooperative Q-Learning,4448,5,32.959999999999994,5.200288453537934,1.0,0.0
Cooperative Q-Learning,4449,5,35.0,5.275533148412584,1.0,0.0
Cooperative Q-Learning,4450,5,29.8,4.49179808094709,1.0,0.0
Cooperative Q-Learning,4451,5,32.92999999999999,5.397175187077027,1.0,0.0
Cooperative Q-Learning,4452,5,28.53,2.8656587375331335,1.0,0.0
Cooperative Q-Learning,4453,5,32.26,0.7619055059520164,1.0,0.0
Cooperative Q-Learning,4454,5,30.179999999999996,2.6801585773979792,1.0,0.0
Cooperative Q-Learning,4455,5,30.4,5.360970061472081,1.0,0.0
Cooperative Q-Learning,4456,5,28.310000000000002,4.7170435656245555,1.0,0.0
Cooperative Q-Learning,4457,5,27.8,4.360475891459555,1.0,0.0
Cooperative Q-Learning,4458,5,27.73,3.0766459009772302,1.0,0.0
Cooperative Q-Learning,4459,5,34.25,5.637597005817281,1.0,0.0
Cooperative Q-Learning,4460,5,28.810000000000002,1.8355516881853267,1.0,0.0
Cooperative Q-Learning,4461,5,31.380000000000003,3.7610836204477,1.0,0.0
Cooperative Q-Learning,4462,5,30.04,4.975615539810124,1.0,0.0
Cooperative Q-Learning,4463,5,31.9,5.132129187773819,1.0,0.0
Cooperative Q-Learning,4464,5,33.42999999999999,5.425933099476987,1.0,0.0
Cooperative Q-Learning,4465,5,31.919999999999998,2.98089751584988,1.0,0.0
Cooperative Q-Learning,4466,5,34.05,4.238661345283433,1.0,0.0
Cooperative Q-Learning,4467,5,27.35,1.753211339228675,1.0,0.0
Cooperative Q-Learning,4468,5,30.72,3.4272073179193536,1.0,0.0
Cooperative Q-Learning,4469,5,28.859999999999996,3.4129166412322465,1.0,0.0
Cooperative Q-Learning,4470,5,31.189999999999998,2.4832941831365827,1.0,0.0
Cooperative Q-Learning,4471,5,28.459999999999997,3.4973918853911674,1.0,0.0
Cooperative Q-Learning,4472,5,29.979999999999997,4.161369966729702,1.0,0.0
Cooperative Q-Learning,4473,5,29.089999999999996,3.337176950657546,1.0,0.0
Cooperative Q-Learning,4474,5,28.55,4.257493394005443,1.0,0.0
Cooperative Q-Learning,4475,5,32.669999999999995,5.946490561667446,1.0,0.0
Cooperative Q-Learning,4476,5,30.899999999999995,4.384062043356588,1.0,0.0
Cooperative Q-Learning,4477,5,28.110000000000003,3.1223789007742164,1.0,0.0
Cooperative Q-Learning,4478,5,33.4,3.6616253221759303,1.0,0.0
Cooperative Q-Learning,4479,5,30.629999999999995,5.711020048992994,1.0,0.0
Cooperative Q-Learning,4480,5,28.25,2.243323427417454,1.0,0.0
Cooperative Q-Learning,4481,5,29.25,4.253674881793387,1.0,0.0
Cooperative Q-Learning,4482,5,33.099999999999994,4.024145872107516,1.0,0.0
Cooperative Q-Learning,4483,5,31.159999999999997,5.224988038263818,1.0,0.0
Cooperative Q-Learning,4484,5,30.779999999999994,3.514541221838202,1.0,0.0
Cooperative Q-Learning,4485,5,31.49,8.41192605768738,1.0,0.0
Cooperative Q-Learning,4486,5,28.93,3.452100809651999,1.0,0.0
Cooperative Q-Learning,4487,5,28.57,2.4519380090043037,1.0,0.0
Cooperative Q-Learning,4488,5,33.989999999999995,7.62097434715535,1.0,0.0
Cooperative Q-Learning,4489,5,28.529999999999994,4.9084875470963505,1.0,0.0
Cooperative Q-Learning,4490,5,30.169999999999998,3.3818633916821645,1.0,0.0
Cooperative Q-Learning,4491,5,26.2,1.8557343559895643,1.0,0.0
Cooperative Q-Learning,4492,5,31.129999999999995,5.440772004045012,1.0,0.0
Cooperative Q-Learning,4493,5,29.139999999999997,3.154837555247497,1.0,0.0
Cooperative Q-Learning,4494,5,28.409999999999997,3.928167511703133,1.0,0.0
Cooperative Q-Learning,4495,5,31.55999999999999,4.81630044743888,1.0,0.0
Cooperative Q-Learning,4496,5,31.909999999999997,4.702579079611523,1.0,0.0
Cooperative Q-Learning,4497,5,31.279999999999994,4.70566148378737,1.0,0.0
Cooperative Q-Learning,4498,5,29.709999999999997,4.367836993295415,1.0,0.0
Cooperative Q-Learning,4499,5,31.849999999999994,6.143492492060189,1.0,0.0
Cooperative Q-Learning,4500,5,32.44,4.885488716597348,1.0,0.0
Cooperative Q-Learning,4501,5,30.809999999999995,4.622282985711711,1.0,0.0
Cooperative Q-Learning,4502,5,30.229999999999997,2.32878723802755,1.0,0.0
Cooperative Q-Learning,4503,5,33.24999999999999,4.687483333303704,1.0,0.0
Cooperative Q-Learning,4504,5,27.310000000000002,3.4719230982266867,1.0,0.0
Cooperative Q-Learning,4505,5,36.35999999999999,6.066650641004466,1.0,0.0
Cooperative Q-Learning,4506,5,30.869999999999997,4.130466075396331,1.0,0.0
Cooperative Q-Learning,4507,5,32.199999999999996,3.5318196443193375,1.0,0.0
Cooperative Q-Learning,4508,5,29.330000000000002,3.4850753219980763,1.0,0.0
Cooperative Q-Learning,4509,5,25.080000000000002,3.650445178330994,1.0,0.0
Cooperative Q-Learning,4510,5,28.78,3.5260813944093803,1.0,0.0
Cooperative Q-Learning,4511,5,28.2,3.6259481518631773,1.0,0.0
Cooperative Q-Learning,4512,5,29.539999999999992,5.730008725996839,1.0,0.0
Cooperative Q-Learning,4513,5,29.05,6.422324345593267,1.0,0.0
Cooperative Q-Learning,4514,5,32.58,4.036799474831517,1.0,0.0
Cooperative Q-Learning,4515,5,32.26,7.1856106212346305,1.0,0.0
Cooperative Q-Learning,4516,5,31.309999999999995,4.726970488589915,1.0,0.0
Cooperative Q-Learning,4517,5,29.839999999999996,7.5949325210958865,1.0,0.0
Cooperative Q-Learning,4518,5,29.639999999999997,3.232916639816126,1.0,0.0
Cooperative Q-Learning,4519,5,29.95,3.863450530290247,1.0,0.0
Cooperative Q-Learning,4520,5,30.549999999999994,6.416482681344971,1.0,0.0
Cooperative Q-Learning,4521,5,29.959999999999997,4.262540322389923,1.0,0.0
Cooperative Q-Learning,4522,5,28.979999999999997,4.542108541195374,1.0,0.0
Cooperative Q-Learning,4523,5,29.059999999999995,4.665484969432438,1.0,0.0
Cooperative Q-Learning,4524,5,31.869999999999997,3.13779381094424,1.0,0.0
Cooperative Q-Learning,4525,5,30.1,4.2870444364386975,1.0,0.0
Cooperative Q-Learning,4526,5,33.230000000000004,2.9963728072454536,1.0,0.0
Cooperative Q-Learning,4527,5,28.949999999999996,3.405510240771555,1.0,0.0
Cooperative Q-Learning,4528,5,28.869999999999997,7.771309413477239,1.0,0.0
Cooperative Q-Learning,4529,5,32.14,6.496864628418845,1.0,0.0
Cooperative Q-Learning,4530,5,30.459999999999997,2.518283145319443,1.0,0.0
Cooperative Q-Learning,4531,5,32.12,5.838942541248371,1.0,0.0
Cooperative Q-Learning,4532,5,28.169999999999998,4.625824250876808,1.0,0.0
Cooperative Q-Learning,4533,5,27.109999999999996,2.749409027409343,1.0,0.0
Cooperative Q-Learning,4534,5,30.559999999999995,2.921771722773699,1.0,0.0
Cooperative Q-Learning,4535,5,29.429999999999996,4.270040983409876,1.0,0.0
Cooperative Q-Learning,4536,5,31.999999999999993,7.591030891782741,1.0,0.0
Cooperative Q-Learning,4537,5,34.99999999999999,10.16876344498189,1.0,0.0
Cooperative Q-Learning,4538,5,30.3,3.0681835016830385,1.0,0.0
Cooperative Q-Learning,4539,5,31.529999999999994,3.8109382046944793,1.0,0.0
Cooperative Q-Learning,4540,5,30.04,3.463632486277949,1.0,0.0
Cooperative Q-Learning,4541,5,32.209999999999994,3.014008958181777,1.0,0.0
Cooperative Q-Learning,4542,5,31.0,2.8928791886285152,1.0,0.0
Cooperative Q-Learning,4543,5,27.29,3.5031057648892068,1.0,0.0
Cooperative Q-Learning,4544,5,32.47,5.068234406575923,1.0,0.0
Cooperative Q-Learning,4545,5,28.209999999999997,3.4676000346060656,1.0,0.0
Cooperative Q-Learning,4546,5,30.3,6.007287241342799,1.0,0.0
Cooperative Q-Learning,4547,5,35.779999999999994,8.094334438358716,1.0,0.0
Cooperative Q-Learning,4548,5,27.189999999999998,3.1251799948162984,1.0,0.0
Cooperative Q-Learning,4549,5,31.279999999999994,2.8663129626752193,1.0,0.0
Cooperative Q-Learning,4550,5,29.859999999999996,4.441762037750332,1.0,0.0
Cooperative Q-Learning,4551,5,27.98,6.115717455867299,1.0,0.0
Cooperative Q-Learning,4552,5,31.85,2.3703902632267115,1.0,0.0
Cooperative Q-Learning,4553,5,30.589999999999996,4.5256767449741675,1.0,0.0
Cooperative Q-Learning,4554,5,28.169999999999998,1.5474172029546518,1.0,0.0
Cooperative Q-Learning,4555,5,30.359999999999996,2.0116535487006666,1.0,0.0
Cooperative Q-Learning,4556,5,29.310000000000002,4.102346889281792,1.0,0.0
Cooperative Q-Learning,4557,5,35.01,3.5803980225667633,1.0,0.0
Cooperative Q-Learning,4558,5,28.77,2.7601177511113524,1.0,0.0
Cooperative Q-Learning,4559,5,30.54,5.626988537397241,1.0,0.0
Cooperative Q-Learning,4560,5,27.860000000000003,2.269471304070619,1.0,0.0
Cooperative Q-Learning,4561,5,31.979999999999997,5.393468271900741,1.0,0.0
Cooperative Q-Learning,4562,5,32.529999999999994,6.445405340240436,1.0,0.0
Cooperative Q-Learning,4563,5,28.910000000000004,2.3458473948660834,1.0,0.0
Cooperative Q-Learning,4564,5,29.779999999999994,5.477750450686848,1.0,0.0
Cooperative Q-Learning,4565,5,33.04,1.8994736112934005,1.0,0.0
Cooperative Q-Learning,4566,5,30.4,6.147357155721472,1.0,0.0
Cooperative Q-Learning,4567,5,34.75,7.091367992143686,1.0,0.0
Cooperative Q-Learning,4568,5,31.139999999999993,5.092568114419278,1.0,0.0
Cooperative Q-Learning,4569,5,34.089999999999996,4.442324841791738,1.0,0.0
Cooperative Q-Learning,4570,5,28.1,3.645716664799941,1.0,0.0
Cooperative Q-Learning,4571,5,28.77,6.440943253903109,1.0,0.0
Cooperative Q-Learning,4572,5,30.85,2.621306925943619,1.0,0.0
Cooperative Q-Learning,4573,5,33.01,6.396327071061951,1.0,0.0
Cooperative Q-Learning,4574,5,26.27,3.2188118926088247,1.0,0.0
Cooperative Q-Learning,4575,5,32.3,6.589480252645116,1.0,0.0
Cooperative Q-Learning,4576,5,28.9,1.9309971517327504,1.0,0.0
Cooperative Q-Learning,4577,5,28.28,2.107605276136877,1.0,0.0
Cooperative Q-Learning,4578,5,30.27,2.233998657116875,1.0,0.0
Cooperative Q-Learning,4579,5,31.339999999999993,4.372556460470232,1.0,0.0
Cooperative Q-Learning,4580,5,30.579999999999995,5.255901445042514,1.0,0.0
Cooperative Q-Learning,4581,5,30.359999999999996,5.161806854193595,1.0,0.0
Cooperative Q-Learning,4582,5,27.439999999999998,4.204224066340899,1.0,0.0
Cooperative Q-Learning,4583,5,28.879999999999995,5.007070001507864,1.0,0.0
Cooperative Q-Learning,4584,5,30.939999999999998,5.971850634434854,1.0,0.0
Cooperative Q-Learning,4585,5,30.659999999999997,4.068384200146292,1.0,0.0
Cooperative Q-Learning,4586,5,27.6,6.62872536767062,1.0,0.0
Cooperative Q-Learning,4587,5,27.98,2.746270197922993,1.0,0.0
Cooperative Q-Learning,4588,5,32.17,2.7671284755139216,1.0,0.0
Cooperative Q-Learning,4589,5,28.52,2.500649915521962,1.0,0.0
Cooperative Q-Learning,4590,5,30.52,4.182044954325572,1.0,0.0
Cooperative Q-Learning,4591,5,28.77,3.0811118123171037,1.0,0.0
Cooperative Q-Learning,4592,5,28.119999999999997,4.15986778636052,1.0,0.0
Cooperative Q-Learning,4593,5,26.380000000000003,4.796691568154033,1.0,0.0
Cooperative Q-Learning,4594,5,33.44,4.867930771898876,1.0,0.0
Cooperative Q-Learning,4595,5,32.809999999999995,2.133190099358232,1.0,0.0
Cooperative Q-Learning,4596,5,32.54,6.217354742975501,1.0,0.0
Cooperative Q-Learning,4597,5,26.68,3.3525363532704606,1.0,0.0
Cooperative Q-Learning,4598,5,27.810000000000002,2.42806507326307,1.0,0.0
Cooperative Q-Learning,4599,5,26.830000000000002,4.329636243381191,1.0,0.0
Cooperative Q-Learning,4600,5,31.48999999999999,1.8722980531955833,1.0,0.0
Cooperative Q-Learning,4601,5,30.529999999999994,2.6548540449523754,1.0,0.0
Cooperative Q-Learning,4602,5,29.119999999999997,7.321509407219248,1.0,0.0
Cooperative Q-Learning,4603,5,33.029999999999994,2.2993477335975063,1.0,0.0
Cooperative Q-Learning,4604,5,33.519999999999996,5.650840645426126,1.0,0.0
Cooperative Q-Learning,4605,5,28.97,5.080920192248642,1.0,0.0
Cooperative Q-Learning,4606,5,29.03,1.9939282835648824,1.0,0.0
Cooperative Q-Learning,4607,5,28.609999999999996,4.48447321321022,1.0,0.0
Cooperative Q-Learning,4608,5,32.24999999999999,6.61957324908486,1.0,0.0
Cooperative Q-Learning,4609,5,28.68,4.407181639097711,1.0,0.0
Cooperative Q-Learning,4610,5,26.45,3.7578251688975604,1.0,0.0
Cooperative Q-Learning,4611,5,32.230000000000004,4.05549010601678,1.0,0.0
Cooperative Q-Learning,4612,5,27.999999999999993,6.655824516917491,1.0,0.0
Cooperative Q-Learning,4613,5,28.439999999999998,2.4391084436736294,1.0,0.0
Cooperative Q-Learning,4614,5,32.019999999999996,5.590907797486914,1.0,0.0
Cooperative Q-Learning,4615,5,26.32,2.0662768449556808,1.0,0.0
Cooperative Q-Learning,4616,5,33.629999999999995,4.079613952324407,1.0,0.0
Cooperative Q-Learning,4617,5,31.55,1.6541614189673255,1.0,0.0
Cooperative Q-Learning,4618,5,30.409999999999997,4.754392705698591,1.0,0.0
Cooperative Q-Learning,4619,5,32.15,6.778274116617001,1.0,0.0
Cooperative Q-Learning,4620,5,30.07,3.709885442975294,1.0,0.0
Cooperative Q-Learning,4621,5,33.6,8.515647362355956,1.0,0.0
Cooperative Q-Learning,4622,5,26.25,3.6169738732813626,1.0,0.0
Cooperative Q-Learning,4623,5,28.95,2.912043955712204,1.0,0.0
Cooperative Q-Learning,4624,5,30.9,1.9965595408101373,1.0,0.0
Cooperative Q-Learning,4625,5,29.589999999999996,4.777996442024625,1.0,0.0
Cooperative Q-Learning,4626,5,28.79,2.523737308041389,1.0,0.0
Cooperative Q-Learning,4627,5,29.369999999999997,4.677419160177969,1.0,0.0
Cooperative Q-Learning,4628,5,28.409999999999997,6.514445486762468,1.0,0.0
Cooperative Q-Learning,4629,5,31.879999999999995,3.2681416737956734,1.0,0.0
Cooperative Q-Learning,4630,5,28.97,2.960067566796406,1.0,0.0
Cooperative Q-Learning,4631,5,32.19,2.1282034677163706,1.0,0.0
Cooperative Q-Learning,4632,5,29.839999999999996,5.1559916601949585,1.0,0.0
Cooperative Q-Learning,4633,5,27.810000000000002,4.842184424410123,1.0,0.0
Cooperative Q-Learning,4634,5,28.410000000000004,3.2014449862523007,1.0,0.0
Cooperative Q-Learning,4635,5,30.110000000000003,3.652807139721451,1.0,0.0
Cooperative Q-Learning,4636,5,31.919999999999998,4.882699048681985,1.0,0.0
Cooperative Q-Learning,4637,5,30.169999999999998,5.481286345375505,1.0,0.0
Cooperative Q-Learning,4638,5,32.339999999999996,3.7027692339652996,1.0,0.0
Cooperative Q-Learning,4639,5,27.57,2.0593081362438213,1.0,0.0
Cooperative Q-Learning,4640,5,35.77999999999999,2.8263492353210675,1.0,0.0
Cooperative Q-Learning,4641,5,33.519999999999996,3.8732415364911077,1.0,0.0
Cooperative Q-Learning,4642,5,28.73,2.386577046734504,1.0,0.0
Cooperative Q-Learning,4643,5,30.35,7.829351825023572,1.0,0.0
Cooperative Q-Learning,4644,5,30.4,4.699867019395335,1.0,0.0
Cooperative Q-Learning,4645,5,32.019999999999996,4.574193918058128,1.0,0.0
Cooperative Q-Learning,4646,5,32.42999999999999,8.377096752455467,1.0,0.0
Cooperative Q-Learning,4647,5,28.97,4.838465665890372,1.0,0.0
Cooperative Q-Learning,4648,5,29.97,3.6970596424726496,1.0,0.0
Cooperative Q-Learning,4649,5,30.02,2.225589809466244,1.0,0.0
Cooperative Q-Learning,4650,5,26.35,3.4878360053190587,1.0,0.0
Cooperative Q-Learning,4651,5,35.209999999999994,9.230614822426507,1.0,0.0
Cooperative Q-Learning,4652,5,32.72,2.50014999550027,1.0,0.0
Cooperative Q-Learning,4653,5,29.509999999999998,7.069777224212936,1.0,0.0
Cooperative Q-Learning,4654,5,33.66,4.932342242788914,1.0,0.0
Cooperative Q-Learning,4655,5,28.619999999999997,4.980537119628764,1.0,0.0
Cooperative Q-Learning,4656,5,29.22,2.236235676309633,1.0,0.0
Cooperative Q-Learning,4657,5,30.629999999999995,7.84192259589445,1.0,0.0
Cooperative Q-Learning,4658,5,28.579999999999995,5.407009339736706,1.0,0.0
Cooperative Q-Learning,4659,5,30.03,3.031212628635608,1.0,0.0
Cooperative Q-Learning,4660,5,32.989999999999995,5.016647286784263,1.0,0.0
Cooperative Q-Learning,4661,5,31.330000000000002,3.7347355997446456,1.0,0.0
Cooperative Q-Learning,4662,5,35.86,5.080526547514537,1.0,0.0
Cooperative Q-Learning,4663,5,30.479999999999997,3.5643372455479008,1.0,0.0
Cooperative Q-Learning,4664,5,27.089999999999996,3.687207615526956,1.0,0.0
Cooperative Q-Learning,4665,5,31.119999999999997,2.1297300298394584,1.0,0.0
Cooperative Q-Learning,4666,5,29.43,1.525860413012933,1.0,0.0
Cooperative Q-Learning,4667,5,31.27,3.3042775307168117,1.0,0.0
Cooperative Q-Learning,4668,5,30.910000000000004,4.15307115277357,1.0,0.0
Cooperative Q-Learning,4669,5,31.229999999999997,3.96793397122482,1.0,0.0
Cooperative Q-Learning,4670,5,31.4,4.0235245743004935,1.0,0.0
Cooperative Q-Learning,4671,5,28.409999999999997,5.277712572696618,1.0,0.0
Cooperative Q-Learning,4672,5,33.269999999999996,3.2310215102967037,1.0,0.0
Cooperative Q-Learning,4673,5,33.86,6.257735213317986,1.0,0.0
Cooperative Q-Learning,4674,5,32.209999999999994,4.211502107324651,1.0,0.0
Cooperative Q-Learning,4675,5,29.919999999999998,5.159166599364666,1.0,0.0
Cooperative Q-Learning,4676,5,32.949999999999996,3.79341534767813,1.0,0.0
Cooperative Q-Learning,4677,5,29.82,2.2418184583056644,1.0,0.0
Cooperative Q-Learning,4678,5,28.03,2.5974987969198344,1.0,0.0
Cooperative Q-Learning,4679,5,32.55,5.1854363365101666,1.0,0.0
Cooperative Q-Learning,4680,5,30.8,1.362442659343869,1.0,0.0
Cooperative Q-Learning,4681,5,27.73,4.815677522426102,1.0,0.0
Cooperative Q-Learning,4682,5,29.48,1.4652644812456208,1.0,0.0
Cooperative Q-Learning,4683,5,30.679999999999996,5.618674220846052,1.0,0.0
Cooperative Q-Learning,4684,5,29.03,4.032152030863913,1.0,0.0
Cooperative Q-Learning,4685,5,30.179999999999996,3.464931456753505,1.0,0.0
Cooperative Q-Learning,4686,5,29.2,5.4862327693965,1.0,0.0
Cooperative Q-Learning,4687,5,32.779999999999994,7.964970181990633,1.0,0.0
Cooperative Q-Learning,4688,5,33.58,4.754550451935492,1.0,0.0
Cooperative Q-Learning,4689,5,29.669999999999998,3.8978519725612966,1.0,0.0
Cooperative Q-Learning,4690,5,32.48,7.0096005592330215,1.0,0.0
Cooperative Q-Learning,4691,5,29.409999999999997,3.5913785653979704,1.0,0.0
Cooperative Q-Learning,4692,5,28.9,4.064018946806224,1.0,0.0
Cooperative Q-Learning,4693,5,29.49,3.982681257645404,1.0,0.0
Cooperative Q-Learning,4694,5,31.35,2.8648734701553553,1.0,0.0
Cooperative Q-Learning,4695,5,31.15,6.435740050685699,1.0,0.0
Cooperative Q-Learning,4696,5,30.169999999999998,3.410021994063965,1.0,0.0
Cooperative Q-Learning,4697,5,31.1,2.306512518934155,1.0,0.0
Cooperative Q-Learning,4698,5,29.779999999999994,5.253165712215823,1.0,0.0
Cooperative Q-Learning,4699,5,32.31999999999999,4.53439632145228,1.0,0.0
Cooperative Q-Learning,4700,5,29.709999999999997,3.580398022566762,1.0,0.0
Cooperative Q-Learning,4701,5,35.17999999999999,3.5973253953458233,1.0,0.0
Cooperative Q-Learning,4702,5,30.309999999999995,2.7297893691638513,1.0,0.0
Cooperative Q-Learning,4703,5,30.359999999999996,2.2625759655755173,1.0,0.0
Cooperative Q-Learning,4704,5,28.159999999999997,2.798526397945888,1.0,0.0
Cooperative Q-Learning,4705,5,30.95,5.969401142493273,1.0,0.0
Cooperative Q-Learning,4706,5,31.599999999999994,6.0587746285862085,1.0,0.0
Cooperative Q-Learning,4707,5,30.379999999999995,6.257655311696221,1.0,0.0
Cooperative Q-Learning,4708,5,32.96999999999999,2.5101294787321193,1.0,0.0
Cooperative Q-Learning,4709,5,28.429999999999996,4.517134047158662,1.0,0.0
Cooperative Q-Learning,4710,5,32.83,2.702683851285607,1.0,0.0
Cooperative Q-Learning,4711,5,27.490000000000002,2.127616036788594,1.0,0.0
Cooperative Q-Learning,4712,5,31.32,6.611599655151538,1.0,0.0
Cooperative Q-Learning,4713,5,31.47,3.308813986914341,1.0,0.0
Cooperative Q-Learning,4714,5,31.25,2.3393375130579144,1.0,0.0
Cooperative Q-Learning,4715,5,31.149999999999995,2.560517525813868,1.0,0.0
Cooperative Q-Learning,4716,5,30.72,5.438014343489726,1.0,0.0
Cooperative Q-Learning,4717,5,26.0,2.8982753492378888,1.0,0.0
Cooperative Q-Learning,4718,5,30.369999999999997,4.926662156064689,1.0,0.0
Cooperative Q-Learning,4719,5,32.35,4.895661344496776,1.0,0.0
Cooperative Q-Learning,4720,5,27.869999999999997,4.425014124271242,1.0,0.0
Cooperative Q-Learning,4721,5,30.209999999999997,5.456807674822337,1.0,0.0
Cooperative Q-Learning,4722,5,29.28,1.9690099034794082,1.0,0.0
Cooperative Q-Learning,4723,5,28.589999999999996,3.2263369321879543,1.0,0.0
Cooperative Q-Learning,4724,5,29.02,4.905303252603248,1.0,0.0
Cooperative Q-Learning,4725,5,32.169999999999995,6.7374512985252775,1.0,0.0
Cooperative Q-Learning,4726,5,27.46,3.544255916267898,1.0,0.0
Cooperative Q-Learning,4727,5,30.839999999999996,3.8572010577619604,1.0,0.0
Cooperative Q-Learning,4728,5,31.119999999999994,9.32366612443838,1.0,0.0
Cooperative Q-Learning,4729,5,30.310000000000002,6.112630366707935,1.0,0.0
Cooperative Q-Learning,4730,5,31.68,2.294177412494508,1.0,0.0
Cooperative Q-Learning,4731,5,29.79,3.8279237191981754,1.0,0.0
Cooperative Q-Learning,4732,5,29.54,5.714389731196145,1.0,0.0
Cooperative Q-Learning,4733,5,30.509999999999998,5.373825453064135,1.0,0.0
Cooperative Q-Learning,4734,5,29.169999999999998,2.9865531972492976,1.0,0.0
Cooperative Q-Learning,4735,5,30.85,4.646235034950341,1.0,0.0
Cooperative Q-Learning,4736,5,27.630000000000003,2.3839567949105125,1.0,0.0
Cooperative Q-Learning,4737,5,30.02,4.684495703915203,1.0,0.0
Cooperative Q-Learning,4738,5,27.9,3.623189202898464,1.0,0.0
Cooperative Q-Learning,4739,5,29.2,6.629196783924881,1.0,0.0
Cooperative Q-Learning,4740,5,32.879999999999995,6.44045805824399,1.0,0.0
Cooperative Q-Learning,4741,5,31.259999999999998,8.600537773883676,1.0,0.0
Cooperative Q-Learning,4742,5,30.869999999999994,7.316300294547773,1.0,0.0
Cooperative Q-Learning,4743,5,30.659999999999997,4.599510843557169,1.0,0.0
Cooperative Q-Learning,4744,5,30.45,2.5468117323430093,1.0,0.0
Cooperative Q-Learning,4745,5,31.8,4.28441944725303,1.0,0.0
Cooperative Q-Learning,4746,5,27.97,5.038427334000161,1.0,0.0
Cooperative Q-Learning,4747,5,31.629999999999995,4.833037347258963,1.0,0.0
Cooperative Q-Learning,4748,5,30.999999999999993,8.432600429286326,1.0,0.0
Cooperative Q-Learning,4749,5,28.23,1.1824762154056219,1.0,0.0
Cooperative Q-Learning,4750,5,30.639999999999997,7.75237060517619,1.0,0.0
Cooperative Q-Learning,4751,5,31.49,2.497849074704073,1.0,0.0
Cooperative Q-Learning,4752,5,28.55,3.2451887464367912,1.0,0.0
Cooperative Q-Learning,4753,5,30.529999999999994,2.9794294755875637,1.0,0.0
Cooperative Q-Learning,4754,5,27.48,2.274477962082728,1.0,0.0
Cooperative Q-Learning,4755,5,32.269999999999996,8.96971292740185,1.0,0.0
Cooperative Q-Learning,4756,5,27.839999999999996,2.9971653274385783,1.0,0.0
Cooperative Q-Learning,4757,5,32.589999999999996,5.132786767439299,1.0,0.0
Cooperative Q-Learning,4758,5,31.079999999999995,6.308981692793214,1.0,0.0
Cooperative Q-Learning,4759,5,29.089999999999996,7.791293217431875,1.0,0.0
Cooperative Q-Learning,4760,5,33.11999999999999,6.710588647801318,1.0,0.0
Cooperative Q-Learning,4761,5,30.27,5.209918425465027,1.0,0.0
Cooperative Q-Learning,4762,5,30.329999999999995,5.580165768147034,1.0,0.0
Cooperative Q-Learning,4763,5,35.08999999999999,3.0828963654329935,1.0,0.0
Cooperative Q-Learning,4764,5,28.68,3.4502898428972606,1.0,0.0
Cooperative Q-Learning,4765,5,29.6,2.825110617303326,1.0,0.0
Cooperative Q-Learning,4766,5,29.809999999999995,5.508788433040427,1.0,0.0
Cooperative Q-Learning,4767,5,34.66,6.1722564755525156,1.0,0.0
Cooperative Q-Learning,4768,5,30.29,7.462020503858183,1.0,0.0
Cooperative Q-Learning,4769,5,31.509999999999998,6.004206858528439,1.0,0.0
Cooperative Q-Learning,4770,5,29.329999999999995,6.338237136617717,1.0,0.0
Cooperative Q-Learning,4771,5,31.889999999999997,8.362296335337556,1.0,0.0
Cooperative Q-Learning,4772,5,28.27,2.5336732228130754,1.0,0.0
Cooperative Q-Learning,4773,5,31.409999999999997,8.544691334390025,1.0,0.0
Cooperative Q-Learning,4774,5,29.689999999999998,5.159384653231428,1.0,0.0
Cooperative Q-Learning,4775,5,28.029999999999994,3.482563710831431,1.0,0.0
Cooperative Q-Learning,4776,5,29.01,2.79383249318924,1.0,0.0
Cooperative Q-Learning,4777,5,30.599999999999994,5.221230697833602,1.0,0.0
Cooperative Q-Learning,4778,5,31.449999999999996,4.700265949922406,1.0,0.0
Cooperative Q-Learning,4779,5,33.769999999999996,5.8427947080143,1.0,0.0
Cooperative Q-Learning,4780,5,30.659999999999997,6.17326898814558,1.0,0.0
Cooperative Q-Learning,4781,5,30.51,3.7336978988664815,1.0,0.0
Cooperative Q-Learning,4782,5,28.419999999999995,3.6984118213092447,1.0,0.0
Cooperative Q-Learning,4783,5,31.849999999999994,4.537482782336478,1.0,0.0
Cooperative Q-Learning,4784,5,34.50999999999999,4.264152905325972,1.0,0.0
Cooperative Q-Learning,4785,5,34.89999999999999,5.882388970477892,1.0,0.0
Cooperative Q-Learning,4786,5,29.630000000000003,3.868236032095248,1.0,0.0
Cooperative Q-Learning,4787,5,32.2,7.353145585394048,1.0,0.0
Cooperative Q-Learning,4788,5,28.0,3.4349308581105364,1.0,0.0
Cooperative Q-Learning,4789,5,31.689999999999998,3.1399442670213062,1.0,0.0
Cooperative Q-Learning,4790,5,28.93,4.670867157177562,1.0,0.0
Cooperative Q-Learning,4791,5,30.4,7.042460507521494,1.0,0.0
Cooperative Q-Learning,4792,5,31.689999999999998,3.409068787807008,1.0,0.0
Cooperative Q-Learning,4793,5,27.21,1.7490711820849376,1.0,0.0
Cooperative Q-Learning,4794,5,29.189999999999998,4.265325309985157,1.0,0.0
Cooperative Q-Learning,4795,5,31.379999999999995,5.319139968077543,1.0,0.0
Cooperative Q-Learning,4796,5,28.859999999999996,5.020258957464246,1.0,0.0
Cooperative Q-Learning,4797,5,32.019999999999996,4.438552692038247,1.0,0.0
Cooperative Q-Learning,4798,5,28.079999999999995,5.097376776342906,1.0,0.0
Cooperative Q-Learning,4799,5,32.959999999999994,4.278200556308689,1.0,0.0
Cooperative Q-Learning,4800,5,31.499999999999993,4.443675280665767,1.0,0.0
Cooperative Q-Learning,4801,5,30.299999999999994,4.505552130427517,1.0,0.0
Cooperative Q-Learning,4802,5,30.909999999999997,4.8541734620839385,1.0,0.0
Cooperative Q-Learning,4803,5,30.27,6.955806926590183,1.0,0.0
Cooperative Q-Learning,4804,5,29.910000000000004,2.4008852534013365,1.0,0.0
Cooperative Q-Learning,4805,5,25.57,2.762833690253543,1.0,0.0
Cooperative Q-Learning,4806,5,29.479999999999997,5.795321388844624,1.0,0.0
Cooperative Q-Learning,4807,5,31.529999999999994,6.826199528288044,1.0,0.0
Cooperative Q-Learning,4808,5,29.77,2.5784200588732618,1.0,0.0
Cooperative Q-Learning,4809,5,29.72,4.023151749561529,1.0,0.0
Cooperative Q-Learning,4810,5,27.73,3.8714661305505427,1.0,0.0
Cooperative Q-Learning,4811,5,28.839999999999996,6.852681956723219,1.0,0.0
Cooperative Q-Learning,4812,5,29.02,3.0819231009225363,1.0,0.0
Cooperative Q-Learning,4813,5,29.47,5.563676841801649,1.0,0.0
Cooperative Q-Learning,4814,5,30.02,2.689470208052134,1.0,0.0
Cooperative Q-Learning,4815,5,29.089999999999996,4.071762517632874,1.0,0.0
Cooperative Q-Learning,4816,5,33.44,3.674472751293708,1.0,0.0
Cooperative Q-Learning,4817,5,28.140000000000004,1.5388307249337072,1.0,0.0
Cooperative Q-Learning,4818,5,29.209999999999997,6.3574169282814825,1.0,0.0
Cooperative Q-Learning,4819,5,30.059999999999995,2.6644417801858586,1.0,0.0
Cooperative Q-Learning,4820,5,30.259999999999998,4.2814133180528104,1.0,0.0
Cooperative Q-Learning,4821,5,28.389999999999997,2.554016444739539,1.0,0.0
Cooperative Q-Learning,4822,5,30.53,4.868983466802899,1.0,0.0
Cooperative Q-Learning,4823,5,31.0,2.7057808484797863,1.0,0.0
Cooperative Q-Learning,4824,5,29.79,6.986361714082659,1.0,0.0
Cooperative Q-Learning,4825,5,30.85,4.894512233103516,1.0,0.0
Cooperative Q-Learning,4826,5,32.0,3.6617960074258624,1.0,0.0
Cooperative Q-Learning,4827,5,29.0,2.841214529035074,1.0,0.0
Cooperative Q-Learning,4828,5,31.429999999999996,4.6418746213141056,1.0,0.0
Cooperative Q-Learning,4829,5,30.97,3.531925820285583,1.0,0.0
Cooperative Q-Learning,4830,5,29.4,3.4287388351987382,1.0,0.0
Cooperative Q-Learning,4831,5,31.330000000000002,2.1064187617850347,1.0,0.0
Cooperative Q-Learning,4832,5,31.429999999999996,5.835516258224283,1.0,0.0
Cooperative Q-Learning,4833,5,34.279999999999994,5.216392431556501,1.0,0.0
Cooperative Q-Learning,4834,5,31.1,5.5329693655396275,1.0,0.0
Cooperative Q-Learning,4835,5,29.32,4.728318940173132,1.0,0.0
Cooperative Q-Learning,4836,5,33.04,5.639525689275647,1.0,0.0
Cooperative Q-Learning,4837,5,32.17999999999999,5.507789937897046,1.0,0.0
Cooperative Q-Learning,4838,5,28.429999999999996,3.2917700405708707,1.0,0.0
Cooperative Q-Learning,4839,5,30.97,4.226789561830583,1.0,0.0
Cooperative Q-Learning,4840,5,32.98,6.159301908495789,1.0,0.0
Cooperative Q-Learning,4841,5,28.54,6.084344664793406,1.0,0.0
Cooperative Q-Learning,4842,5,27.809999999999995,3.57900125733423,1.0,0.0
Cooperative Q-Learning,4843,5,30.990000000000002,5.634203581696348,1.0,0.0
Cooperative Q-Learning,4844,5,30.369999999999997,4.333532046725856,1.0,0.0
Cooperative Q-Learning,4845,5,31.889999999999997,5.646171269099085,1.0,0.0
Cooperative Q-Learning,4846,5,32.3,6.47022024354658,1.0,0.0
Cooperative Q-Learning,4847,5,28.439999999999998,3.610297771652638,1.0,0.0
Cooperative Q-Learning,4848,5,27.57,4.119557015019936,1.0,0.0
Cooperative Q-Learning,4849,5,32.69,3.5114811689655956,1.0,0.0
Cooperative Q-Learning,4850,5,30.139999999999997,2.9783384629689067,1.0,0.0
Cooperative Q-Learning,4851,5,31.189999999999998,3.921638688099656,1.0,0.0
Cooperative Q-Learning,4852,5,29.129999999999995,3.46655448536439,1.0,0.0
Cooperative Q-Learning,4853,5,29.429999999999996,2.3573289969794153,1.0,0.0
Cooperative Q-Learning,4854,5,25.57,3.1266195803135384,1.0,0.0
Cooperative Q-Learning,4855,5,29.23,4.306332546378641,1.0,0.0
Cooperative Q-Learning,4856,5,32.849999999999994,5.501477074386469,1.0,0.0
Cooperative Q-Learning,4857,5,29.02,6.62010196296099,1.0,0.0
Cooperative Q-Learning,4858,5,31.919999999999995,3.5264358777666653,1.0,0.0
Cooperative Q-Learning,4859,5,32.22,3.29423739278152,1.0,0.0
Cooperative Q-Learning,4860,5,34.54,7.659259102550318,1.0,0.0
Cooperative Q-Learning,4861,5,29.74,6.561287983315469,1.0,0.0
Cooperative Q-Learning,4862,5,27.15,2.090753452705507,1.0,0.0
Cooperative Q-Learning,4863,5,30.179999999999996,4.089865523461619,1.0,0.0
Cooperative Q-Learning,4864,5,30.380000000000003,5.821898315841664,1.0,0.0
Cooperative Q-Learning,4865,5,31.52,6.09350063592349,1.0,0.0
Cooperative Q-Learning,4866,5,34.089999999999996,6.071284872249034,1.0,0.0
Cooperative Q-Learning,4867,5,29.089999999999996,4.715188225299175,1.0,0.0
Cooperative Q-Learning,4868,5,30.889999999999997,4.836243376837019,1.0,0.0
Cooperative Q-Learning,4869,5,27.759999999999998,5.261463674682168,1.0,0.0
Cooperative Q-Learning,4870,5,31.54,4.456091336586359,1.0,0.0
Cooperative Q-Learning,4871,5,32.03,2.7925346909214914,1.0,0.0
Cooperative Q-Learning,4872,5,28.369999999999997,4.273552386481295,1.0,0.0
Cooperative Q-Learning,4873,5,30.049999999999994,2.581666128685102,1.0,0.0
Cooperative Q-Learning,4874,5,32.36,4.928285706003655,1.0,0.0
Cooperative Q-Learning,4875,5,31.0,2.4461704764795082,1.0,0.0
Cooperative Q-Learning,4876,5,30.25,6.042867696714859,1.0,0.0
Cooperative Q-Learning,4877,5,30.3,3.525620512760835,1.0,0.0
Cooperative Q-Learning,4878,5,31.339999999999996,5.307117861890763,1.0,0.0
Cooperative Q-Learning,4879,5,29.709999999999997,6.651635137317741,1.0,0.0
Cooperative Q-Learning,4880,5,27.95,3.5204758201129573,1.0,0.0
Cooperative Q-Learning,4881,5,28.509999999999998,4.215655346443774,1.0,0.0
Cooperative Q-Learning,4882,5,30.709999999999997,2.6578656850939604,1.0,0.0
Cooperative Q-Learning,4883,5,30.629999999999995,2.9545727271468514,1.0,0.0
Cooperative Q-Learning,4884,5,28.73,2.9401530572403876,1.0,0.0
Cooperative Q-Learning,4885,5,32.22,5.058482974173185,1.0,0.0
Cooperative Q-Learning,4886,5,32.91,4.766733682512583,1.0,0.0
Cooperative Q-Learning,4887,5,32.089999999999996,6.530352211022002,1.0,0.0
Cooperative Q-Learning,4888,5,28.080000000000002,5.1617099879787895,1.0,0.0
Cooperative Q-Learning,4889,5,26.080000000000002,3.4138687731077173,1.0,0.0
Cooperative Q-Learning,4890,5,29.439999999999998,3.672431074914814,1.0,0.0
Cooperative Q-Learning,4891,5,27.73,3.4847166312341664,1.0,0.0
Cooperative Q-Learning,4892,5,29.26,4.992419253227836,1.0,0.0
Cooperative Q-Learning,4893,5,33.86999999999999,4.3208216811157545,1.0,0.0
Cooperative Q-Learning,4894,5,28.360000000000003,3.595900443560691,1.0,0.0
Cooperative Q-Learning,4895,5,28.71,5.235742545236538,1.0,0.0
Cooperative Q-Learning,4896,5,28.5,4.760908526741508,1.0,0.0
Cooperative Q-Learning,4897,5,30.43,2.761702373537014,1.0,0.0
Cooperative Q-Learning,4898,5,29.22,3.1621986022386377,1.0,0.0
Cooperative Q-Learning,4899,5,28.05,5.117005960520269,1.0,0.0
Cooperative Q-Learning,4900,5,30.05,5.30318300645942,1.0,0.0
Cooperative Q-Learning,4901,5,28.979999999999997,4.5610579912998235,1.0,0.0
Cooperative Q-Learning,4902,5,29.709999999999997,5.356584732831169,1.0,0.0
Cooperative Q-Learning,4903,5,32.89,4.276154814783954,1.0,0.0
Cooperative Q-Learning,4904,5,30.02,5.476837591165177,1.0,0.0
Cooperative Q-Learning,4905,5,29.02,3.422097310130146,1.0,0.0
Cooperative Q-Learning,4906,5,29.179999999999996,4.619199064773026,1.0,0.0
Cooperative Q-Learning,4907,5,28.160000000000004,4.5374001366421295,1.0,0.0
Cooperative Q-Learning,4908,5,29.78,2.8981890897593243,1.0,0.0
Cooperative Q-Learning,4909,5,33.98,5.665642064232432,1.0,0.0
Cooperative Q-Learning,4910,5,31.97,3.973757667498104,1.0,0.0
Cooperative Q-Learning,4911,5,31.959999999999997,4.782833887978964,1.0,0.0
Cooperative Q-Learning,4912,5,26.2,1.9406828695075375,1.0,0.0
Cooperative Q-Learning,4913,5,33.81999999999999,6.385980739087766,1.0,0.0
Cooperative Q-Learning,4914,5,29.47,5.800711163297132,1.0,0.0
Cooperative Q-Learning,4915,5,29.26,4.399772721402778,1.0,0.0
Cooperative Q-Learning,4916,5,30.95,1.1056672193747976,1.0,0.0
Cooperative Q-Learning,4917,5,27.630000000000003,2.366062129361778,1.0,0.0
Cooperative Q-Learning,4918,5,31.4,4.1285590706686,1.0,0.0
Cooperative Q-Learning,4919,5,29.089999999999996,2.943722133626066,1.0,0.0
Cooperative Q-Learning,4920,5,30.419999999999998,7.628122311552165,1.0,0.0
Cooperative Q-Learning,4921,5,34.48,3.192686956154641,1.0,0.0
Cooperative Q-Learning,4922,5,28.380000000000003,2.793877234239184,1.0,0.0
Cooperative Q-Learning,4923,5,32.5,4.343961325794694,1.0,0.0
Cooperative Q-Learning,4924,5,32.07,3.6670151349564937,1.0,0.0
Cooperative Q-Learning,4925,5,28.360000000000003,5.543847941637648,1.0,0.0
Cooperative Q-Learning,4926,5,30.859999999999996,4.254174420495707,1.0,0.0
Cooperative Q-Learning,4927,5,28.3,3.8598898948027,1.0,0.0
Cooperative Q-Learning,4928,5,30.929999999999996,5.2864922207452425,1.0,0.0
Cooperative Q-Learning,4929,5,33.2,5.608810034222944,1.0,0.0
Cooperative Q-Learning,4930,5,29.419999999999998,5.48094426171257,1.0,0.0
Cooperative Q-Learning,4931,5,34.239999999999995,3.797268755302944,1.0,0.0
Cooperative Q-Learning,4932,5,29.639999999999997,4.295550022988906,1.0,0.0
Cooperative Q-Learning,4933,5,27.919999999999998,5.195502863053777,1.0,0.0
Cooperative Q-Learning,4934,5,33.10999999999999,5.800366367739187,1.0,0.0
Cooperative Q-Learning,4935,5,29.21,3.923232085920993,1.0,0.0
Cooperative Q-Learning,4936,5,30.04,1.2002083152519807,1.0,0.0
Cooperative Q-Learning,4937,5,34.519999999999996,5.992557884576496,1.0,0.0
Cooperative Q-Learning,4938,5,32.88999999999999,6.141701718579295,1.0,0.0
Cooperative Q-Learning,4939,5,29.03,4.971745166438039,1.0,0.0
Cooperative Q-Learning,4940,5,35.26,5.022623816293628,1.0,0.0
Cooperative Q-Learning,4941,5,29.419999999999998,2.3445681905203775,1.0,0.0
Cooperative Q-Learning,4942,5,29.669999999999998,1.037183686720919,1.0,0.0
Cooperative Q-Learning,4943,5,28.659999999999997,4.526229114837201,1.0,0.0
Cooperative Q-Learning,4944,5,31.059999999999995,5.567023441660722,1.0,0.0
Cooperative Q-Learning,4945,5,27.279999999999994,3.691307356479544,1.0,0.0
Cooperative Q-Learning,4946,5,27.24,4.852756948374807,1.0,0.0
Cooperative Q-Learning,4947,5,30.1,5.413409276971395,1.0,0.0
Cooperative Q-Learning,4948,5,30.059999999999995,2.6623298067669965,1.0,0.0
Cooperative Q-Learning,4949,5,33.49999999999999,4.768385470995393,1.0,0.0
Cooperative Q-Learning,4950,5,26.57,4.400937400145565,1.0,0.0
Cooperative Q-Learning,4951,5,28.76,2.9424479604574123,1.0,0.0
Cooperative Q-Learning,4952,5,29.169999999999998,3.4197222109405305,1.0,0.0
Cooperative Q-Learning,4953,5,28.839999999999996,6.5710919944861494,1.0,0.0
Cooperative Q-Learning,4954,5,31.369999999999997,8.698606210192523,1.0,0.0
Cooperative Q-Learning,4955,5,29.53,1.439878467093663,1.0,0.0
Cooperative Q-Learning,4956,5,30.859999999999996,4.054534498558371,1.0,0.0
Cooperative Q-Learning,4957,5,31.48,3.1391877930445626,1.0,0.0
Cooperative Q-Learning,4958,5,31.159999999999997,3.80023025618185,1.0,0.0
Cooperative Q-Learning,4959,5,28.97,1.9214577799160697,1.0,0.0
Cooperative Q-Learning,4960,5,31.27,5.4991590266148815,1.0,0.0
Cooperative Q-Learning,4961,5,32.14999999999999,6.055059867581819,1.0,0.0
Cooperative Q-Learning,4962,5,29.439999999999998,3.991616214016572,1.0,0.0
Cooperative Q-Learning,4963,5,25.04,2.2063544592834585,1.0,0.0
Cooperative Q-Learning,4964,5,29.48,4.995072572045372,1.0,0.0
Cooperative Q-Learning,4965,5,28.439999999999998,2.8023204670415534,1.0,0.0
Cooperative Q-Learning,4966,5,30.149999999999995,4.151054083001085,1.0,0.0
Cooperative Q-Learning,4967,5,31.02,3.1403821423514646,1.0,0.0
Cooperative Q-Learning,4968,5,28.709999999999997,3.0978621660751755,1.0,0.0
Cooperative Q-Learning,4969,5,28.5,5.886531236645226,1.0,0.0
Cooperative Q-Learning,4970,5,27.82,3.6615570458481157,1.0,0.0
Cooperative Q-Learning,4971,5,30.189999999999998,4.136635105976831,1.0,0.0
Cooperative Q-Learning,4972,5,30.939999999999998,5.452568202232777,1.0,0.0
Cooperative Q-Learning,4973,5,33.92999999999999,5.001324824484007,1.0,0.0
Cooperative Q-Learning,4974,5,30.179999999999996,2.2523876220579733,1.0,0.0
Cooperative Q-Learning,4975,5,31.429999999999996,7.643592087493934,1.0,0.0
Cooperative Q-Learning,4976,5,34.39999999999999,3.1711590940853123,1.0,0.0
Cooperative Q-Learning,4977,5,32.849999999999994,3.8611850512504544,1.0,0.0
Cooperative Q-Learning,4978,5,31.339999999999996,4.219952606368938,1.0,0.0
Cooperative Q-Learning,4979,5,31.419999999999998,5.4453650015403,1.0,0.0
Cooperative Q-Learning,4980,5,33.29,3.8484412428930193,1.0,0.0
Cooperative Q-Learning,4981,5,27.85,5.23294849965103,1.0,0.0
Cooperative Q-Learning,4982,5,31.829999999999995,3.73991978523604,1.0,0.0
Cooperative Q-Learning,4983,5,32.3,3.4210743926433396,1.0,0.0
Cooperative Q-Learning,4984,5,29.439999999999998,6.114163883966471,1.0,0.0
Cooperative Q-Learning,4985,5,33.39,3.356970360310021,1.0,0.0
Cooperative Q-Learning,4986,5,27.909999999999997,3.869819117219816,1.0,0.0
Cooperative Q-Learning,4987,5,31.829999999999995,7.075892169896313,1.0,0.0
Cooperative Q-Learning,4988,5,29.229999999999997,3.7604188596484796,1.0,0.0
Cooperative Q-Learning,4989,5,27.27,3.32501879693935,1.0,0.0
Cooperative Q-Learning,4990,5,33.239999999999995,7.636785973169599,1.0,0.0
Cooperative Q-Learning,4991,5,31.979999999999997,4.908487547096354,1.0,0.0
Cooperative Q-Learning,4992,5,32.19,5.574203979044895,1.0,0.0
Cooperative Q-Learning,4993,5,27.729999999999997,5.025509924375829,1.0,0.0
Cooperative Q-Learning,4994,5,30.589999999999996,3.831187805367935,1.0,0.0
Cooperative Q-Learning,4995,5,32.64999999999999,3.383969562510862,1.0,0.0
Cooperative Q-Learning,4996,5,28.78,3.4182597911803017,1.0,0.0
Cooperative Q-Learning,4997,5,29.499999999999993,6.48517540240817,1.0,0.0
Cooperative Q-Learning,4998,5,32.16,4.857648608123063,1.0,0.0
Cooperative Q-Learning,4999,5,28.839999999999996,3.8607641730621163,1.0,0.0
